Tropics,609,0.0,0.0,0.0
Tropics,33,-45.0,57.599999999999966,0.0
Tropics,526,-5.0,-53.23943661971839,0.0
Tropics,670,5.0,-53.23943661971839,0.0
Tropics,1200,45.0,57.599999999999966,0.0
Tropics,419,-15.000000000000002,127.82608695652169,0.0
Tropics,847,15.000000000000002,127.82608695652169,0.0
Tropics,17,-45.0,-57.60000000000005,0.0
Tropics,471,-10.0,30.857142857142787,0.0
Tropics,758,10.0,30.857142857142787,0.0
Tropics,1184,45.0,-57.60000000000005,0.0
Tropics,525,-5.0,-58.309859154929654,0.0
Tropics,669,5.0,-58.309859154929654,0.0
Tropics,370,-15.000000000000002,-127.82608695652185,0.0
Tropics,798,15.000000000000002,-127.82608695652185,0.0
Tropics,24,-45.0,-7.200000000000045,0.0
Tropics,1191,45.0,-7.200000000000045,0.0
Tropics,272,-25.0,63.69230769230773,0.0
Tropics,477,-10.0,61.71428571428566,0.0
Tropics,764,10.0,61.71428571428566,0.0
Tropics,969,25.0,63.69230769230773,0.0
Tropics,422,-15.000000000000002,143.47826086956516,0.0
Tropics,850,15.000000000000002,143.47826086956516,0.0
Tropics,249,-25.0,-63.692307692307665,0.0
Tropics,946,25.0,-63.692307692307665,0.0
Tropics,29,-45.0,28.799999999999958,0.0
Tropics,81,-40.0,16.3636363636363,0.0
Tropics,1141,40.0,16.3636363636363,0.0
Tropics,1196,45.0,28.799999999999958,0.0
Tropics,393,-15.000000000000002,-7.8260869565218085,0.0
Tropics,821,15.000000000000002,-7.8260869565218085,0.0
Tropics,404,-15.000000000000002,49.56521739130429,0.0
Tropics,832,15.000000000000002,49.56521739130429,0.0
Tropics,23,-45.0,-14.400000000000045,0.0
Tropics,536,-5.0,-2.5352112676057246,0.0
Tropics,680,5.0,-2.5352112676057246,0.0
Tropics,1190,45.0,-14.400000000000045,0.0
Tropics,548,-5.0,58.30985915492948,0.0
Tropics,692,5.0,58.30985915492948,0.0
Tropics,76,-40.0,-16.36363636363643,0.0
Tropics,1136,40.0,-16.36363636363643,0.0
Tropics,468,-10.0,15.428571428571354,0.0
Tropics,755,10.0,15.428571428571354,0.0
Tropics,21,-45.0,-28.800000000000047,0.0
Tropics,406,-15.000000000000002,59.99999999999994,0.0
Tropics,834,15.000000000000002,59.99999999999994,0.0
Tropics,1188,45.0,-28.800000000000047,0.0
Tropics,383,-15.000000000000002,-60.000000000000085,0.0
Tropics,811,15.000000000000002,-60.000000000000085,0.0
Tropics,392,-15.000000000000002,-13.043478260869636,0.0
Tropics,820,15.000000000000002,-13.043478260869636,0.0
Tropics,385,-15.000000000000002,-49.56521739130443,0.0
Tropics,813,15.000000000000002,-49.56521739130443,0.0
Tropics,27,-45.0,14.399999999999956,0.0
Tropics,1194,45.0,14.399999999999956,0.0
Tropics,396,-15.000000000000002,7.826086956521669,0.0
Tropics,824,15.000000000000002,7.826086956521669,0.0
Tropics,36,-45.0,79.19999999999997,0.0
Tropics,1203,45.0,79.19999999999997,0.0
Tropics,14,-45.0,-79.20000000000006,0.0
Tropics,454,-10.0,-56.571428571428655,0.0
Tropics,741,10.0,-56.571428571428655,0.0
Tropics,1181,45.0,-79.20000000000006,0.0
Tropics,495,-10.0,154.28571428571416,0.0
Tropics,782,10.0,154.28571428571416,0.0
Tropics,417,-15.000000000000002,117.39130434782606,0.0
Tropics,845,15.000000000000002,117.39130434782606,0.0
Tropics,435,-10.0,-154.2857142857143,0.0
Tropics,443,-10.0,-113.1428571428572,0.0
Tropics,722,10.0,-154.2857142857143,0.0
Tropics,730,10.0,-113.1428571428572,0.0
Tropics,594,0.0,-75.0,0.0
Tropics,624,0.0,75.0,0.0
Tropics,462,-10.0,-15.428571428571502,0.0
Tropics,749,10.0,-15.428571428571502,0.0
Tropics,402,-15.000000000000002,39.13043478260863,0.0
Tropics,830,15.000000000000002,39.13043478260863,0.0
Tropics,453,-10.0,-61.7142857142858,0.0
Tropics,740,10.0,-61.7142857142858,0.0
Tropics,487,-10.0,113.14285714285705,0.0
Tropics,547,-5.0,53.239436619718205,0.0
Tropics,691,5.0,53.239436619718205,0.0
Tropics,774,10.0,113.14285714285705,0.0
Tropics,282,-25.0,119.07692307692308,0.0
Tropics,979,25.0,119.07692307692308,0.0
Tropics,239,-25.0,-119.076923076923,0.0
Tropics,936,25.0,-119.076923076923,0.0
Tropics,476,-10.0,56.57142857142851,0.0
Tropics,763,10.0,56.57142857142851,0.0
Tropics,510,-5.0,-134.36619718309862,0.0
Tropics,654,5.0,-134.36619718309862,0.0
Tropics,459,-10.0,-30.857142857142925,0.0
Tropics,746,10.0,-30.857142857142925,0.0
Tropics,563,-5.0,134.36619718309845,0.0
Tropics,707,5.0,134.36619718309845,0.0
Tropics,82,-40.0,22.909090909090846,0.0
Tropics,1142,40.0,22.909090909090846,0.0
Tropics,85,-40.0,42.54545454545448,0.0
Tropics,1145,40.0,42.54545454545448,0.0
Tropics,412,-15.000000000000002,91.30434782608691,0.0
Tropics,840,15.000000000000002,91.30434782608691,0.0
Tropics,16,-45.0,-64.80000000000005,0.0
Tropics,1183,45.0,-64.80000000000005,0.0
Tropics,43,-45.0,129.6,0.0
Tropics,1210,45.0,129.6,0.0
Tropics,354,-20.0,147.7611940298508,0.0
Tropics,919,20.0,147.7611940298508,0.0
Tropics,75,-40.0,-22.909090909090978,0.0
Tropics,1135,40.0,-22.909090909090978,0.0
Tropics,372,-15.000000000000002,-117.39130434782618,0.0
Tropics,800,15.000000000000002,-117.39130434782618,0.0
Tropics,573,0.0,-180.0,0.0
Tropics,219,-30.000000000000004,127.7419354838711,0.0
Tropics,1043,30.000000000000004,127.7419354838711,0.0
Tropics,72,-40.0,-42.54545454545462,0.0
Tropics,175,-30.000000000000004,-127.74193548387092,0.0
Tropics,999,30.000000000000004,-127.74193548387092,0.0
Tropics,1132,40.0,-42.54545454545462,0.0
Tropics,218,-30.000000000000004,121.93548387096787,0.0
Tropics,299,-20.0,-147.76119402985069,0.0
Tropics,864,20.0,-147.76119402985069,0.0
Tropics,1042,30.000000000000004,121.93548387096787,0.0
Tropics,176,-30.000000000000004,-121.9354838709677,0.0
Tropics,1000,30.000000000000004,-121.9354838709677,0.0
Tropics,336,-20.0,51.04477611940305,0.0
Tropics,901,20.0,51.04477611940305,0.0
Tropics,10,-45.0,-108.00000000000007,0.0
Tropics,1177,45.0,-108.00000000000007,0.0
Tropics,449,-10.0,-82.28571428571436,0.0
Tropics,736,10.0,-82.28571428571436,0.0
Tropics,110,-35.0,-161.37931034482762,0.0
Tropics,1055,35.0,-161.37931034482762,0.0
Tropics,40,-45.0,107.99999999999999,0.0
Tropics,1207,45.0,107.99999999999999,0.0
Tropics,463,-10.0,-10.28571428571436,0.0
Tropics,750,10.0,-10.28571428571436,0.0
Tropics,313,-20.0,-72.53731343283577,0.0
Tropics,878,20.0,-72.53731343283577,0.0
Tropics,162,-35.0,161.37931034482753,0.0
Tropics,1107,35.0,161.37931034482753,0.0
Tropics,457,-10.0,-41.14285714285722,0.0
Tropics,464,-10.0,-5.142857142857216,0.0
Tropics,744,10.0,-41.14285714285722,0.0
Tropics,751,10.0,-5.142857142857216,0.0
Tropics,570,-5.0,169.8591549295773,0.0
Tropics,714,5.0,169.8591549295773,0.0
Tropics,340,-20.0,72.53731343283589,0.0
Tropics,905,20.0,72.53731343283589,0.0
Tropics,503,-5.0,-169.85915492957747,0.0
Tropics,647,5.0,-169.85915492957747,0.0
Tropics,436,-10.0,-149.14285714285717,0.0
Tropics,723,10.0,-149.14285714285717,0.0
Tropics,169,-30.000000000000004,-162.5806451612903,0.0
Tropics,993,30.000000000000004,-162.5806451612903,0.0
Tropics,224,-30.000000000000004,156.77419354838725,0.0
Tropics,317,-20.0,-51.04477611940293,0.0
Tropics,882,20.0,-51.04477611940293,0.0
Tropics,1048,30.000000000000004,156.77419354838725,0.0
Tropics,598,0.0,-55.0,0.0
Tropics,620,0.0,55.0,0.0
Tropics,494,-10.0,149.14285714285703,0.0
Tropics,781,10.0,149.14285714285703,0.0
Tropics,367,-15.000000000000002,-143.4782608695653,0.0
Tropics,795,15.000000000000002,-143.4782608695653,0.0
Tropics,170,-30.000000000000004,-156.77419354838707,0.0
Tropics,994,30.000000000000004,-156.77419354838707,0.0
Tropics,587,0.0,-110.0,0.0
Tropics,631,0.0,110.0,0.0
Tropics,461,-10.0,-20.571428571428644,0.0
Tropics,748,10.0,-20.571428571428644,0.0
Tropics,95,-40.0,107.99999999999994,0.0
Tropics,1155,40.0,107.99999999999994,0.0
Tropics,469,-10.0,20.5714285714285,0.0
Tropics,756,10.0,20.5714285714285,0.0
Tropics,107,-35.0,-180.0,0.0
Tropics,1052,35.0,-180.0,0.0
Tropics,590,0.0,-95.0,0.0
Tropics,628,0.0,95.0,0.0
Tropics,12,-45.0,-93.60000000000007,0.0
Tropics,165,-35.0,179.99999999999991,0.0
Tropics,1110,35.0,179.99999999999991,0.0
Tropics,1179,45.0,-93.60000000000007,0.0
Tropics,38,-45.0,93.59999999999998,0.0
Tropics,1205,45.0,93.59999999999998,0.0
Tropics,556,-5.0,98.87323943661958,0.0
Tropics,700,5.0,98.87323943661958,0.0
Tropics,521,-5.0,-78.59154929577471,0.0
Tropics,665,5.0,-78.59154929577471,0.0
Tropics,552,-5.0,78.59154929577453,0.0
Tropics,696,5.0,78.59154929577453,0.0
Tropics,62,-40.0,-108.00000000000009,0.0
Tropics,225,-30.000000000000004,162.58064516129048,0.0
Tropics,1049,30.000000000000004,162.58064516129048,0.0
Tropics,1122,40.0,-108.00000000000009,0.0
Tropics,541,-5.0,22.816901408450615,0.0
Tropics,685,5.0,22.816901408450615,0.0
Tropics,517,-5.0,-98.87323943661977,0.0
Tropics,661,5.0,-98.87323943661977,0.0
Tropics,488,-10.0,118.2857142857142,0.0
Tropics,775,10.0,118.2857142857142,0.0
Tropics,486,-10.0,107.99999999999991,0.0
Tropics,773,10.0,107.99999999999991,0.0
Tropics,226,-30.000000000000004,168.3870967741937,0.0
Tropics,1050,30.000000000000004,168.3870967741937,0.0
Tropics,467,-10.0,10.285714285714214,0.0
Tropics,754,10.0,10.285714285714214,0.0
Tropics,332,-20.0,29.55223880597021,0.0
Tropics,442,-10.0,-118.28571428571433,0.0
Tropics,729,10.0,-118.28571428571433,0.0
Tropics,897,20.0,29.55223880597021,0.0
Tropics,167,-30.000000000000004,-174.19354838709677,0.0
Tropics,991,30.000000000000004,-174.19354838709677,0.0
Tropics,168,-30.000000000000004,-168.38709677419354,0.0
Tropics,473,-10.0,41.142857142857075,0.0
Tropics,760,10.0,41.142857142857075,0.0
Tropics,992,30.000000000000004,-168.38709677419354,0.0
Tropics,466,-10.0,5.14285714285707,0.0
Tropics,753,10.0,5.14285714285707,0.0
Tropics,164,-35.0,173.7931034482758,0.0
Tropics,481,-10.0,82.28571428571422,0.0
Tropics,768,10.0,82.28571428571422,0.0
Tropics,1109,35.0,173.7931034482758,0.0
Tropics,227,-30.000000000000004,174.19354838709694,0.0
Tropics,1051,30.000000000000004,174.19354838709694,0.0
Tropics,444,-10.0,-108.00000000000006,0.0
Tropics,731,10.0,-108.00000000000006,0.0
Tropics,530,-5.0,-32.95774647887333,0.0
Tropics,674,5.0,-32.95774647887333,0.0
Tropics,543,-5.0,32.95774647887315,0.0
Tropics,687,5.0,32.95774647887315,0.0
Tropics,353,-20.0,142.38805970149258,0.0
Tropics,918,20.0,142.38805970149258,0.0
Tropics,343,-20.0,88.6567164179105,0.0
Tropics,908,20.0,88.6567164179105,0.0
Tropics,321,-20.0,-29.552238805970088,0.0
Tropics,886,20.0,-29.552238805970088,0.0
Tropics,512,-5.0,-124.22535211267608,0.0
Tropics,656,5.0,-124.22535211267608,0.0
Tropics,310,-20.0,-88.65671641791039,0.0
Tropics,561,-5.0,124.2253521126759,0.0
Tropics,705,5.0,124.2253521126759,0.0
Tropics,875,20.0,-88.65671641791039,0.0
Tropics,377,-15.000000000000002,-91.30434782608705,0.0
Tropics,805,15.000000000000002,-91.30434782608705,0.0
Tropics,577,0.0,-160.0,0.0
Tropics,641,0.0,160.0,0.0
Tropics,254,-25.0,-35.99999999999997,0.0
Tropics,951,25.0,-35.99999999999997,0.0
Tropics,326,-20.0,-2.6865671641790447,0.0
Tropics,891,20.0,-2.6865671641790447,0.0
Tropics,22,-45.0,-21.600000000000044,0.0
Tropics,1189,45.0,-21.600000000000044,0.0
Tropics,109,-35.0,-167.58620689655174,0.0
Tropics,1054,35.0,-167.58620689655174,0.0
Tropics,13,-45.0,-86.40000000000006,0.0
Tropics,163,-35.0,167.58620689655166,0.0
Tropics,1108,35.0,167.58620689655166,0.0
Tropics,1180,45.0,-86.40000000000006,0.0
Tropics,602,0.0,-35.0,0.0
Tropics,616,0.0,35.0,0.0
Tropics,37,-45.0,86.39999999999998,0.0
Tropics,1204,45.0,86.39999999999998,0.0
Tropics,274,-25.0,74.7692307692308,0.0
Tropics,971,25.0,74.7692307692308,0.0
Tropics,28,-45.0,21.599999999999955,0.0
Tropics,1195,45.0,21.599999999999955,0.0
Tropics,19,-45.0,-43.200000000000045,0.0
Tropics,1186,45.0,-43.200000000000045,0.0
Tropics,300,-20.0,-142.38805970149247,0.0
Tropics,865,20.0,-142.38805970149247,0.0
Tropics,136,-35.0,-4.440892098500626E-14,0.0
Tropics,1081,35.0,-4.440892098500626E-14,0.0
Tropics,595,0.0,-70.0,0.0
Tropics,623,0.0,70.0,0.0
Tropics,31,-45.0,43.19999999999996,0.0
Tropics,1198,45.0,43.19999999999996,0.0
Tropics,247,-25.0,-74.76923076923075,0.0
Tropics,267,-25.0,36.000000000000036,0.0
Tropics,944,25.0,-74.76923076923075,0.0
Tropics,964,25.0,36.000000000000036,0.0
Tropics,177,-30.000000000000004,-116.12903225806444,0.0
Tropics,334,-20.0,40.29850746268663,0.0
Tropics,899,20.0,40.29850746268663,0.0
Tropics,1001,30.000000000000004,-116.12903225806444,0.0
Tropics,537,-5.0,2.5352112676055434,0.0
Tropics,681,5.0,2.5352112676055434,0.0
Tropics,252,-25.0,-47.07692307692305,0.0
Tropics,949,25.0,-47.07692307692305,0.0
Tropics,217,-30.000000000000004,116.12903225806465,0.0
Tropics,1041,30.000000000000004,116.12903225806465,0.0
Tropics,108,-35.0,-173.79310344827587,0.0
Tropics,1053,35.0,-173.79310344827587,0.0
Tropics,391,-15.000000000000002,-18.26086956521746,0.0
Tropics,819,15.000000000000002,-18.26086956521746,0.0
Tropics,394,-15.000000000000002,-2.6086956521739832,0.0
Tropics,822,15.000000000000002,-2.6086956521739832,0.0
Tropics,74,-40.0,-29.454545454545524,0.0
Tropics,319,-20.0,-40.29850746268651,0.0
Tropics,884,20.0,-40.29850746268651,0.0
Tropics,1134,40.0,-29.454545454545524,0.0
Tropics,26,-45.0,7.199999999999956,0.0
Tropics,1193,45.0,7.199999999999956,0.0
Tropics,345,-20.0,99.40298507462691,0.0
Tropics,568,-5.0,159.71830985915477,0.0
Tropics,712,5.0,159.71830985915477,0.0
Tropics,910,20.0,99.40298507462691,0.0
Tropics,505,-5.0,-159.71830985915494,0.0
Tropics,649,5.0,-159.71830985915494,0.0
Tropics,308,-20.0,-99.4029850746268,0.0
Tropics,873,20.0,-99.4029850746268,0.0
Tropics,411,-15.000000000000002,86.08695652173908,0.0
Tropics,839,15.000000000000002,86.08695652173908,0.0
Tropics,378,-15.000000000000002,-86.08695652173922,0.0
Tropics,806,15.000000000000002,-86.08695652173922,0.0
Tropics,398,-15.000000000000002,18.26086956521732,0.0
Tropics,826,15.000000000000002,18.26086956521732,0.0
Tropics,83,-40.0,29.45454545454539,0.0
Tropics,1143,40.0,29.45454545454539,0.0
Tropics,269,-25.0,47.076923076923116,0.0
Tropics,966,25.0,47.076923076923116,0.0
Tropics,557,-5.0,103.94366197183085,0.0
Tropics,701,5.0,103.94366197183085,0.0
Tropics,586,0.0,-114.99999999999999,0.0
Tropics,632,0.0,114.99999999999999,0.0
Tropics,90,-40.0,75.27272727272721,0.0
Tropics,1150,40.0,75.27272727272721,0.0
Tropics,408,-15.000000000000002,70.4347826086956,0.0
Tropics,836,15.000000000000002,70.4347826086956,0.0
Tropics,527,-5.0,-48.169014084507126,0.0
Tropics,671,5.0,-48.169014084507126,0.0
Tropics,585,0.0,-120.00000000000001,0.0
Tropics,633,0.0,120.00000000000001,0.0
Tropics,5,-45.0,-144.00000000000006,0.0
Tropics,1172,45.0,-144.00000000000006,0.0
Tropics,516,-5.0,-103.94366197183103,0.0
Tropics,660,5.0,-103.94366197183103,0.0
Tropics,314,-20.0,-67.16417910447757,0.0
Tropics,879,20.0,-67.16417910447757,0.0
Tropics,381,-15.000000000000002,-70.43478260869574,0.0
Tropics,809,15.000000000000002,-70.43478260869574,0.0
Tropics,45,-45.0,143.99999999999997,0.0
Tropics,199,-30.000000000000004,11.612903225806543,0.0
Tropics,1023,30.000000000000004,11.612903225806543,0.0
Tropics,1212,45.0,143.99999999999997,0.0
Tropics,67,-40.0,-75.27272727272735,0.0
Tropics,339,-20.0,67.16417910447768,0.0
Tropics,904,20.0,67.16417910447768,0.0
Tropics,1127,40.0,-75.27272727272735,0.0
Tropics,524,-5.0,-63.38028169014092,0.0
Tropics,668,5.0,-63.38028169014092,0.0
Tropics,48,-45.0,165.59999999999994,0.0
Tropics,1215,45.0,165.59999999999994,0.0
Tropics,2,-45.0,-165.60000000000002,0.0
Tropics,546,-5.0,48.16901408450694,0.0
Tropics,690,5.0,48.16901408450694,0.0
Tropics,1169,45.0,-165.60000000000002,0.0
Tropics,576,0.0,-165.0,0.0
Tropics,596,0.0,-65.0,0.0
Tropics,622,0.0,65.0,0.0
Tropics,642,0.0,165.0,0.0
Tropics,214,-30.000000000000004,98.70967741935495,0.0
Tropics,1038,30.000000000000004,98.70967741935495,0.0
Tropics,189,-30.000000000000004,-46.45161290322571,0.0
Tropics,1013,30.000000000000004,-46.45161290322571,0.0
Tropics,425,-15.000000000000002,159.1304347826086,0.0
Tropics,853,15.000000000000002,159.1304347826086,0.0
Tropics,201,-30.000000000000004,23.225806451612996,0.0
Tropics,1025,30.000000000000004,23.225806451612996,0.0
Tropics,364,-15.000000000000002,-159.13043478260875,0.0
Tropics,792,15.000000000000002,-159.13043478260875,0.0
Tropics,181,-30.000000000000004,-92.90322580645153,0.0
Tropics,1005,30.000000000000004,-92.90322580645153,0.0
Tropics,180,-30.000000000000004,-98.70967741935476,0.0
Tropics,1004,30.000000000000004,-98.70967741935476,0.0
Tropics,56,-40.0,-147.27272727272734,0.0
Tropics,1116,40.0,-147.27272727272734,0.0
Tropics,101,-40.0,147.2727272727272,0.0
Tropics,382,-15.000000000000002,-65.21739130434791,0.0
Tropics,810,15.000000000000002,-65.21739130434791,0.0
Tropics,1161,40.0,147.2727272727272,0.0
Tropics,213,-30.000000000000004,92.90322580645172,0.0
Tropics,1037,30.000000000000004,92.90322580645172,0.0
Tropics,193,-30.000000000000004,-23.22580645161281,0.0
Tropics,1017,30.000000000000004,-23.22580645161281,0.0
Tropics,478,-10.0,66.8571428571428,0.0
Tropics,564,-5.0,139.43661971830971,0.0
Tropics,708,5.0,139.43661971830971,0.0
Tropics,765,10.0,66.8571428571428,0.0
Tropics,452,-10.0,-66.85714285714295,0.0
Tropics,509,-5.0,-139.43661971830988,0.0
Tropics,653,5.0,-139.43661971830988,0.0
Tropics,739,10.0,-66.85714285714295,0.0
Tropics,205,-30.000000000000004,46.45161290322589,0.0
Tropics,1029,30.000000000000004,46.45161290322589,0.0
Tropics,544,-5.0,38.02816901408441,0.0
Tropics,688,5.0,38.02816901408441,0.0
Tropics,324,-20.0,-13.432835820895463,0.0
Tropics,889,20.0,-13.432835820895463,0.0
Tropics,460,-10.0,-25.714285714285786,0.0
Tropics,747,10.0,-25.714285714285786,0.0
Tropics,262,-25.0,8.30769230769234,0.0
Tropics,959,25.0,8.30769230769234,0.0
Tropics,284,-25.0,130.15384615384613,0.0
Tropics,981,25.0,130.15384615384613,0.0
Tropics,237,-25.0,-130.15384615384608,0.0
Tropics,934,25.0,-130.15384615384608,0.0
Tropics,198,-30.000000000000004,5.806451612903317,0.0
Tropics,1022,30.000000000000004,5.806451612903317,0.0
Tropics,445,-10.0,-102.85714285714292,0.0
Tropics,732,10.0,-102.85714285714292,0.0
Tropics,492,-10.0,138.85714285714275,0.0
Tropics,779,10.0,138.85714285714275,0.0
Tropics,438,-10.0,-138.8571428571429,0.0
Tropics,725,10.0,-138.8571428571429,0.0
Tropics,455,-10.0,-51.42857142857151,0.0
Tropics,742,10.0,-51.42857142857151,0.0
Tropics,529,-5.0,-38.0281690140846,0.0
Tropics,673,5.0,-38.0281690140846,0.0
Tropics,475,-10.0,51.42857142857137,0.0
Tropics,762,10.0,51.42857142857137,0.0
Tropics,131,-35.0,-31.034482758620733,0.0
Tropics,259,-25.0,-8.307692307692275,0.0
Tropics,956,25.0,-8.307692307692275,0.0
Tropics,1076,35.0,-31.034482758620733,0.0
Tropics,146,-35.0,62.068965517241324,0.0
Tropics,1091,35.0,62.068965517241324,0.0
Tropics,275,-25.0,80.30769230769234,0.0
Tropics,972,25.0,80.30769230769234,0.0
Tropics,246,-25.0,-80.30769230769228,0.0
Tropics,943,25.0,-80.30769230769228,0.0
Tropics,327,-20.0,2.6865671641791646,0.0
Tropics,892,20.0,2.6865671641791646,0.0
Tropics,126,-35.0,-62.068965517241416,0.0
Tropics,400,-15.000000000000002,28.695652173912976,0.0
Tropics,828,15.000000000000002,28.695652173912976,0.0
Tropics,1071,35.0,-62.068965517241416,0.0
Tropics,117,-35.0,-117.93103448275869,0.0
Tropics,1062,35.0,-117.93103448275869,0.0
Tropics,97,-40.0,121.09090909090904,0.0
Tropics,1157,40.0,121.09090909090904,0.0
Tropics,532,-5.0,-22.816901408450796,0.0
Tropics,676,5.0,-22.816901408450796,0.0
Tropics,155,-35.0,117.93103448275862,0.0
Tropics,1100,35.0,117.93103448275862,0.0
Tropics,141,-35.0,31.03448275862065,0.0
Tropics,1086,35.0,31.03448275862065,0.0
Tropics,60,-40.0,-121.09090909090918,0.0
Tropics,1120,40.0,-121.09090909090918,0.0
Tropics,485,-10.0,102.85714285714278,0.0
Tropics,772,10.0,102.85714285714278,0.0
Tropics,197,-30.000000000000004,9.059419880941277E-14,0.0
Tropics,1021,30.000000000000004,9.059419880941277E-14,0.0
Tropics,297,-20.0,-158.50746268656712,0.0
Tropics,862,20.0,-158.50746268656712,0.0
Tropics,8,-45.0,-122.40000000000006,0.0
Tropics,1175,45.0,-122.40000000000006,0.0
Tropics,356,-20.0,158.50746268656724,0.0
Tropics,921,20.0,158.50746268656724,0.0
Tropics,389,-15.000000000000002,-28.695652173913114,0.0
Tropics,817,15.000000000000002,-28.695652173913114,0.0
Tropics,42,-45.0,122.39999999999999,0.0
Tropics,1209,45.0,122.39999999999999,0.0
Tropics,470,-10.0,25.71428571428564,0.0
Tropics,757,10.0,25.71428571428564,0.0
Tropics,465,-10.0,-7.283063041541027E-14,0.0
Tropics,752,10.0,-7.283063041541027E-14,0.0
Tropics,329,-20.0,13.432835820895583,0.0
Tropics,894,20.0,13.432835820895583,0.0
Tropics,584,0.0,-125.0,0.0
Tropics,634,0.0,125.0,0.0
Tropics,604,0.0,-25.0,0.0
Tropics,614,0.0,25.0,0.0
Tropics,580,0.0,-145.0,0.0
Tropics,638,0.0,145.0,0.0
Tropics,78,-40.0,-3.272727272727338,0.0
Tropics,1138,40.0,-3.272727272727338,0.0
Tropics,571,-5.0,174.92957746478857,0.0
Tropics,715,5.0,174.92957746478857,0.0
Tropics,533,-5.0,-17.74647887323953,0.0
Tropics,677,5.0,-17.74647887323953,0.0
Tropics,502,-5.0,-174.92957746478874,0.0
Tropics,646,5.0,-174.92957746478874,0.0
Tropics,309,-20.0,-94.0298507462686,0.0
Tropics,874,20.0,-94.0298507462686,0.0
Tropics,77,-40.0,-9.818181818181884,0.0
Tropics,194,-30.000000000000004,-17.419354838709587,0.0
Tropics,1018,30.000000000000004,-17.419354838709587,0.0
Tropics,1137,40.0,-9.818181818181884,0.0
Tropics,427,-15.000000000000002,169.56521739130423,0.0
Tropics,855,15.000000000000002,169.56521739130423,0.0
Tropics,589,0.0,-100.0,0.0
Tropics,629,0.0,100.0,0.0
Tropics,294,-20.0,-174.62686567164178,0.0
Tropics,859,20.0,-174.62686567164178,0.0
Tropics,359,-20.0,174.6268656716419,0.0
Tropics,599,0.0,-50.0,0.0
Tropics,619,0.0,50.0,0.0
Tropics,924,20.0,174.6268656716419,0.0
Tropics,305,-20.0,-115.52238805970141,0.0
Tropics,870,20.0,-115.52238805970141,0.0
Tropics,482,-10.0,87.42857142857136,0.0
Tropics,540,-5.0,17.746478873239347,0.0
Tropics,684,5.0,17.746478873239347,0.0
Tropics,769,10.0,87.42857142857136,0.0
Tropics,133,-35.0,-18.62068965517246,0.0
Tropics,258,-25.0,-13.846153846153813,0.0
Tropics,955,25.0,-13.846153846153813,0.0
Tropics,1078,35.0,-18.62068965517246,0.0
Tropics,203,-30.000000000000004,34.838709677419445,0.0
Tropics,348,-20.0,115.52238805970151,0.0
Tropics,913,20.0,115.52238805970151,0.0
Tropics,1027,30.000000000000004,34.838709677419445,0.0
Tropics,125,-35.0,-68.27586206896555,0.0
Tropics,142,-35.0,37.24137931034478,0.0
Tropics,1070,35.0,-68.27586206896555,0.0
Tropics,1087,35.0,37.24137931034478,0.0
Tropics,147,-35.0,68.27586206896547,0.0
Tropics,1092,35.0,68.27586206896547,0.0
Tropics,448,-10.0,-87.4285714285715,0.0
Tropics,735,10.0,-87.4285714285715,0.0
Tropics,328,-20.0,8.059701492537375,0.0
Tropics,893,20.0,8.059701492537375,0.0
Tropics,139,-35.0,18.62068965517237,0.0
Tropics,1084,35.0,18.62068965517237,0.0
Tropics,191,-30.000000000000004,-34.83870967741926,0.0
Tropics,255,-25.0,-30.46153846153843,0.0
Tropics,263,-25.0,13.846153846153879,0.0
Tropics,952,25.0,-30.46153846153843,0.0
Tropics,960,25.0,13.846153846153879,0.0
Tropics,1015,30.000000000000004,-34.83870967741926,0.0
Tropics,130,-35.0,-37.241379310344875,0.0
Tropics,210,-30.000000000000004,75.48387096774202,0.0
Tropics,1034,30.000000000000004,75.48387096774202,0.0
Tropics,1075,35.0,-37.241379310344875,0.0
Tropics,209,-30.000000000000004,69.67741935483879,0.0
Tropics,1033,30.000000000000004,69.67741935483879,0.0
Tropics,185,-30.000000000000004,-69.6774193548386,0.0
Tropics,1009,30.000000000000004,-69.6774193548386,0.0
Tropics,157,-35.0,130.3448275862069,0.0
Tropics,1102,35.0,130.3448275862069,0.0
Tropics,115,-35.0,-130.34482758620697,0.0
Tropics,200,-30.000000000000004,17.41935483870977,0.0
Tropics,395,-15.000000000000002,2.608695652173843,0.0
Tropics,823,15.000000000000002,2.608695652173843,0.0
Tropics,1024,30.000000000000004,17.41935483870977,0.0
Tropics,1060,35.0,-130.34482758620697,0.0
Tropics,124,-35.0,-74.4827586206897,0.0
Tropics,1069,35.0,-74.4827586206897,0.0
Tropics,184,-30.000000000000004,-75.48387096774184,0.0
Tropics,1008,30.000000000000004,-75.48387096774184,0.0
Tropics,148,-35.0,74.48275862068961,0.0
Tropics,1093,35.0,74.48275862068961,0.0
Tropics,250,-25.0,-58.15384615384614,0.0
Tropics,947,25.0,-58.15384615384614,0.0
Tropics,271,-25.0,58.1538461538462,0.0
Tropics,968,25.0,58.1538461538462,0.0
Tropics,405,-15.000000000000002,54.782608695652115,0.0
Tropics,833,15.000000000000002,54.782608695652115,0.0
Tropics,195,-30.000000000000004,-11.612903225806361,0.0
Tropics,266,-25.0,30.461538461538495,0.0
Tropics,963,25.0,30.461538461538495,0.0
Tropics,1019,30.000000000000004,-11.612903225806361,0.0
Tropics,407,-15.000000000000002,65.21739130434777,0.0
Tropics,835,15.000000000000002,65.21739130434777,0.0
Tropics,121,-35.0,-93.10344827586212,0.0
Tropics,1066,35.0,-93.10344827586212,0.0
Tropics,228,-25.0,-180.0,0.0
Tropics,925,25.0,-180.0,0.0
Tropics,387,-15.000000000000002,-39.13043478260877,0.0
Tropics,815,15.000000000000002,-39.13043478260877,0.0
Tropics,384,-15.000000000000002,-54.78260869565226,0.0
Tropics,812,15.000000000000002,-54.78260869565226,0.0
Tropics,151,-35.0,93.10344827586204,0.0
Tropics,1096,35.0,93.10344827586204,0.0
Tropics,196,-30.000000000000004,-5.806451612903135,0.0
Tropics,1020,30.000000000000004,-5.806451612903135,0.0
Tropics,289,-25.0,157.84615384615387,0.0
Tropics,575,0.0,-170.0,0.0
Tropics,643,0.0,170.0,0.0
Tropics,986,25.0,157.84615384615387,0.0
Tropics,232,-25.0,-157.8461538461538,0.0
Tropics,929,25.0,-157.8461538461538,0.0
Tropics,66,-40.0,-81.8181818181819,0.0
Tropics,362,-15.000000000000002,-169.56521739130437,0.0
Tropics,790,15.000000000000002,-169.56521739130437,0.0
Tropics,1126,40.0,-81.8181818181819,0.0
Tropics,325,-20.0,-8.059701492537254,0.0
Tropics,890,20.0,-8.059701492537254,0.0
Tropics,493,-10.0,143.9999999999999,0.0
Tropics,780,10.0,143.9999999999999,0.0
Tropics,52,-40.0,-173.45454545454547,0.0
Tropics,1112,40.0,-173.45454545454547,0.0
Tropics,105,-40.0,173.45454545454533,0.0
Tropics,1165,40.0,173.45454545454533,0.0
Tropics,549,-5.0,63.38028169014074,0.0
Tropics,693,5.0,63.38028169014074,0.0
Tropics,91,-40.0,81.81818181818176,0.0
Tropics,1151,40.0,81.81818181818176,0.0
Tropics,437,-10.0,-144.00000000000003,0.0
Tropics,724,10.0,-144.00000000000003,0.0
Tropics,53,-40.0,-166.90909090909093,0.0
Tropics,1113,40.0,-166.90909090909093,0.0
Tropics,104,-40.0,166.9090909090908,0.0
Tropics,1164,40.0,166.9090909090908,0.0
Tropics,551,-5.0,73.52112676056326,0.0
Tropics,695,5.0,73.52112676056326,0.0
Tropics,458,-10.0,-36.00000000000007,0.0
Tropics,745,10.0,-36.00000000000007,0.0
Tropics,518,-5.0,-93.8028169014085,0.0
Tropics,662,5.0,-93.8028169014085,0.0
Tropics,559,-5.0,114.08450704225338,0.0
Tropics,703,5.0,114.08450704225338,0.0
Tropics,555,-5.0,93.80281690140832,0.0
Tropics,699,5.0,93.80281690140832,0.0
Tropics,451,-10.0,-72.00000000000009,0.0
Tropics,514,-5.0,-114.08450704225356,0.0
Tropics,658,5.0,-114.08450704225356,0.0
Tropics,738,10.0,-72.00000000000009,0.0
Tropics,84,-40.0,35.999999999999936,0.0
Tropics,1144,40.0,35.999999999999936,0.0
Tropics,73,-40.0,-36.00000000000007,0.0
Tropics,1133,40.0,-36.00000000000007,0.0
Tropics,479,-10.0,71.99999999999994,0.0
Tropics,766,10.0,71.99999999999994,0.0
Tropics,522,-5.0,-73.52112676056345,0.0
Tropics,666,5.0,-73.52112676056345,0.0
Tropics,295,-20.0,-169.25373134328356,0.0
Tropics,860,20.0,-169.25373134328356,0.0
Tropics,358,-20.0,169.25373134328368,0.0
Tropics,923,20.0,169.25373134328368,0.0
Tropics,592,0.0,-85.0,0.0
Tropics,626,0.0,85.0,0.0
Tropics,472,-10.0,35.99999999999993,0.0
Tropics,759,10.0,35.99999999999993,0.0
Tropics,79,-40.0,3.2727272727272076,0.0
Tropics,1139,40.0,3.2727272727272076,0.0
Tropics,574,0.0,-175.0,0.0
Tropics,644,0.0,175.0,0.0
Tropics,351,-20.0,131.64179104477614,0.0
Tropics,916,20.0,131.64179104477614,0.0
Tropics,302,-20.0,-131.64179104477603,0.0
Tropics,867,20.0,-131.64179104477603,0.0
Tropics,414,-15.000000000000002,101.73913043478257,0.0
Tropics,842,15.000000000000002,101.73913043478257,0.0
Tropics,315,-20.0,-61.791044776119364,0.0
Tropics,880,20.0,-61.791044776119364,0.0
Tropics,338,-20.0,61.79104477611948,0.0
Tropics,903,20.0,61.79104477611948,0.0
Tropics,545,-5.0,43.098591549295676,0.0
Tropics,689,5.0,43.098591549295676,0.0
Tropics,375,-15.000000000000002,-101.73913043478271,0.0
Tropics,803,15.000000000000002,-101.73913043478271,0.0
Tropics,112,-35.0,-148.96551724137936,0.0
Tropics,1057,35.0,-148.96551724137936,0.0
Tropics,565,-5.0,144.50704225352098,0.0
Tropics,709,5.0,144.50704225352098,0.0
Tropics,171,-30.000000000000004,-150.96774193548384,0.0
Tropics,446,-10.0,-97.71428571428578,0.0
Tropics,508,-5.0,-144.50704225352115,0.0
Tropics,652,5.0,-144.50704225352115,0.0
Tropics,733,10.0,-97.71428571428578,0.0
Tropics,995,30.000000000000004,-150.96774193548384,0.0
Tropics,160,-35.0,148.96551724137927,0.0
Tropics,1105,35.0,148.96551724137927,0.0
Tropics,280,-25.0,108.0,0.0
Tropics,977,25.0,108.0,0.0
Tropics,241,-25.0,-107.99999999999994,0.0
Tropics,440,-10.0,-128.5714285714286,0.0
Tropics,484,-10.0,97.71428571428564,0.0
Tropics,727,10.0,-128.5714285714286,0.0
Tropics,771,10.0,97.71428571428564,0.0
Tropics,938,25.0,-107.99999999999994,0.0
Tropics,80,-40.0,9.818181818181753,0.0
Tropics,221,-30.000000000000004,139.35483870967755,0.0
Tropics,1045,30.000000000000004,139.35483870967755,0.0
Tropics,1140,40.0,9.818181818181753,0.0
Tropics,223,-30.000000000000004,150.967741935484,0.0
Tropics,1047,30.000000000000004,150.967741935484,0.0
Tropics,490,-10.0,128.57142857142847,0.0
Tropics,777,10.0,128.57142857142847,0.0
Tropics,528,-5.0,-43.09859154929586,0.0
Tropics,672,5.0,-43.09859154929586,0.0
Tropics,173,-30.000000000000004,-139.35483870967738,0.0
Tropics,997,30.000000000000004,-139.35483870967738,0.0
Tropics,253,-25.0,-41.53846153846151,0.0
Tropics,950,25.0,-41.53846153846151,0.0
Tropics,114,-35.0,-136.5517241379311,0.0
Tropics,220,-30.000000000000004,133.54838709677432,0.0
Tropics,1044,30.000000000000004,133.54838709677432,0.0
Tropics,1059,35.0,-136.5517241379311,0.0
Tropics,390,-15.000000000000002,-23.47826086956529,0.0
Tropics,818,15.000000000000002,-23.47826086956529,0.0
Tropics,386,-15.000000000000002,-44.3478260869566,0.0
Tropics,814,15.000000000000002,-44.3478260869566,0.0
Tropics,158,-35.0,136.55172413793102,0.0
Tropics,1103,35.0,136.55172413793102,0.0
Tropics,135,-35.0,-6.206896551724182,0.0
Tropics,431,-10.0,-174.85714285714286,0.0
Tropics,718,10.0,-174.85714285714286,0.0
Tropics,1080,35.0,-6.206896551724182,0.0
Tropics,172,-30.000000000000004,-145.1612903225806,0.0
Tropics,996,30.000000000000004,-145.1612903225806,0.0
Tropics,222,-30.000000000000004,145.16129032258078,0.0
Tropics,311,-20.0,-83.28358208955218,0.0
Tropics,876,20.0,-83.28358208955218,0.0
Tropics,1046,30.000000000000004,145.16129032258078,0.0
Tropics,499,-10.0,174.85714285714272,0.0
Tropics,786,10.0,174.85714285714272,0.0
Tropics,174,-30.000000000000004,-133.54838709677415,0.0
Tropics,998,30.000000000000004,-133.54838709677415,0.0
Tropics,403,-15.000000000000002,44.34782608695646,0.0
Tropics,831,15.000000000000002,44.34782608695646,0.0
Tropics,63,-40.0,-101.45454545454554,0.0
Tropics,1123,40.0,-101.45454545454554,0.0
Tropics,242,-25.0,-102.46153846153841,0.0
Tropics,939,25.0,-102.46153846153841,0.0
Tropics,523,-5.0,-68.45070422535218,0.0
Tropics,667,5.0,-68.45070422535218,0.0
Tropics,286,-25.0,141.23076923076923,0.0
Tropics,983,25.0,141.23076923076923,0.0
Tropics,342,-20.0,83.2835820895523,0.0
Tropics,907,20.0,83.2835820895523,0.0
Tropics,235,-25.0,-141.23076923076917,0.0
Tropics,932,25.0,-141.23076923076917,0.0
Tropics,413,-15.000000000000002,96.52173913043474,0.0
Tropics,841,15.000000000000002,96.52173913043474,0.0
Tropics,94,-40.0,101.4545454545454,0.0
Tropics,1154,40.0,101.4545454545454,0.0
Tropics,550,-5.0,68.450704225352,0.0
Tropics,694,5.0,68.450704225352,0.0
Tropics,98,-40.0,127.63636363636358,0.0
Tropics,1158,40.0,127.63636363636358,0.0
Tropics,268,-25.0,41.538461538461576,0.0
Tropics,965,25.0,41.538461538461576,0.0
Tropics,59,-40.0,-127.63636363636371,0.0
Tropics,1119,40.0,-127.63636363636371,0.0
Tropics,344,-20.0,94.0298507462687,0.0
Tropics,909,20.0,94.0298507462687,0.0
Tropics,278,-25.0,96.92307692307693,0.0
Tropics,975,25.0,96.92307692307693,0.0
Tropics,243,-25.0,-96.92307692307688,0.0
Tropics,399,-15.000000000000002,23.478260869565148,0.0
Tropics,827,15.000000000000002,23.478260869565148,0.0
Tropics,940,25.0,-96.92307692307688,0.0
Tropics,534,-5.0,-12.67605633802826,0.0
Tropics,678,5.0,-12.67605633802826,0.0
Tropics,279,-25.0,102.46153846153847,0.0
Tropics,976,25.0,102.46153846153847,0.0
Tropics,376,-15.000000000000002,-96.52173913043488,0.0
Tropics,804,15.000000000000002,-96.52173913043488,0.0
Tropics,410,-15.000000000000002,80.86956521739125,0.0
Tropics,838,15.000000000000002,80.86956521739125,0.0
Tropics,140,-35.0,24.82758620689651,0.0
Tropics,1085,35.0,24.82758620689651,0.0
Tropics,138,-35.0,12.413793103448231,0.0
Tropics,1083,35.0,12.413793103448231,0.0
Tropics,128,-35.0,-49.655172413793146,0.0
Tropics,1073,35.0,-49.655172413793146,0.0
Tropics,102,-40.0,153.81818181818173,0.0
Tropics,1162,40.0,153.81818181818173,0.0
Tropics,519,-5.0,-88.73239436619724,0.0
Tropics,663,5.0,-88.73239436619724,0.0
Tropics,120,-35.0,-99.31034482758626,0.0
Tropics,366,-15.000000000000002,-148.69565217391312,0.0
Tropics,379,-15.000000000000002,-80.8695652173914,0.0
Tropics,794,15.000000000000002,-148.69565217391312,0.0
Tropics,807,15.000000000000002,-80.8695652173914,0.0
Tropics,1065,35.0,-99.31034482758626,0.0
Tropics,137,-35.0,6.2068965517240935,0.0
Tropics,1082,35.0,6.2068965517240935,0.0
Tropics,423,-15.000000000000002,148.69565217391298,0.0
Tropics,851,15.000000000000002,148.69565217391298,0.0
Tropics,152,-35.0,99.31034482758618,0.0
Tropics,1097,35.0,99.31034482758618,0.0
Tropics,55,-40.0,-153.81818181818187,0.0
Tropics,1115,40.0,-153.81818181818187,0.0
Tropics,96,-40.0,114.54545454545449,0.0
Tropics,1156,40.0,114.54545454545449,0.0
Tropics,134,-35.0,-12.41379310344832,0.0
Tropics,1079,35.0,-12.41379310344832,0.0
Tropics,61,-40.0,-114.54545454545463,0.0
Tropics,1121,40.0,-114.54545454545463,0.0
Tropics,132,-35.0,-24.827586206896598,0.0
Tropics,1077,35.0,-24.827586206896598,0.0
Tropics,333,-20.0,34.92537313432842,0.0
Tropics,898,20.0,34.92537313432842,0.0
Tropics,156,-35.0,124.13793103448276,0.0
Tropics,1101,35.0,124.13793103448276,0.0
Tropics,144,-35.0,49.65517241379305,0.0
Tropics,1089,35.0,49.65517241379305,0.0
Tropics,116,-35.0,-124.13793103448283,0.0
Tropics,1061,35.0,-124.13793103448283,0.0
Tropics,569,-5.0,164.78873239436604,0.0
Tropics,713,5.0,164.78873239436604,0.0
Tropics,504,-5.0,-164.7887323943662,0.0
Tropics,648,5.0,-164.7887323943662,0.0
Tropics,303,-20.0,-126.26865671641781,0.0
Tropics,868,20.0,-126.26865671641781,0.0
Tropics,166,-30.000000000000004,-180.0,0.0
Tropics,990,30.000000000000004,-180.0,0.0
Tropics,350,-20.0,126.26865671641794,0.0
Tropics,915,20.0,126.26865671641794,0.0
Tropics,32,-45.0,50.39999999999996,0.0
Tropics,1199,45.0,50.39999999999996,0.0
Tropics,11,-45.0,-100.80000000000007,0.0
Tropics,360,-15.000000000000002,-180.0,0.0
Tropics,554,-5.0,88.73239436619706,0.0
Tropics,698,5.0,88.73239436619706,0.0
Tropics,788,15.000000000000002,-180.0,0.0
Tropics,1178,45.0,-100.80000000000007,0.0
Tropics,429,-15.000000000000002,179.99999999999986,0.0
Tropics,857,15.000000000000002,179.99999999999986,0.0
Tropics,371,-15.000000000000002,-122.60869565217402,0.0
Tropics,799,15.000000000000002,-122.60869565217402,0.0
Tropics,18,-45.0,-50.40000000000005,0.0
Tropics,1185,45.0,-50.40000000000005,0.0
Tropics,418,-15.000000000000002,122.60869565217389,0.0
Tropics,846,15.000000000000002,122.60869565217389,0.0
Tropics,39,-45.0,100.79999999999998,0.0
Tropics,1206,45.0,100.79999999999998,0.0
Tropics,538,-5.0,7.605633802816811,0.0
Tropics,682,5.0,7.605633802816811,0.0
Tropics,539,-5.0,12.67605633802808,0.0
Tropics,683,5.0,12.67605633802808,0.0
Tropics,439,-10.0,-133.71428571428575,0.0
Tropics,726,10.0,-133.71428571428575,0.0
Tropics,44,-45.0,136.79999999999998,0.0
Tropics,1211,45.0,136.79999999999998,0.0
Tropics,306,-20.0,-110.14925373134321,0.0
Tropics,871,20.0,-110.14925373134321,0.0
Tropics,6,-45.0,-136.80000000000007,0.0
Tropics,1173,45.0,-136.80000000000007,0.0
Tropics,347,-20.0,110.14925373134332,0.0
Tropics,912,20.0,110.14925373134332,0.0
Tropics,491,-10.0,133.7142857142856,0.0
Tropics,778,10.0,133.7142857142856,0.0
Tropics,542,-5.0,27.887323943661883,0.0
Tropics,686,5.0,27.887323943661883,0.0
Tropics,92,-40.0,88.3636363636363,0.0
Tropics,1152,40.0,88.3636363636363,0.0
Tropics,296,-20.0,-163.88059701492534,0.0
Tropics,861,20.0,-163.88059701492534,0.0
Tropics,65,-40.0,-88.36363636363645,0.0
Tropics,1125,40.0,-88.36363636363645,0.0
Tropics,357,-20.0,163.88059701492546,0.0
Tropics,922,20.0,163.88059701492546,0.0
Tropics,583,0.0,-130.0,0.0
Tropics,635,0.0,130.0,0.0
Tropics,30,-45.0,35.99999999999996,0.0
Tropics,1197,45.0,35.99999999999996,0.0
Tropics,320,-20.0,-34.9253731343283,0.0
Tropics,885,20.0,-34.9253731343283,0.0
Tropics,421,-15.000000000000002,138.26086956521735,0.0
Tropics,849,15.000000000000002,138.26086956521735,0.0
Tropics,606,0.0,-15.000000000000002,0.0
Tropics,612,0.0,15.000000000000002,0.0
Tropics,153,-35.0,105.51724137931032,0.0
Tropics,1098,35.0,105.51724137931032,0.0
Tropics,368,-15.000000000000002,-138.2608695652175,0.0
Tropics,796,15.000000000000002,-138.2608695652175,0.0
Tropics,234,-25.0,-146.76923076923072,0.0
Tropics,931,25.0,-146.76923076923072,0.0
Tropics,119,-35.0,-105.5172413793104,0.0
Tropics,1064,35.0,-105.5172413793104,0.0
Tropics,331,-20.0,24.179104477612,0.0
Tropics,531,-5.0,-27.887323943662064,0.0
Tropics,675,5.0,-27.887323943662064,0.0
Tropics,896,20.0,24.179104477612,0.0
Tropics,287,-25.0,146.76923076923077,0.0
Tropics,984,25.0,146.76923076923077,0.0
Tropics,35,-45.0,71.99999999999997,0.0
Tropics,1202,45.0,71.99999999999997,0.0
Tropics,285,-25.0,135.69230769230768,0.0
Tropics,982,25.0,135.69230769230768,0.0
Tropics,236,-25.0,-135.69230769230762,0.0
Tropics,270,-25.0,52.615384615384656,0.0
Tropics,933,25.0,-135.69230769230762,0.0
Tropics,967,25.0,52.615384615384656,0.0
Tropics,535,-5.0,-7.6056338028169925,0.0
Tropics,597,0.0,-60.00000000000001,0.0
Tropics,621,0.0,60.00000000000001,0.0
Tropics,679,5.0,-7.6056338028169925,0.0
Tropics,15,-45.0,-72.00000000000006,0.0
Tropics,1182,45.0,-72.00000000000006,0.0
Tropics,251,-25.0,-52.61538461538459,0.0
Tropics,948,25.0,-52.61538461538459,0.0
Tropics,283,-25.0,124.61538461538461,0.0
Tropics,980,25.0,124.61538461538461,0.0
Tropics,238,-25.0,-124.61538461538453,0.0
Tropics,935,25.0,-124.61538461538453,0.0
Tropics,603,0.0,-30.000000000000004,0.0
Tropics,615,0.0,30.000000000000004,0.0
Tropics,515,-5.0,-109.0140845070423,0.0
Tropics,659,5.0,-109.0140845070423,0.0
Tropics,20,-45.0,-36.00000000000004,0.0
Tropics,1187,45.0,-36.00000000000004,0.0
Tropics,293,-20.0,-180.0,0.0
Tropics,858,20.0,-180.0,0.0
Tropics,103,-40.0,160.36363636363626,0.0
Tropics,1163,40.0,160.36363636363626,0.0
Tropics,68,-40.0,-68.7272727272728,0.0
Tropics,1128,40.0,-68.7272727272728,0.0
Tropics,54,-40.0,-160.3636363636364,0.0
Tropics,1114,40.0,-160.3636363636364,0.0
Tropics,558,-5.0,109.01408450704211,0.0
Tropics,702,5.0,109.01408450704211,0.0
Tropics,363,-15.000000000000002,-164.34782608695656,0.0
Tropics,791,15.000000000000002,-164.34782608695656,0.0
Tropics,588,0.0,-105.0,0.0
Tropics,630,0.0,105.0,0.0
Tropics,426,-15.000000000000002,164.34782608695642,0.0
Tropics,430,-10.0,-180.0,0.0
Tropics,717,10.0,-180.0,0.0
Tropics,854,15.000000000000002,164.34782608695642,0.0
Tropics,215,-30.000000000000004,104.51612903225818,0.0
Tropics,1039,30.000000000000004,104.51612903225818,0.0
Tropics,349,-20.0,120.89552238805975,0.0
Tropics,914,20.0,120.89552238805975,0.0
Tropics,500,-10.0,179.99999999999986,0.0
Tropics,787,10.0,179.99999999999986,0.0
Tropics,206,-30.000000000000004,52.25806451612912,0.0
Tropics,304,-20.0,-120.89552238805962,0.0
Tropics,869,20.0,-120.89552238805962,0.0
Tropics,1030,30.000000000000004,52.25806451612912,0.0
Tropics,179,-30.000000000000004,-104.516129032258,0.0
Tropics,1003,30.000000000000004,-104.516129032258,0.0
Tropics,361,-15.000000000000002,-174.7826086956522,0.0
Tropics,789,15.000000000000002,-174.7826086956522,0.0
Tropics,129,-35.0,-43.44827586206901,0.0
Tropics,520,-5.0,-83.66197183098598,0.0
Tropics,664,5.0,-83.66197183098598,0.0
Tropics,1074,35.0,-43.44827586206901,0.0
Tropics,260,-25.0,-2.7692307692307363,0.0
Tropics,428,-15.000000000000002,174.78260869565204,0.0
Tropics,856,15.000000000000002,174.78260869565204,0.0
Tropics,957,25.0,-2.7692307692307363,0.0
Tropics,187,-30.000000000000004,-58.06451612903216,0.0
Tropics,1011,30.000000000000004,-58.06451612903216,0.0
Tropics,51,-40.0,-180.0,0.0
Tropics,89,-40.0,68.72727272727266,0.0
Tropics,1111,40.0,-180.0,0.0
Tropics,1149,40.0,68.72727272727266,0.0
Tropics,322,-20.0,-24.17910447761188,0.0
Tropics,887,20.0,-24.17910447761188,0.0
Tropics,88,-40.0,62.18181818181812,0.0
Tropics,1148,40.0,62.18181818181812,0.0
Tropics,192,-30.000000000000004,-29.032258064516036,0.0
Tropics,1016,30.000000000000004,-29.032258064516036,0.0
Tropics,553,-5.0,83.66197183098579,0.0
Tropics,697,5.0,83.66197183098579,0.0
Tropics,207,-30.000000000000004,58.064516129032334,0.0
Tropics,1031,30.000000000000004,58.064516129032334,0.0
Tropics,106,-40.0,179.99999999999986,0.0
Tropics,122,-35.0,-86.89655172413798,0.0
Tropics,1067,35.0,-86.89655172413798,0.0
Tropics,1166,40.0,179.99999999999986,0.0
Tropics,69,-40.0,-62.181818181818265,0.0
Tropics,1129,40.0,-62.181818181818265,0.0
Tropics,87,-40.0,55.636363636363576,0.0
Tropics,216,-30.000000000000004,110.32258064516141,0.0
Tropics,1040,30.000000000000004,110.32258064516141,0.0
Tropics,1147,40.0,55.636363636363576,0.0
Tropics,257,-25.0,-19.38461538461535,0.0
Tropics,292,-25.0,174.4615384615385,0.0
Tropics,954,25.0,-19.38461538461535,0.0
Tropics,989,25.0,174.4615384615385,0.0
Tropics,581,0.0,-140.0,0.0
Tropics,637,0.0,140.0,0.0
Tropics,229,-25.0,-174.46153846153845,0.0
Tropics,926,25.0,-174.46153846153845,0.0
Tropics,202,-30.000000000000004,29.03225806451622,0.0
Tropics,1026,30.000000000000004,29.03225806451622,0.0
Tropics,424,-15.000000000000002,153.9130434782608,0.0
Tropics,852,15.000000000000002,153.9130434782608,0.0
Tropics,264,-25.0,19.384615384615415,0.0
Tropics,961,25.0,19.384615384615415,0.0
Tropics,70,-40.0,-55.63636363636371,0.0
Tropics,1130,40.0,-55.63636363636371,0.0
Tropics,1,-45.0,-172.8,0.0
Tropics,1168,45.0,-172.8,0.0
Tropics,49,-45.0,172.79999999999993,0.0
Tropics,365,-15.000000000000002,-153.91304347826093,0.0
Tropics,793,15.000000000000002,-153.91304347826093,0.0
Tropics,1216,45.0,172.79999999999993,0.0
Tropics,501,-5.0,-180.0,0.0
Tropics,645,5.0,-180.0,0.0
Tropics,560,-5.0,119.15492957746466,0.0
Tropics,704,5.0,119.15492957746466,0.0
Tropics,572,-5.0,179.99999999999983,0.0
Tropics,716,5.0,179.99999999999983,0.0
Tropics,178,-30.000000000000004,-110.32258064516122,0.0
Tropics,1002,30.000000000000004,-110.32258064516122,0.0
Tropics,513,-5.0,-119.15492957746483,0.0
Tropics,657,5.0,-119.15492957746483,0.0
Tropics,188,-30.000000000000004,-52.25806451612893,0.0
Tropics,1012,30.000000000000004,-52.25806451612893,0.0
Tropics,341,-20.0,77.91044776119409,0.0
Tropics,906,20.0,77.91044776119409,0.0
Tropics,58,-40.0,-134.18181818181827,0.0
Tropics,409,-15.000000000000002,75.65217391304343,0.0
Tropics,837,15.000000000000002,75.65217391304343,0.0
Tropics,1118,40.0,-134.18181818181827,0.0
Tropics,93,-40.0,94.90909090909085,0.0
Tropics,1153,40.0,94.90909090909085,0.0
Tropics,99,-40.0,134.18181818181813,0.0
Tropics,1159,40.0,134.18181818181813,0.0
Tropics,312,-20.0,-77.91044776119398,0.0
Tropics,877,20.0,-77.91044776119398,0.0
Tropics,507,-5.0,-149.5774647887324,0.0
Tropics,651,5.0,-149.5774647887324,0.0
Tropics,64,-40.0,-94.90909090909099,0.0
Tropics,593,0.0,-80.0,0.0
Tropics,625,0.0,80.0,0.0
Tropics,1124,40.0,-94.90909090909099,0.0
Tropics,380,-15.000000000000002,-75.65217391304357,0.0
Tropics,808,15.000000000000002,-75.65217391304357,0.0
Tropics,601,0.0,-40.0,0.0
Tropics,617,0.0,40.0,0.0
Tropics,273,-25.0,69.23076923076927,0.0
Tropics,970,25.0,69.23076923076927,0.0
Tropics,578,0.0,-155.0,0.0
Tropics,640,0.0,155.0,0.0
Tropics,248,-25.0,-69.23076923076921,0.0
Tropics,945,25.0,-69.23076923076921,0.0
Tropics,159,-35.0,142.75862068965515,0.0
Tropics,605,0.0,-20.0,0.0
Tropics,613,0.0,20.0,0.0
Tropics,1104,35.0,142.75862068965515,0.0
Tropics,113,-35.0,-142.75862068965523,0.0
Tropics,1058,35.0,-142.75862068965523,0.0
Tropics,607,0.0,-10.0,0.0
Tropics,611,0.0,10.0,0.0
Tropics,150,-35.0,86.8965517241379,0.0
Tropics,497,-10.0,164.57142857142844,0.0
Tropics,784,10.0,164.57142857142844,0.0
Tropics,1095,35.0,86.8965517241379,0.0
Tropics,212,-30.000000000000004,87.09677419354848,0.0
Tropics,1036,30.000000000000004,87.09677419354848,0.0
Tropics,71,-40.0,-49.090909090909165,0.0
Tropics,1131,40.0,-49.090909090909165,0.0
Tropics,608,0.0,-5.0,0.0
Tropics,610,0.0,5.0,0.0
Tropics,483,-10.0,92.5714285714285,0.0
Tropics,770,10.0,92.5714285714285,0.0
Tropics,474,-10.0,46.28571428571422,0.0
Tropics,761,10.0,46.28571428571422,0.0
Tropics,143,-35.0,43.44827586206892,0.0
Tropics,1088,35.0,43.44827586206892,0.0
Tropics,277,-25.0,91.3846153846154,0.0
Tropics,974,25.0,91.3846153846154,0.0
Tropics,182,-30.000000000000004,-87.0967741935483,0.0
Tropics,1006,30.000000000000004,-87.0967741935483,0.0
Tropics,244,-25.0,-91.38461538461534,0.0
Tropics,941,25.0,-91.38461538461534,0.0
Tropics,288,-25.0,152.30769230769232,0.0
Tropics,985,25.0,152.30769230769232,0.0
Tropics,86,-40.0,49.09090909090903,0.0
Tropics,281,-25.0,113.53846153846153,0.0
Tropics,978,25.0,113.53846153846153,0.0
Tropics,1146,40.0,49.09090909090903,0.0
Tropics,369,-15.000000000000002,-133.04347826086968,0.0
Tropics,797,15.000000000000002,-133.04347826086968,0.0
Tropics,233,-25.0,-152.30769230769226,0.0
Tropics,240,-25.0,-113.53846153846148,0.0
Tropics,930,25.0,-152.30769230769226,0.0
Tropics,937,25.0,-113.53846153846148,0.0
Tropics,456,-10.0,-46.28571428571436,0.0
Tropics,743,10.0,-46.28571428571436,0.0
Tropics,420,-15.000000000000002,133.04347826086953,0.0
Tropics,848,15.000000000000002,133.04347826086953,0.0
Tropics,211,-30.000000000000004,81.29032258064525,0.0
Tropics,1035,30.000000000000004,81.29032258064525,0.0
Tropics,447,-10.0,-92.57142857142864,0.0
Tropics,734,10.0,-92.57142857142864,0.0
Tropics,204,-30.000000000000004,40.64516129032267,0.0
Tropics,1028,30.000000000000004,40.64516129032267,0.0
Tropics,566,-5.0,149.57746478873224,0.0
Tropics,710,5.0,149.57746478873224,0.0
Tropics,496,-10.0,159.4285714285713,0.0
Tropics,783,10.0,159.4285714285713,0.0
Tropics,434,-10.0,-159.42857142857144,0.0
Tropics,721,10.0,-159.42857142857144,0.0
Tropics,290,-25.0,163.38461538461542,0.0
Tropics,987,25.0,163.38461538461542,0.0
Tropics,190,-30.000000000000004,-40.645161290322484,0.0
Tropics,1014,30.000000000000004,-40.645161290322484,0.0
Tropics,231,-25.0,-163.38461538461536,0.0
Tropics,928,25.0,-163.38461538461536,0.0
Tropics,183,-30.000000000000004,-81.29032258064507,0.0
Tropics,1007,30.000000000000004,-81.29032258064507,0.0
Tropics,123,-35.0,-80.68965517241384,0.0
Tropics,1068,35.0,-80.68965517241384,0.0
Tropics,149,-35.0,80.68965517241375,0.0
Tropics,1094,35.0,80.68965517241375,0.0
Tropics,4,-45.0,-151.20000000000005,0.0
Tropics,1171,45.0,-151.20000000000005,0.0
Tropics,46,-45.0,151.19999999999996,0.0
Tropics,1213,45.0,151.19999999999996,0.0
Tropics,186,-30.000000000000004,-63.87096774193538,0.0
Tropics,1010,30.000000000000004,-63.87096774193538,0.0
Tropics,433,-10.0,-164.57142857142858,0.0
Tropics,720,10.0,-164.57142857142858,0.0
Tropics,208,-30.000000000000004,63.87096774193556,0.0
Tropics,1032,30.000000000000004,63.87096774193556,0.0
Tropics,600,0.0,-45.0,0.0
Tropics,618,0.0,45.0,0.0
Tropics,25,-45.0,-4.440892098500626E-14,0.0
Tropics,1192,45.0,-4.440892098500626E-14,0.0
Tropics,511,-5.0,-129.29577464788736,0.0
Tropics,655,5.0,-129.29577464788736,0.0
Tropics,316,-20.0,-56.417910447761145,0.0
Tropics,881,20.0,-56.417910447761145,0.0
Tropics,276,-25.0,85.84615384615387,0.0
Tropics,973,25.0,85.84615384615387,0.0
Tropics,100,-40.0,140.72727272727266,0.0
Tropics,1160,40.0,140.72727272727266,0.0
Tropics,245,-25.0,-85.84615384615381,0.0
Tropics,591,0.0,-90.0,0.0
Tropics,627,0.0,90.0,0.0
Tropics,942,25.0,-85.84615384615381,0.0
Tropics,7,-45.0,-129.60000000000008,0.0
Tropics,161,-35.0,155.1724137931034,0.0
Tropics,1106,35.0,155.1724137931034,0.0
Tropics,1174,45.0,-129.60000000000008,0.0
Tropics,567,-5.0,154.6478873239435,0.0
Tropics,711,5.0,154.6478873239435,0.0
Tropics,111,-35.0,-155.1724137931035,0.0
Tropics,1056,35.0,-155.1724137931035,0.0
Tropics,57,-40.0,-140.7272727272728,0.0
Tropics,337,-20.0,56.417910447761265,0.0
Tropics,902,20.0,56.417910447761265,0.0
Tropics,1117,40.0,-140.7272727272728,0.0
Tropics,34,-45.0,64.79999999999997,0.0
Tropics,506,-5.0,-154.64788732394368,0.0
Tropics,650,5.0,-154.64788732394368,0.0
Tropics,1201,45.0,64.79999999999997,0.0
Tropics,562,-5.0,129.29577464788719,0.0
Tropics,706,5.0,129.29577464788719,0.0
Tropics,373,-15.000000000000002,-112.17391304347836,0.0
Tropics,801,15.000000000000002,-112.17391304347836,0.0
Tropics,416,-15.000000000000002,112.17391304347822,0.0
Tropics,844,15.000000000000002,112.17391304347822,0.0
Tropics,256,-25.0,-24.92307692307689,0.0
Tropics,953,25.0,-24.92307692307689,0.0
Tropics,261,-25.0,2.769230769230802,0.0
Tropics,958,25.0,2.769230769230802,0.0
Tropics,265,-25.0,24.923076923076955,0.0
Tropics,962,25.0,24.923076923076955,0.0
Tropics,441,-10.0,-123.42857142857147,0.0
Tropics,582,0.0,-135.0,0.0
Tropics,636,0.0,135.0,0.0
Tropics,728,10.0,-123.42857142857147,0.0
Tropics,579,0.0,-150.0,0.0
Tropics,639,0.0,150.0,0.0
Tropics,401,-15.000000000000002,33.9130434782608,0.0
Tropics,450,-10.0,-77.14285714285722,0.0
Tropics,737,10.0,-77.14285714285722,0.0
Tropics,829,15.000000000000002,33.9130434782608,0.0
Tropics,352,-20.0,137.01492537313436,0.0
Tropics,917,20.0,137.01492537313436,0.0
Tropics,301,-20.0,-137.01492537313425,0.0
Tropics,866,20.0,-137.01492537313425,0.0
Tropics,47,-45.0,158.39999999999995,0.0
Tropics,1214,45.0,158.39999999999995,0.0
Tropics,3,-45.0,-158.40000000000003,0.0
Tropics,1170,45.0,-158.40000000000003,0.0
Tropics,480,-10.0,77.14285714285708,0.0
Tropics,767,10.0,77.14285714285708,0.0
Tropics,230,-25.0,-168.9230769230769,0.0
Tropics,927,25.0,-168.9230769230769,0.0
Tropics,388,-15.000000000000002,-33.913043478260946,0.0
Tropics,816,15.000000000000002,-33.913043478260946,0.0
Tropics,291,-25.0,168.92307692307696,0.0
Tropics,988,25.0,168.92307692307696,0.0
Tropics,323,-20.0,-18.80597014925367,0.0
Tropics,888,20.0,-18.80597014925367,0.0
Tropics,397,-15.000000000000002,13.043478260869495,0.0
Tropics,825,15.000000000000002,13.043478260869495,0.0
Tropics,355,-20.0,153.13432835820902,0.0
Tropics,920,20.0,153.13432835820902,0.0
Tropics,0,-45.0,-180.0,0.0
Tropics,1167,45.0,-180.0,0.0
Tropics,154,-35.0,111.72413793103446,0.0
Tropics,489,-10.0,123.42857142857132,0.0
Tropics,776,10.0,123.42857142857132,0.0
Tropics,1099,35.0,111.72413793103446,0.0
Tropics,307,-20.0,-104.776119402985,0.0
Tropics,872,20.0,-104.776119402985,0.0
Tropics,298,-20.0,-153.1343283582089,0.0
Tropics,330,-20.0,18.805970149253792,0.0
Tropics,863,20.0,-153.1343283582089,0.0
Tropics,895,20.0,18.805970149253792,0.0
Tropics,118,-35.0,-111.72413793103455,0.0
Tropics,1063,35.0,-111.72413793103455,0.0
Tropics,335,-20.0,45.67164179104484,0.0
Tropics,900,20.0,45.67164179104484,0.0
Tropics,50,-45.0,179.99999999999991,0.0
Tropics,346,-20.0,104.77611940298512,0.0
Tropics,374,-15.000000000000002,-106.95652173913054,0.0
Tropics,802,15.000000000000002,-106.95652173913054,0.0
Tropics,911,20.0,104.77611940298512,0.0
Tropics,1217,45.0,179.99999999999991,0.0
Tropics,145,-35.0,55.86206896551719,0.0
Tropics,415,-15.000000000000002,106.9565217391304,0.0
Tropics,843,15.000000000000002,106.9565217391304,0.0
Tropics,1090,35.0,55.86206896551719,0.0
Tropics,432,-10.0,-169.71428571428572,0.0
Tropics,719,10.0,-169.71428571428572,0.0
Tropics,127,-35.0,-55.86206896551728,0.0
Tropics,1072,35.0,-55.86206896551728,0.0
Tropics,318,-20.0,-45.67164179104472,0.0
Tropics,883,20.0,-45.67164179104472,0.0
Tropics,9,-45.0,-115.20000000000009,0.0
Tropics,1176,45.0,-115.20000000000009,0.0
Tropics,498,-10.0,169.71428571428558,0.0
Tropics,785,10.0,169.71428571428558,0.0
Tropics,41,-45.0,115.19999999999997,0.0
Tropics,1208,45.0,115.19999999999997,0.0
