Tropics,GEO1,616,GEO1_comms,12781.003964743482,13898.666551212165
Tropics,GEO1,614,GEO1_comms,4197.247237988523,5319.42596444415
Tropics,GEO1,615,GEO1_comms,8490.158226259044,9607.924605700226
Tropics,GEO1,617,GEO1_comms,17069.58131594599,18191.512143345113
Tropics,GEO1,613,GEO1_comms,0.0,1031.9343437930565
Tropics,GEO1,618,GEO1_comms,21357.078809681952,21600.0
Tropics,SAT1,609,FFSS_22.0_FOR,19838.08239819686,19892.754198858736
Tropics,SAT1,33,FFSS_22.0_FOR,20948.399758762534,21003.457298077654
Tropics,SAT1,471,FFSS_22.0_FOR,14370.677827693775,14424.577404804575
Tropics,SAT1,758,FFSS_22.0_FOR,8195.458713522314,8250.159005153117
Tropics,SAT1,1184,FFSS_22.0_FOR,6844.451797933711,6899.180971302363
Tropics,SAT1,1184,FFSS_22.0_FOR,12786.959400283298,12841.602909213329
Tropics,SAT1,1184,FFSS_22.0_FOR,18721.503554051418,18777.863405024767
Tropics,SAT1,798,FFSS_22.0_FOR,11704.467835981744,11760.27963388694
Tropics,SAT1,1191,FFSS_22.0_FOR,1488.369365738228,1543.007085572966
Tropics,SAT1,272,FFSS_22.0_FOR,8975.532685405791,9030.698988673163
Tropics,SAT1,764,FFSS_22.0_FOR,2612.7780577857347,2666.930582528201
Tropics,SAT1,1141,FFSS_22.0_FOR,1786.448129917986,1840.9218133957322
Tropics,SAT1,832,FFSS_22.0_FOR,2413.4479469303224,2468.372070993624
Tropics,SAT1,536,FFSS_22.0_FOR,19866.60864909997,19920.82355816481
Tropics,SAT1,1190,FFSS_22.0_FOR,1404.2530115627058,1458.9105784982955
Tropics,SAT1,1190,FFSS_22.0_FOR,7342.76392921437,7398.193831329358
Tropics,SAT1,692,FFSS_22.0_FOR,2629.627929114053,2685.0001649938895
Tropics,SAT1,1136,FFSS_22.0_FOR,7345.499200716964,7400.72781867987
Tropics,SAT1,755,FFSS_22.0_FOR,13958.788065750308,14013.708039754236
Tropics,SAT1,406,FFSS_22.0_FOR,8824.02314186947,8878.049513224489
Tropics,SAT1,834,FFSS_22.0_FOR,2534.7087749574503,2590.417161803652
Tropics,SAT1,1188,FFSS_22.0_FOR,1236.318645188841,1290.948991113289
Tropics,SAT1,1188,FFSS_22.0_FOR,7179.5160344396945,7234.155142448039
Tropics,SAT1,820,FFSS_22.0_FOR,19512.9049572327,19568.0034258054
Tropics,SAT1,1194,FFSS_22.0_FOR,1731.706962407799,1788.057194900978
Tropics,SAT1,396,FFSS_22.0_FOR,20101.843632315067,20155.845371790187
Tropics,SAT1,824,FFSS_22.0_FOR,13814.14579017648,13868.080788917247
Tropics,SAT1,36,FFSS_22.0_FOR,15258.174312736552,15313.497378712485
Tropics,SAT1,36,FFSS_22.0_FOR,21197.887430431067,21252.54737484396
Tropics,SAT1,1181,FFSS_22.0_FOR,12535.227516363277,12589.888057695165
Tropics,SAT1,1181,FFSS_22.0_FOR,18478.212347966175,18532.84879349287
Tropics,SAT1,435,FFSS_22.0_FOR,11107.807760025462,11161.8529825306
Tropics,SAT1,730,FFSS_22.0_FOR,5875.7487976839975,5929.528329433041
Tropics,SAT1,749,FFSS_22.0_FOR,19542.624474534154,19596.65673395949
Tropics,SAT1,402,FFSS_22.0_FOR,14523.921388982899,14579.203749640206
Tropics,SAT1,547,FFSS_22.0_FOR,8630.678349885362,8685.748122521458
Tropics,SAT1,936,FFSS_22.0_FOR,11914.606795941807,11969.173099142496
Tropics,SAT1,476,FFSS_22.0_FOR,8727.344986862625,8781.780597470199
Tropics,SAT1,763,FFSS_22.0_FOR,2552.768758354652,2606.8158154167395
Tropics,SAT1,510,FFSS_22.0_FOR,5453.136648007225,5508.854669135429
Tropics,SAT1,1142,FFSS_22.0_FOR,1861.0651879434101,1916.0711990918255
Tropics,SAT1,85,FFSS_22.0_FOR,20747.877803099058,20802.65315052582
Tropics,SAT1,1183,FFSS_22.0_FOR,6763.039653632705,6818.32793522141
Tropics,SAT1,1183,FFSS_22.0_FOR,12702.708345502602,12757.36406827564
Tropics,SAT1,1183,FFSS_22.0_FOR,18642.720615648974,18697.857790888193
Tropics,SAT1,43,FFSS_22.0_FOR,3958.5759036247637,4013.637601206313
Tropics,SAT1,43,FFSS_22.0_FOR,9899.43493027288,9954.091168285027
Tropics,SAT1,43,FFSS_22.0_FOR,15837.932685231412,15893.329621631292
Tropics,SAT1,1135,FFSS_22.0_FOR,7264.513933128815,7320.772723527265
Tropics,SAT1,1135,FFSS_22.0_FOR,13211.70223509384,13267.20863847083
Tropics,SAT1,1132,FFSS_22.0_FOR,1053.3621337539719,1108.1690377956936
Tropics,SAT1,1132,FFSS_22.0_FOR,12982.02439598594,13037.577752726032
Tropics,SAT1,299,FFSS_22.0_FOR,5127.830401062191,5182.666982075086
Tropics,SAT1,864,FFSS_22.0_FOR,17470.399453165435,17525.456419686678
Tropics,SAT1,1000,FFSS_22.0_FOR,11931.429944196152,11986.554125872592
Tropics,SAT1,901,FFSS_22.0_FOR,2376.4806051305936,2430.572657740134
Tropics,SAT1,1177,FFSS_22.0_FOR,18143.679206834015,18198.521126695963
Tropics,SAT1,110,FFSS_22.0_FOR,4821.924505642772,4876.308010244693
Tropics,SAT1,40,FFSS_22.0_FOR,9648.996567254144,9703.873058825002
Tropics,SAT1,40,FFSS_22.0_FOR,15590.812390989271,15645.460073343782
Tropics,SAT1,40,FFSS_22.0_FOR,21527.471243100426,21583.2684210677
Tropics,SAT1,750,FFSS_22.0_FOR,19602.606725041718,19656.77558787994
Tropics,SAT1,162,FFSS_22.0_FOR,10326.103047278442,10382.46288097973
Tropics,SAT1,647,FFSS_22.0_FOR,17042.994907719178,17096.86897743505
Tropics,SAT1,169,FFSS_22.0_FOR,4850.846450252137,4906.362432755785
Tropics,SAT1,224,FFSS_22.0_FOR,16265.75926446254,16319.826815389208
Tropics,SAT1,367,FFSS_22.0_FOR,5232.462086973596,5287.844494218095
Tropics,SAT1,170,FFSS_22.0_FOR,4921.096275295971,4975.203601812445
Tropics,SAT1,95,FFSS_22.0_FOR,9627.594403329284,9683.380152385938
Tropics,SAT1,95,FFSS_22.0_FOR,21556.704818696922,21600.0
Tropics,SAT1,107,FFSS_22.0_FOR,10544.960161171524,10600.795423783184
Tropics,SAT1,590,FFSS_22.0_FOR,28.100167455948096,83.19226213381413
Tropics,SAT1,165,FFSS_22.0_FOR,10544.960161171524,10600.795423783184
Tropics,SAT1,1179,FFSS_22.0_FOR,12373.048798587828,12429.172084562773
Tropics,SAT1,1179,FFSS_22.0_FOR,18309.83615239912,18364.474018903733
Tropics,SAT1,38,FFSS_22.0_FOR,15422.55054652506,15477.189469697088
Tropics,SAT1,38,FFSS_22.0_FOR,21365.706340511475,21420.345387704736
Tropics,SAT1,225,FFSS_22.0_FOR,16331.244231053297,16386.646532110226
Tropics,SAT1,1122,FFSS_22.0_FOR,18122.300675005146,18178.05592632046
Tropics,SAT1,541,FFSS_22.0_FOR,14219.274881491538,14273.101121372794
Tropics,SAT1,661,FFSS_22.0_FOR,41.15043587737879,95.40654446301671
Tropics,SAT1,467,FFSS_22.0_FOR,20073.828157663233,20129.166467571136
Tropics,SAT1,754,FFSS_22.0_FOR,13899.622622692235,13953.350177388016
Tropics,SAT1,729,FFSS_22.0_FOR,5815.573995769249,5869.838340232438
Tropics,SAT1,897,FFSS_22.0_FOR,8068.071413857644,8123.018942983603
Tropics,SAT1,167,FFSS_22.0_FOR,10659.457591741215,10714.530732151678
Tropics,SAT1,753,FFSS_22.0_FOR,13837.830106028394,13893.517140959555
Tropics,SAT1,164,FFSS_22.0_FOR,10475.74793036907,10530.050287180258
Tropics,SAT1,481,FFSS_22.0_FOR,3083.991069387896,3139.297588885943
Tropics,SAT1,227,FFSS_22.0_FOR,10523.721279292195,10578.939841399353
Tropics,SAT1,343,FFSS_22.0_FOR,3270.1919613869536,3324.19049067795
Tropics,SAT1,886,FFSS_22.0_FOR,19263.768913391246,19319.613504128196
Tropics,SAT1,512,FFSS_22.0_FOR,5572.469774590269,5627.133265259529
Tropics,SAT1,656,FFSS_22.0_FOR,5688.356575171724,5743.2959055687
Tropics,SAT1,805,FFSS_22.0_FOR,243.6768606223771,298.87067840214866
Tropics,SAT1,951,FFSS_22.0_FOR,19135.0689243132,19191.02929120198
Tropics,SAT1,891,FFSS_22.0_FOR,13635.64708673767,13690.152344680084
Tropics,SAT1,1189,FFSS_22.0_FOR,1319.9908510105108,1374.6292572754924
Tropics,SAT1,1189,FFSS_22.0_FOR,7262.167487883533,7316.95521929764
Tropics,SAT1,109,FFSS_22.0_FOR,4749.375504434238,4803.899277329153
Tropics,SAT1,163,FFSS_22.0_FOR,10402.711355159501,10457.370204292605
Tropics,SAT1,1180,FFSS_22.0_FOR,12453.25961051055,12508.28401251538
Tropics,SAT1,1180,FFSS_22.0_FOR,18394.100353709073,18448.75608236691
Tropics,SAT1,37,FFSS_22.0_FOR,15339.604276846243,15394.360073768074
Tropics,SAT1,37,FFSS_22.0_FOR,21282.142933907566,21336.77915945817
Tropics,SAT1,274,FFSS_22.0_FOR,9104.983998508871,9160.348875123904
Tropics,SAT1,1186,FFSS_22.0_FOR,1073.0290572448887,1128.681631025708
Tropics,SAT1,1186,FFSS_22.0_FOR,7011.329142916891,7065.978332602411
Tropics,SAT1,1186,FFSS_22.0_FOR,12952.575015441353,13007.502306304421
Tropics,SAT1,300,FFSS_22.0_FOR,5191.800463037889,5245.59488305981
Tropics,SAT1,1081,FFSS_22.0_FOR,7575.801554043098,7630.4545477468355
Tropics,SAT1,623,FFSS_22.0_FOR,2825.2232214872874,2879.1117686777416
Tropics,SAT1,944,FFSS_22.0_FOR,544.6969258396853,598.6092042656664
Tropics,SAT1,964,FFSS_22.0_FOR,2145.182385146879,2201.1692904889087
Tropics,SAT1,334,FFSS_22.0_FOR,14592.564529133851,14646.51905426206
Tropics,SAT1,1001,FFSS_22.0_FOR,11998.399308861242,12052.463619675435
Tropics,SAT1,537,FFSS_22.0_FOR,19925.971881721445,19979.90187907613
Tropics,SAT1,108,FFSS_22.0_FOR,4673.215195780107,4729.294806130153
Tropics,SAT1,819,FFSS_22.0_FOR,19453.207140387996,19506.99077729094
Tropics,SAT1,1134,FFSS_22.0_FOR,1213.360713694489,1270.1562424423566
Tropics,SAT1,1134,FFSS_22.0_FOR,13138.247295484043,13192.761810284917
Tropics,SAT1,1193,FFSS_22.0_FOR,1652.9030247462224,1708.0371017084644
Tropics,SAT1,873,FFSS_22.0_FOR,6148.0617438246,6203.280407673301
Tropics,SAT1,411,FFSS_22.0_FOR,3185.1391455361068,3239.874487746428
Tropics,SAT1,806,FFSS_22.0_FOR,304.6974264531948,358.3639503440679
Tropics,SAT1,269,FFSS_22.0_FOR,14724.613544487485,14778.816922956334
Tropics,SAT1,966,FFSS_22.0_FOR,2276.479151295978,2331.138166514332
Tropics,SAT1,90,FFSS_22.0_FOR,15185.884393759703,15240.528912253627
Tropics,SAT1,585,FFSS_22.0_FOR,5679.939277766793,5734.470901073289
Tropics,SAT1,45,FFSS_22.0_FOR,4123.891529523518,4178.532008560068
Tropics,SAT1,45,FFSS_22.0_FOR,10066.708943681993,10121.388794408866
Tropics,SAT1,1023,FFSS_22.0_FOR,7757.061902230985,7811.227223107612
Tropics,SAT1,339,FFSS_22.0_FOR,8962.891939716998,9017.57180533605
Tropics,SAT1,1127,FFSS_22.0_FOR,6614.453511838813,6668.957162023997
Tropics,SAT1,1127,FFSS_22.0_FOR,18536.155688611823,18593.081660436692
Tropics,SAT1,48,FFSS_22.0_FOR,4375.869823741004,4430.507115533058
Tropics,SAT1,546,FFSS_22.0_FOR,8571.851646244364,8625.513821716593
Tropics,SAT1,622,FFSS_22.0_FOR,2766.6064238538543,2820.8302681065743
Tropics,SAT1,214,FFSS_22.0_FOR,3490.1061646840426,3544.282436821878
Tropics,SAT1,201,FFSS_22.0_FOR,20439.758309865432,20494.557684010302
Tropics,SAT1,364,FFSS_22.0_FOR,10994.59074739487,11048.671416056115
Tropics,SAT1,792,FFSS_22.0_FOR,17282.364337816467,17336.082271912044
Tropics,SAT1,1005,FFSS_22.0_FOR,6326.107360242459,6380.178569560678
Tropics,SAT1,1004,FFSS_22.0_FOR,6259.316087222402,6314.778409902386
Tropics,SAT1,101,FFSS_22.0_FOR,10123.640156008765,10179.51358299735
Tropics,SAT1,101,FFSS_22.0_FOR,16067.266147208986,16123.400417216404
Tropics,SAT1,213,FFSS_22.0_FOR,3423.3830610725195,3479.1250554661087
Tropics,SAT1,653,FFSS_22.0_FOR,11454.537466686468,11509.122446997266
Tropics,SAT1,205,FFSS_22.0_FOR,14767.612796800182,14822.677729867262
Tropics,SAT1,688,FFSS_22.0_FOR,8337.47717001393,8391.276523033368
Tropics,SAT1,1022,FFSS_22.0_FOR,7687.055565604649,7742.4958312363815
Tropics,SAT1,438,FFSS_22.0_FOR,5343.032670831282,5398.623703188964
Tropics,SAT1,725,FFSS_22.0_FOR,11519.045974838024,11572.633563316565
Tropics,SAT1,475,FFSS_22.0_FOR,8667.350659156104,8721.211970755998
Tropics,SAT1,956,FFSS_22.0_FOR,13517.138270572414,13571.613091290383
Tropics,SAT1,1076,FFSS_22.0_FOR,13152.268370969137,13208.828248124519
Tropics,SAT1,146,FFSS_22.0_FOR,14994.17278003629,15048.579211015489
Tropics,SAT1,943,FFSS_22.0_FOR,480.5267882192544,535.604504508324
Tropics,SAT1,892,FFSS_22.0_FOR,13698.93285352553,13752.962262885834
Tropics,SAT1,400,FFSS_22.0_FOR,14401.903022509272,14457.185067117329
Tropics,SAT1,828,FFSS_22.0_FOR,8114.354034408142,8168.246662288017
Tropics,SAT1,1071,FFSS_22.0_FOR,787.6410425636832,841.9710595112152
Tropics,SAT1,97,FFSS_22.0_FOR,3833.6471637688264,3888.1560454924643
Tropics,SAT1,97,FFSS_22.0_FOR,15759.723053275175,15815.951835618709
Tropics,SAT1,155,FFSS_22.0_FOR,3761.7889306963043,3817.9586359188397
Tropics,SAT1,141,FFSS_22.0_FOR,20576.077247456935,20630.964087787554
Tropics,SAT1,1086,FFSS_22.0_FOR,1994.7492657185003,2049.2593851687056
Tropics,SAT1,1120,FFSS_22.0_FOR,17966.210295212328,18020.63176391783
Tropics,SAT1,862,FFSS_22.0_FOR,17344.89385120722,17400.2304563098
Tropics,SAT1,42,FFSS_22.0_FOR,3878.3589240677447,3934.5329402319708
Tropics,SAT1,42,FFSS_22.0_FOR,9815.165511202697,9869.81380939896
Tropics,SAT1,42,FFSS_22.0_FOR,15757.34628065263,15812.108931630553
Tropics,SAT1,470,FFSS_22.0_FOR,14310.489709566216,14364.860086591845
Tropics,SAT1,465,FFSS_22.0_FOR,19953.521671508737,20008.75679989624
Tropics,SAT1,329,FFSS_22.0_FOR,20222.41562390013,20276.421453312385
Tropics,SAT1,584,FFSS_22.0_FOR,5621.958907689814,5675.547200624846
Tropics,SAT1,614,FFSS_22.0_FOR,14186.245844739595,14241.483621934862
Tropics,SAT1,580,FFSS_22.0_FOR,11331.733175317855,11385.827745675846
Tropics,SAT1,1138,FFSS_22.0_FOR,1546.2616316817293,1603.1942246438418
Tropics,SAT1,1138,FFSS_22.0_FOR,7499.844173850303,7554.530010631427
Tropics,SAT1,502,FFSS_22.0_FOR,16868.033294808807,16921.723141210645
Tropics,SAT1,1018,FFSS_22.0_FOR,13359.896696160971,13415.055230931634
Tropics,SAT1,1137,FFSS_22.0_FOR,7424.141774990493,7478.684925235285
Tropics,SAT1,427,FFSS_22.0_FOR,16571.840214662578,16626.63625887518
Tropics,SAT1,589,FFSS_22.0_FOR,0.0,23.913992777306007
Tropics,SAT1,359,FFSS_22.0_FOR,16575.06853268691,16630.493072772522
Tropics,SAT1,684,FFSS_22.0_FOR,14044.102380961216,14098.068373486307
Tropics,SAT1,1078,FFSS_22.0_FOR,13302.392267670857,13356.736771802469
Tropics,SAT1,203,FFSS_22.0_FOR,20575.970880034925,20631.67256147883
Tropics,SAT1,1027,FFSS_22.0_FOR,2084.6598134144615,2138.884644532167
Tropics,SAT1,142,FFSS_22.0_FOR,20647.747168495134,20702.093323693713
Tropics,SAT1,1070,FFSS_22.0_FOR,716.9828802976298,772.9559639510171
Tropics,SAT1,147,FFSS_22.0_FOR,15068.229082177548,15123.886323641915
Tropics,SAT1,735,FFSS_22.0_FOR,232.4095112399105,286.72042629639515
Tropics,SAT1,1084,FFSS_22.0_FOR,1846.4950320677888,1902.498505810219
Tropics,SAT1,952,FFSS_22.0_FOR,19202.491626445688,19256.59380981107
Tropics,SAT1,960,FFSS_22.0_FOR,7831.369945317214,7886.477896901572
Tropics,SAT1,1015,FFSS_22.0_FOR,19101.65638509029,19155.822670730944
Tropics,SAT1,210,FFSS_22.0_FOR,9162.384849585776,9216.533272771541
Tropics,SAT1,1075,FFSS_22.0_FOR,19026.1012294644,19081.537396801697
Tropics,SAT1,209,FFSS_22.0_FOR,9095.48815468898,9150.866526682228
Tropics,SAT1,1009,FFSS_22.0_FOR,653.8434998493291,707.9631319752973
Tropics,SAT1,823,FFSS_22.0_FOR,13752.692124215315,13807.14511117004
Tropics,SAT1,1024,FFSS_22.0_FOR,7823.323311615944,7878.338932885421
Tropics,SAT1,1060,FFSS_22.0_FOR,17820.783436295416,17875.0855767634
Tropics,SAT1,1069,FFSS_22.0_FOR,6588.189119789433,6644.165116166653
Tropics,SAT1,1008,FFSS_22.0_FOR,587.2211076798606,643.0711152644791
Tropics,SAT1,405,FFSS_22.0_FOR,8763.078791454012,8817.389039202637
Tropics,SAT1,833,FFSS_22.0_FOR,2475.534653389316,2529.331691024012
Tropics,SAT1,1019,FFSS_22.0_FOR,13429.393981441006,13483.539517867133
Tropics,SAT1,228,FFSS_22.0_FOR,10640.344901167173,10696.23006624803
Tropics,SAT1,151,FFSS_22.0_FOR,9414.988670740344,9470.894260866207
Tropics,SAT1,1020,FFSS_22.0_FOR,13495.145040024903,13550.465711701003
Tropics,SAT1,289,FFSS_22.0_FOR,16326.523547503097,16381.531777391961
Tropics,SAT1,575,FFSS_22.0_FOR,16983.47791460173,17037.25868655631
Tropics,SAT1,1126,FFSS_22.0_FOR,6540.251860570428,6595.907052045989
Tropics,SAT1,1126,FFSS_22.0_FOR,12485.797797782187,12541.907633845922
Tropics,SAT1,52,FFSS_22.0_FOR,4643.587114517072,4698.048246781345
Tropics,SAT1,105,FFSS_22.0_FOR,4487.350785045918,4542.873522550936
Tropics,SAT1,693,FFSS_22.0_FOR,2690.088610055146,2743.746545207518
Tropics,SAT1,91,FFSS_22.0_FOR,15264.300252653335,15319.746424688057
Tropics,SAT1,724,FFSS_22.0_FOR,11458.611449873806,11513.745281648151
Tropics,SAT1,53,FFSS_22.0_FOR,4717.049039343168,4772.488852657494
Tropics,SAT1,104,FFSS_22.0_FOR,4405.732484144101,4462.3145267838845
Tropics,SAT1,104,FFSS_22.0_FOR,10356.22694227359,10411.178569177044
Tropics,SAT1,551,FFSS_22.0_FOR,2924.3483621574533,2978.070712421683
Tropics,SAT1,662,FFSS_22.0_FOR,100.5923523512812,154.31100097429484
Tropics,SAT1,658,FFSS_22.0_FOR,5806.837775891643,5862.21282693041
Tropics,SAT1,1133,FFSS_22.0_FOR,1132.427902714499,1188.1745954078804
Tropics,SAT1,1133,FFSS_22.0_FOR,13061.512959118985,13116.21599707459
Tropics,SAT1,479,FFSS_22.0_FOR,2963.668318997836,3018.9351955572556
Tropics,SAT1,295,FFSS_22.0_FOR,10821.397689815345,10875.406495311609
Tropics,SAT1,358,FFSS_22.0_FOR,16514.204303257568,16567.983493453637
Tropics,SAT1,759,FFSS_22.0_FOR,8256.335103955531,8310.100909384431
Tropics,SAT1,1139,FFSS_22.0_FOR,1628.434311760437,1684.3412739017226
Tropics,SAT1,1139,FFSS_22.0_FOR,7572.118119738814,7628.306692039019
Tropics,SAT1,574,FFSS_22.0_FOR,16924.893622139465,16978.982884485857
Tropics,SAT1,867,FFSS_22.0_FOR,11714.928729482603,11769.065298122106
Tropics,SAT1,338,FFSS_22.0_FOR,8900.026439160894,8953.985798434269
Tropics,SAT1,545,FFSS_22.0_FOR,8511.868062632335,8567.35381025745
Tropics,SAT1,689,FFSS_22.0_FOR,8396.325399424844,8450.77849971696
Tropics,SAT1,171,FFSS_22.0_FOR,4987.601798369447,5042.394317299909
Tropics,SAT1,160,FFSS_22.0_FOR,16129.506029444607,16183.758843988699
Tropics,SAT1,440,FFSS_22.0_FOR,5463.986464896898,5518.776743131871
Tropics,SAT1,1140,FFSS_22.0_FOR,1708.7170383581993,1763.6585176219187
Tropics,SAT1,223,FFSS_22.0_FOR,16196.527447891443,16251.4798010745
Tropics,SAT1,997,FFSS_22.0_FOR,17670.720532029958,17724.818288917195
Tropics,SAT1,1059,FFSS_22.0_FOR,17749.002847598433,17803.716208447684
Tropics,SAT1,818,FFSS_22.0_FOR,19390.52598105544,19445.990856601205
Tropics,SAT1,158,FFSS_22.0_FOR,15978.93618519762,16035.589883332388
Tropics,SAT1,1080,FFSS_22.0_FOR,7499.409222490314,7555.683624927165
Tropics,SAT1,996,FFSS_22.0_FOR,17603.564012283638,17658.39900206514
Tropics,SAT1,876,FFSS_22.0_FOR,392.53157472645114,446.58600984718737
Tropics,SAT1,499,FFSS_22.0_FOR,16690.52963028703,16745.104760704122
Tropics,SAT1,998,FFSS_22.0_FOR,17739.51799647769,17794.98247055164
Tropics,SAT1,1123,FFSS_22.0_FOR,12252.769848457832,12307.48949499459
Tropics,SAT1,1123,FFSS_22.0_FOR,18203.24643252147,18260.049948971904
Tropics,SAT1,939,FFSS_22.0_FOR,6165.11224902558,6219.493672696456
Tropics,SAT1,342,FFSS_22.0_FOR,3207.5670137954207,3262.1726031290814
Tropics,SAT1,932,FFSS_22.0_FOR,17599.79215638627,17655.076824067128
Tropics,SAT1,94,FFSS_22.0_FOR,9548.508674961415,9603.362704004276
Tropics,SAT1,94,FFSS_22.0_FOR,21477.228242331585,21532.74546253189
Tropics,SAT1,550,FFSS_22.0_FOR,2864.724292469386,2919.41199040359
Tropics,SAT1,694,FFSS_22.0_FOR,2748.4270348592536,2803.5948713155717
Tropics,SAT1,98,FFSS_22.0_FOR,3911.3605511092505,3966.483966070262
Tropics,SAT1,98,FFSS_22.0_FOR,15840.699393922534,15895.888077694268
Tropics,SAT1,268,FFSS_22.0_FOR,14660.123136243714,14714.59633189859
Tropics,SAT1,1119,FFSS_22.0_FOR,17891.31244471914,17946.40339045094
Tropics,SAT1,344,FFSS_22.0_FOR,3333.4821695985574,3389.619562298618
Tropics,SAT1,278,FFSS_22.0_FOR,3419.796439037447,3474.4474867801714
Tropics,SAT1,827,FFSS_22.0_FOR,8092.155610376694,8107.1753419074685
Tropics,SAT1,940,FFSS_22.0_FOR,6229.581266666554,6283.685519315348
Tropics,SAT1,678,FFSS_22.0_FOR,19631.77751108812,19686.525486016126
Tropics,SAT1,410,FFSS_22.0_FOR,3124.1910395311174,3178.0252225999975
Tropics,SAT1,1085,FFSS_22.0_FOR,1922.4366758112446,1976.9681306584512
Tropics,SAT1,1083,FFSS_22.0_FOR,7717.56947807278,7773.662916892468
Tropics,SAT1,1073,FFSS_22.0_FOR,935.006655810205,991.2560518991071
Tropics,SAT1,1073,FFSS_22.0_FOR,18882.348228647985,18937.31370237835
Tropics,SAT1,102,FFSS_22.0_FOR,10203.912918542857,10258.810532281115
Tropics,SAT1,807,FFSS_22.0_FOR,365.6643558848351,420.81433676984886
Tropics,SAT1,1065,FFSS_22.0_FOR,12241.412439368227,12297.13026969589
Tropics,SAT1,1082,FFSS_22.0_FOR,7648.603561659138,7703.014355112002
Tropics,SAT1,152,FFSS_22.0_FOR,3551.5363250560313,3600.3571575464116
Tropics,SAT1,96,FFSS_22.0_FOR,3758.048282047505,3812.830726812391
Tropics,SAT1,96,FFSS_22.0_FOR,9708.54489276114,9765.368543769346
Tropics,SAT1,1079,FFSS_22.0_FOR,13371.869170227625,13427.61345442831
Tropics,SAT1,1121,FFSS_22.0_FOR,18043.220301492423,18098.032550754986
Tropics,SAT1,1077,FFSS_22.0_FOR,13229.105260570188,13283.902873337422
Tropics,SAT1,333,FFSS_22.0_FOR,14529.962496168251,14584.699204318713
Tropics,SAT1,1061,FFSS_22.0_FOR,17894.676314963595,17950.152465955278
Tropics,SAT1,648,FFSS_22.0_FOR,17102.19201085689,17156.206602942035
Tropics,SAT1,868,FFSS_22.0_FOR,11777.624069346622,11831.743948623425
Tropics,SAT1,166,FFSS_22.0_FOR,10593.462599013981,10647.53006445504
Tropics,SAT1,32,FFSS_22.0_FOR,20868.170187765754,20924.332094603822
Tropics,SAT1,360,FFSS_22.0_FOR,16693.02117147676,16748.64412543883
Tropics,SAT1,1178,FFSS_22.0_FOR,18226.158590426003,18280.78682430327
Tropics,SAT1,429,FFSS_22.0_FOR,16693.021171476757,16748.644125438826
Tropics,SAT1,1185,FFSS_22.0_FOR,6927.383795688248,6982.004992966144
Tropics,SAT1,1185,FFSS_22.0_FOR,12870.524163725082,12925.180847879816
Tropics,SAT1,39,FFSS_22.0_FOR,9568.15815725662,9623.846814159471
Tropics,SAT1,39,FFSS_22.0_FOR,15506.506227438362,15561.162510014898
Tropics,SAT1,39,FFSS_22.0_FOR,21447.75116816513,21502.651204384987
Tropics,SAT1,683,FFSS_22.0_FOR,13984.70975657265,14038.872927250673
Tropics,SAT1,439,FFSS_22.0_FOR,5404.823930248368,5458.4393856314555
Tropics,SAT1,726,FFSS_22.0_FOR,11578.890683307038,11634.098963106833
Tropics,SAT1,44,FFSS_22.0_FOR,4040.54969237894,4095.2354974314694
Tropics,SAT1,44,FFSS_22.0_FOR,9983.553438358309,10038.178709983482
Tropics,SAT1,871,FFSS_22.0_FOR,6022.493685121921,6077.650571724282
Tropics,SAT1,542,FFSS_22.0_FOR,14278.350529779877,14332.740059158208
Tropics,SAT1,92,FFSS_22.0_FOR,9396.58692395771,9451.746167032363
Tropics,SAT1,92,FFSS_22.0_FOR,15344.66684908996,15401.160888349787
Tropics,SAT1,296,FFSS_22.0_FOR,10883.783578714447,10938.060798494582
Tropics,SAT1,1125,FFSS_22.0_FOR,12406.069300193501,12461.155811498684
Tropics,SAT1,357,FFSS_22.0_FOR,16450.02673434337,16505.012713837314
Tropics,SAT1,612,FFSS_22.0_FOR,14069.229819910879,14124.458440533734
Tropics,SAT1,153,FFSS_22.0_FOR,3614.678542250805,3669.1255739733438
Tropics,SAT1,368,FFSS_22.0_FOR,5295.154935174469,5348.831100926632
Tropics,SAT1,796,FFSS_22.0_FOR,11582.48128462204,11637.101676940712
Tropics,SAT1,234,FFSS_22.0_FOR,5087.4272164865715,5141.514869259239
Tropics,SAT1,931,FFSS_22.0_FOR,17534.54370162327,17588.45670476757
Tropics,SAT1,1064,FFSS_22.0_FOR,12167.22376329962,12221.60047109174
Tropics,SAT1,896,FFSS_22.0_FOR,8006.537521059843,8060.443791021454
Tropics,SAT1,35,FFSS_22.0_FOR,21113.7342676721,21168.37560236075
Tropics,SAT1,270,FFSS_22.0_FOR,14790.35016877261,14846.67045692729
Tropics,SAT1,679,FFSS_22.0_FOR,19691.74897443303,19745.45384840895
Tropics,SAT1,1182,FFSS_22.0_FOR,12618.563999873746,12673.190506725443
Tropics,SAT1,1182,FFSS_22.0_FOR,18561.361170284774,18616.063132956482
Tropics,SAT1,1187,FFSS_22.0_FOR,1153.849149634895,1208.6964102503778
Tropics,SAT1,1187,FFSS_22.0_FOR,7095.629277350567,7150.281426564337
Tropics,SAT1,1187,FFSS_22.0_FOR,13032.306394659043,13088.138091404659
Tropics,SAT1,103,FFSS_22.0_FOR,10281.628826284545,10336.052307238751
Tropics,SAT1,1128,FFSS_22.0_FOR,6690.746154909637,6745.340380756688
Tropics,SAT1,1128,FFSS_22.0_FOR,18618.316612517807,18674.21576660893
Tropics,SAT1,363,FFSS_22.0_FOR,10933.743987777936,10987.751056490335
Tropics,SAT1,430,FFSS_22.0_FOR,16751.37584330124,16805.030069561857
Tropics,SAT1,215,FFSS_22.0_FOR,3558.3134988092675,3613.185008070717
Tropics,SAT1,500,FFSS_22.0_FOR,16751.375843301237,16805.030069561853
Tropics,SAT1,206,FFSS_22.0_FOR,14834.692228993255,14888.85373878385
Tropics,SAT1,1074,FFSS_22.0_FOR,18956.116165473264,19010.425851072167
Tropics,SAT1,428,FFSS_22.0_FOR,16633.885314629628,16687.575106604538
Tropics,SAT1,957,FFSS_22.0_FOR,13582.144890736503,13636.332933180645
Tropics,SAT1,51,FFSS_22.0_FOR,4566.845919692533,4621.507488463887
Tropics,SAT1,89,FFSS_22.0_FOR,15109.57001837183,15164.128264376372
Tropics,SAT1,887,FFSS_22.0_FOR,19328.884674196812,19382.820078101617
Tropics,SAT1,88,FFSS_22.0_FOR,15035.345839825251,15091.057377639072
Tropics,SAT1,88,FFSS_22.0_FOR,20980.969028193223,21037.116162132144
Tropics,SAT1,1016,FFSS_22.0_FOR,19166.897675335353,19222.572445126025
Tropics,SAT1,207,FFSS_22.0_FOR,14903.381233806147,14958.775096539242
Tropics,SAT1,106,FFSS_22.0_FOR,4566.845919692531,4621.507488463886
Tropics,SAT1,1067,FFSS_22.0_FOR,6441.396259528762,6495.819978134785
Tropics,SAT1,1129,FFSS_22.0_FOR,6769.140973069978,6824.54438932865
Tropics,SAT1,1129,FFSS_22.0_FOR,18698.582042408125,18753.51700157903
Tropics,SAT1,87,FFSS_22.0_FOR,20901.22091475359,20956.353704353394
Tropics,SAT1,229,FFSS_22.0_FOR,10707.772122921964,10761.785052153262
Tropics,SAT1,202,FFSS_22.0_FOR,20507.029480645495,20561.24382787943
Tropics,SAT1,1026,FFSS_22.0_FOR,2014.1458606732697,2069.898528882386
Tropics,SAT1,264,FFSS_22.0_FOR,20344.793432821578,20398.88646635162
Tropics,SAT1,961,FFSS_22.0_FOR,7897.594440076067,7951.598648503792
Tropics,SAT1,1130,FFSS_22.0_FOR,901.4843378754301,956.5880479004982
Tropics,SAT1,1130,FFSS_22.0_FOR,6849.488998288673,6905.949935063262
Tropics,SAT1,1130,FFSS_22.0_FOR,18776.290919783783,18830.76310113734
Tropics,SAT1,49,FFSS_22.0_FOR,4457.927578299367,4512.823738543513
Tropics,SAT1,793,FFSS_22.0_FOR,17343.29392558804,17397.939592454168
Tropics,SAT1,501,FFSS_22.0_FOR,16808.37217318828,16862.68344414172
Tropics,SAT1,572,FFSS_22.0_FOR,16808.372173188276,16862.683444141716
Tropics,SAT1,1002,FFSS_22.0_FOR,12066.948113950868,12122.119487484042
Tropics,SAT1,657,FFSS_22.0_FOR,5748.13780803004,5801.684630219796
Tropics,SAT1,93,FFSS_22.0_FOR,9471.49239290278,9525.968136519168
Tropics,SAT1,93,FFSS_22.0_FOR,21395.623144944642,21452.20042175099
Tropics,SAT1,99,FFSS_22.0_FOR,3991.0940102904865,4047.230124589061
Tropics,SAT1,99,FFSS_22.0_FOR,15919.3281425649,15973.823943051257
Tropics,SAT1,877,FFSS_22.0_FOR,455.25960500621505,509.4673352917542
Tropics,SAT1,507,FFSS_22.0_FOR,11220.314471748516,11274.377766476126
Tropics,SAT1,1124,FFSS_22.0_FOR,12328.361708099714,12382.821308677694
Tropics,SAT1,617,FFSS_22.0_FOR,8417.956958026576,8472.621444759674
Tropics,SAT1,273,FFSS_22.0_FOR,9039.723216250237,9093.731925730244
Tropics,SAT1,945,FFSS_22.0_FOR,609.9353209889324,665.1970410681234
Tropics,SAT1,159,FFSS_22.0_FOR,16055.986134442011,16110.803098593735
Tropics,SAT1,613,FFSS_22.0_FOR,14128.533791289923,14182.174373937756
Tropics,SAT1,150,FFSS_22.0_FOR,9340.634749610794,9395.128099351066
Tropics,SAT1,1131,FFSS_22.0_FOR,976.3674662791249,1030.7905432630248
Tropics,SAT1,1131,FFSS_22.0_FOR,12900.412178841836,12957.014943450291
Tropics,SAT1,1131,FFSS_22.0_FOR,18850.881631729633,18905.89504527821
Tropics,SAT1,608,FFSS_22.0_FOR,19780.099326816897,19833.800495996988
Tropics,SAT1,143,FFSS_22.0_FOR,20721.50966035981,20776.935701074595
Tropics,SAT1,277,FFSS_22.0_FOR,3354.9539680790385,3409.0527125310264
Tropics,SAT1,1006,FFSS_22.0_FOR,6394.415318548186,6449.3252587941115
Tropics,SAT1,941,FFSS_22.0_FOR,6295.294947354069,6351.509722077105
Tropics,SAT1,86,FFSS_22.0_FOR,20823.492051692356,20878.00401771956
Tropics,SAT1,369,FFSS_22.0_FOR,5354.861976030248,5409.825947540935
Tropics,SAT1,797,FFSS_22.0_FOR,11643.440699359926,11697.173755281201
Tropics,SAT1,233,FFSS_22.0_FOR,5022.416512114966,5076.806334739281
Tropics,SAT1,930,FFSS_22.0_FOR,17470.3683489477,17525.421739287565
Tropics,SAT1,211,FFSS_22.0_FOR,9230.82915691156,9285.945833089321
Tropics,SAT1,1028,FFSS_22.0_FOR,2151.4323410174898,2206.190810917224
Tropics,SAT1,434,FFSS_22.0_FOR,11047.827829622509,11101.754010314837
Tropics,SAT1,721,FFSS_22.0_FOR,17222.252694366896,17276.584506886466
Tropics,SAT1,290,FFSS_22.0_FOR,16392.71840486752,16446.628539649144
Tropics,SAT1,1014,FFSS_22.0_FOR,19032.66899759836,19087.577672375897
Tropics,SAT1,1068,FFSS_22.0_FOR,6513.701263879794,6568.1795285057215
Tropics,SAT1,149,FFSS_22.0_FOR,9268.446772680045,9323.004962270948
Tropics,SAT1,46,FFSS_22.0_FOR,4208.041770665098,4262.700140226377
Tropics,SAT1,46,FFSS_22.0_FOR,10148.075645867038,10203.17830083133
Tropics,SAT1,1010,FFSS_22.0_FOR,721.9184483961754,776.6000033696616
Tropics,SAT1,720,FFSS_22.0_FOR,17162.27926034585,17216.019987298503
Tropics,SAT1,618,FFSS_22.0_FOR,8476.90709671815,8530.610135508145
Tropics,SAT1,1192,FFSS_22.0_FOR,1571.52799363443,1626.2305611859165
Tropics,SAT1,511,FFSS_22.0_FOR,5513.897052408049,5567.480674519279
Tropics,SAT1,100,FFSS_22.0_FOR,10041.473919313466,10098.38348489482
Tropics,SAT1,100,FFSS_22.0_FOR,15995.013087011534,16049.646328887655
Tropics,SAT1,161,FFSS_22.0_FOR,16199.228085836607,16254.736212142858
Tropics,SAT1,111,FFSS_22.0_FOR,4890.624438688518,4908.71285813307
Tropics,SAT1,34,FFSS_22.0_FOR,21030.384375281265,21085.069890630133
Tropics,SAT1,506,FFSS_22.0_FOR,11161.21483610238,11215.05143108248
Tropics,SAT1,801,FFSS_22.0_FOR,5943.611672094688,5997.511392505774
Tropics,SAT1,953,FFSS_22.0_FOR,19266.297474756495,19320.972451593454
Tropics,SAT1,265,FFSS_22.0_FOR,20409.644878973308,20464.313305930176
Tropics,SAT1,962,FFSS_22.0_FOR,7960.251468133009,8015.706458536181
Tropics,SAT1,579,FFSS_22.0_FOR,11273.460937042211,11327.23814490328
Tropics,SAT1,401,FFSS_22.0_FOR,14462.936814623388,14516.714266821264
Tropics,SAT1,829,FFSS_22.0_FOR,8174.638526348355,8229.210331906039
Tropics,SAT1,301,FFSS_22.0_FOR,5252.474794108266,5308.096973873373
Tropics,SAT1,47,FFSS_22.0_FOR,4292.2987157936595,4346.933965276082
Tropics,SAT1,47,FFSS_22.0_FOR,10226.86644158144,10283.178601377253
Tropics,SAT1,480,FFSS_22.0_FOR,3024.1262838291605,3077.828740362865
Tropics,SAT1,230,FFSS_22.0_FOR,10771.582375209913,10826.15151302476
Tropics,SAT1,291,FFSS_22.0_FOR,16455.34623322415,16510.71432066985
Tropics,SAT1,397,FFSS_22.0_FOR,20162.776442131682,20217.115870773814
Tropics,SAT1,0,FFSS_22.0_FOR,4537.666468152388,4593.454443175137
Tropics,SAT1,154,FFSS_22.0_FOR,3687.1345858249015,3741.7387455632015
Tropics,SAT1,872,FFSS_22.0_FOR,6085.021488938542,6138.796669496488
Tropics,SAT1,330,FFSS_22.0_FOR,20285.24155692495,20339.80167937027
Tropics,SAT1,895,FFSS_22.0_FOR,7941.6331668543635,7997.289108018127
Tropics,SAT1,1063,FFSS_22.0_FOR,12095.183876118728,12149.734986007474
Tropics,SAT1,335,FFSS_22.0_FOR,14655.79689692902,14711.733845952338
Tropics,SAT1,900,FFSS_22.0_FOR,2313.397389595427,2367.796326510122
Tropics,SAT1,50,FFSS_22.0_FOR,4537.666468152387,4593.4544431751365
Tropics,SAT1,802,FFSS_22.0_FOR,6004.528626269072,6058.743446840924
Tropics,SAT1,145,FFSS_22.0_FOR,14922.24653391926,14976.951568841065
Tropics,SAT1,1072,FFSS_22.0_FOR,860.2162752967059,914.8200187746271
Tropics,SAT1,1072,FFSS_22.0_FOR,18805.0733775102,18861.93168536654
Tropics,SAT1,1176,FFSS_22.0_FOR,18062.847352898963,18118.488685096338
Tropics,SAT1,41,FFSS_22.0_FOR,9731.481910541139,9786.132215273159
Tropics,SAT1,41,FFSS_22.0_FOR,15674.699929488355,15729.323415952891
Tropics,SAT1,471,FFSS,14370.677812910897,14424.57739299761
Tropics,SAT1,1184,FFSS,6844.452031610699,6899.180971302446
Tropics,SAT1,1184,FFSS,12786.959400283282,12841.602909213325
Tropics,SAT1,1191,FFSS,1488.3693655361697,1543.00643826927
Tropics,SAT1,1141,FFSS,1786.4481299174533,1840.9210333027777
Tropics,SAT1,1190,FFSS,1404.2533617788827,1458.9105784984654
Tropics,SAT1,406,FFSS,8824.023141869187,8878.049467168254
Tropics,SAT1,1188,FFSS,1236.3190020493066,1290.9489895178992
Tropics,SAT1,1188,FFSS,7179.516400799809,7234.155142422171
Tropics,SAT1,396,FFSS,20101.84366138542,20155.845652673735
Tropics,SAT1,824,FFSS,13814.145790179396,13868.080788922436
Tropics,SAT1,36,FFSS,21197.887678264826,21252.54737495018
Tropics,SAT1,1181,FFSS,12535.227516373547,12589.888057696075
Tropics,SAT1,1181,FFSS,18478.212347964134,18532.848070607914
Tropics,SAT1,730,FFSS,5875.74891367471,5929.528324828662
Tropics,SAT1,749,FFSS,19542.624207854198,19596.657043320112
Tropics,SAT1,1183,FFSS,12702.708345502533,12757.364068275638
Tropics,SAT1,43,FFSS,9899.435060600443,9954.09116828514
Tropics,SAT1,1132,FFSS,1053.3621648474948,1108.168957178056
Tropics,SAT1,901,FFSS,2376.4806050766024,2430.572563063671
Tropics,SAT1,1177,FFSS,18143.67920683278,18198.521538769925
Tropics,SAT1,110,FFSS,4821.92450563783,4876.308009229623
Tropics,SAT1,40,FFSS,9653.290535241944,9703.87305867242
Tropics,SAT1,40,FFSS,15590.81239099056,15645.460073343778
Tropics,SAT1,224,FFSS,16265.759264461161,16319.82681532305
Tropics,SAT1,170,FFSS,4921.096275195385,4975.203601818483
Tropics,SAT1,95,FFSS,21556.704818778904,21600.0
Tropics,SAT1,1179,FFSS,18309.836448593338,18364.474018903762
Tropics,SAT1,38,FFSS,15422.550546486318,15477.189469697398
Tropics,SAT1,38,FFSS,21365.706644860104,21420.3453877542
Tropics,SAT1,541,FFSS,14219.275216037475,14273.101121380669
Tropics,SAT1,754,FFSS,13899.622622692235,13953.350177400518
Tropics,SAT1,164,FFSS,10475.747930371332,10530.050287185644
Tropics,SAT1,343,FFSS,3270.1915734954523,3324.1904906901314
Tropics,SAT1,1189,FFSS,1319.9908509533484,1374.6292572754369
Tropics,SAT1,1189,FFSS,7262.167487857461,7316.955217989761
Tropics,SAT1,109,FFSS,4749.375504430955,4803.899277328687
Tropics,SAT1,163,FFSS,10402.71135512068,10457.3702042935
Tropics,SAT1,1180,FFSS,18394.100349411445,18448.756082366737
Tropics,SAT1,37,FFSS,15339.604304819486,15394.360450255894
Tropics,SAT1,37,FFSS,21282.142933956482,21336.779159460148
Tropics,SAT1,1186,FFSS,7011.329142915814,7065.9783326027855
Tropics,SAT1,300,FFSS,5191.8004919048,5245.594881427038
Tropics,SAT1,1081,FFSS,7575.801637512091,7630.454519095011
Tropics,SAT1,623,FFSS,2825.223061795345,2879.1117643689413
Tropics,SAT1,944,FFSS,544.696921518816,598.6092042659003
Tropics,SAT1,334,FFSS,14592.564529166446,14646.51905143385
Tropics,SAT1,1001,FFSS,11998.398873083312,12052.463619671025
Tropics,SAT1,537,FFSS,19925.97184642634,19979.901876651467
Tropics,SAT1,819,FFSS,19453.207140387996,19506.99077729094
Tropics,SAT1,1134,FFSS,13138.247322042773,13192.761810283828
Tropics,SAT1,806,FFSS,304.69742650799844,358.3639503441352
Tropics,SAT1,269,FFSS,14724.613544487709,14778.816922950582
Tropics,SAT1,90,FFSS,15185.884696079054,15240.528912256508
Tropics,SAT1,45,FFSS,4123.8918413107895,4178.532008560067
Tropics,SAT1,45,FFSS,10066.708894917776,10121.388794409546
Tropics,SAT1,1023,FFSS,7757.0619021658995,7811.227223107593
Tropics,SAT1,1127,FFSS,6614.453511724048,6668.957161629183
Tropics,SAT1,48,FFSS,4375.869818890665,4430.507109335933
Tropics,SAT1,546,FFSS,8571.851646244364,8625.513821731669
Tropics,SAT1,214,FFSS,3490.106187133186,3544.2824256015924
Tropics,SAT1,792,FFSS,17282.364337804724,17336.082244406844
Tropics,SAT1,1005,FFSS,6326.107393733576,6380.1785692476005
Tropics,SAT1,688,FFSS,8337.477170004262,8391.276522998947
Tropics,SAT1,725,FFSS,11519.045974838024,11572.633563316565
Tropics,SAT1,475,FFSS,8667.350653783995,8721.211970767774
Tropics,SAT1,146,FFSS,14994.172661767738,15048.57920951637
Tropics,SAT1,892,FFSS,13698.93295235346,13752.96222791069
Tropics,SAT1,828,FFSS,8114.354034431509,8168.246526600217
Tropics,SAT1,1071,FFSS,787.641033521012,841.9710570644409
Tropics,SAT1,97,FFSS,3833.6469019270394,3888.155234096122
Tropics,SAT1,1086,FFSS,1994.749265413516,2049.259385173272
Tropics,SAT1,1120,FFSS,17966.210295209643,18020.63176391241
Tropics,SAT1,42,FFSS,9815.165511180825,9869.813809399086
Tropics,SAT1,42,FFSS,15757.346280671425,15812.108925273375
Tropics,SAT1,329,FFSS,20222.415623885303,20276.42162332087
Tropics,SAT1,584,FFSS,5621.958860280876,5675.547170218683
Tropics,SAT1,1138,FFSS,7499.844173855926,7554.53000882702
Tropics,SAT1,502,FFSS,16868.03330100336,16921.723133092622
Tropics,SAT1,1137,FFSS,7424.14176957547,7478.684925180808
Tropics,SAT1,589,FFSS,0.0,23.913992777306007
Tropics,SAT1,684,FFSS,14044.10238095947,14096.653980713716
Tropics,SAT1,1078,FFSS,13302.392342253484,13356.736724691802
Tropics,SAT1,1027,FFSS,2084.6601686493054,2138.8846437169086
Tropics,SAT1,142,FFSS,20647.747168495134,20702.09332369403
Tropics,SAT1,952,FFSS,19202.49162617507,19256.593806927667
Tropics,SAT1,1015,FFSS,19101.656335461834,19155.82267011521
Tropics,SAT1,210,FFSS,9162.38477877177,9216.533108276979
Tropics,SAT1,1009,FFSS,653.8431570382601,707.9631319823071
Tropics,SAT1,1060,FFSS,17820.78343635656,17875.085576710517
Tropics,SAT1,833,FFSS,2475.534653392843,2529.33169021479
Tropics,SAT1,1019,FFSS,13429.393981430847,13483.539517877862
Tropics,SAT1,575,FFSS,16983.477939776498,17037.25868655796
Tropics,SAT1,52,FFSS,4643.587324142833,4698.048138625725
Tropics,SAT1,693,FFSS,2690.088606817351,2743.7465452075467
Tropics,SAT1,551,FFSS,2924.3484026056467,2978.0706967936085
Tropics,SAT1,662,FFSS,100.59235235151543,154.31099731224106
Tropics,SAT1,1133,FFSS,13061.512950525477,13116.21599707769
Tropics,SAT1,295,FFSS,10821.397680587641,10875.406495316887
Tropics,SAT1,358,FFSS,16514.204303249986,16567.983493464162
Tropics,SAT1,759,FFSS,8256.335058561994,8310.100836228103
Tropics,SAT1,338,FFSS,8900.026426471288,8953.985798442254
Tropics,SAT1,160,FFSS,16129.506034480273,16183.75956959264
Tropics,SAT1,1140,FFSS,1708.7170306358385,1763.6585175147513
Tropics,SAT1,997,FFSS,17670.72076479062,17724.818130676424
Tropics,SAT1,94,FFSS,9548.508674967165,9603.36266571172
Tropics,SAT1,940,FFSS,6229.581532983799,6283.685519290246
Tropics,SAT1,410,FFSS,3124.1910395389923,3178.025222599923
Tropics,SAT1,1085,FFSS,1922.4366667763757,1976.9681306611078
Tropics,SAT1,102,FFSS,10203.912918286234,10258.81093732609
Tropics,SAT1,1082,FFSS,7648.603552429078,7703.014343934683
Tropics,SAT1,1121,FFSS,18043.219917690905,18098.032494855
Tropics,SAT1,1077,FFSS,13265.033159272589,13283.903247822756
Tropics,SAT1,868,FFSS,11777.62431156881,11831.743948626518
Tropics,SAT1,166,FFSS,10593.46259898418,10647.530064455163
Tropics,SAT1,1178,FFSS,18226.158582018357,18280.786823692215
Tropics,SAT1,1185,FFSS,6927.383795688248,6982.004992961801
Tropics,SAT1,1185,FFSS,12870.52416202449,12925.180841445557
Tropics,SAT1,39,FFSS,15506.506359567524,15561.1625100149
Tropics,SAT1,439,FFSS,5404.823930320423,5458.439385633461
Tropics,SAT1,44,FFSS,4040.5496924194945,4095.235356521798
Tropics,SAT1,44,FFSS,9983.553401334439,10038.17804812174
Tropics,SAT1,153,FFSS,3614.6787915543377,3669.125537101016
Tropics,SAT1,368,FFSS,5295.154935204127,5348.831100926519
Tropics,SAT1,234,FFSS,5087.427420362324,5141.514869031177
Tropics,SAT1,931,FFSS,17534.543701599865,17588.456704767657
Tropics,SAT1,1064,FFSS,12167.22383421855,12221.601149207292
Tropics,SAT1,896,FFSS,8006.537521059843,8060.443791029289
Tropics,SAT1,35,FFSS,21113.734267685766,21168.375246325824
Tropics,SAT1,679,FFSS,19691.748974501457,19745.45384216556
Tropics,SAT1,1182,FFSS,12618.564035247771,12673.190506725052
Tropics,SAT1,1182,FFSS,18561.361170350538,18616.06312580728
Tropics,SAT1,1187,FFSS,1175.317825675935,1208.6964102499132
Tropics,SAT1,1187,FFSS,7095.629431268131,7150.2814265643365
Tropics,SAT1,103,FFSS,10281.6288263403,10336.05150325374
Tropics,SAT1,1128,FFSS,6690.746155390193,6745.340380756637
Tropics,SAT1,363,FFSS,10933.74398782708,10987.751056494018
Tropics,SAT1,430,FFSS,16751.37584330084,16805.030069573106
Tropics,SAT1,500,FFSS,16751.37584330084,16805.030069573102
Tropics,SAT1,206,FFSS,14834.692228994416,14888.853738783164
Tropics,SAT1,1074,FFSS,18956.116165525436,19010.42585096884
Tropics,SAT1,428,FFSS,16633.885314656567,16687.57510536534
Tropics,SAT1,957,FFSS,13582.144918617152,13636.332933083482
Tropics,SAT1,51,FFSS,4566.845935770242,4621.507488460367
Tropics,SAT1,89,FFSS,15109.569255989618,15164.128264377818
Tropics,SAT1,887,FFSS,19328.884673506833,19382.82007800071
Tropics,SAT1,106,FFSS,4566.84593577024,4621.5074884603655
Tropics,SAT1,1067,FFSS,6441.396330153457,6495.819966307505
Tropics,SAT1,1129,FFSS,18698.58204237516,18753.51611793443
Tropics,SAT1,229,FFSS,10707.772437619064,10761.785035898734
Tropics,SAT1,202,FFSS,20507.029480647605,20561.24382788267
Tropics,SAT1,264,FFSS,20344.793743971513,20398.88649480179
Tropics,SAT1,961,FFSS,7897.594440097323,7951.59864851207
Tropics,SAT1,1130,FFSS,18776.290919811767,18830.762423808763
Tropics,SAT1,657,FFSS,5748.137808073077,5801.684630241414
Tropics,SAT1,93,FFSS,9471.492392825485,9525.968136500469
Tropics,SAT1,99,FFSS,15919.328327965382,15973.823943021342
Tropics,SAT1,1124,FFSS,12328.361707676766,12382.820675274954
Tropics,SAT1,273,FFSS,9039.723212274492,9093.73192573027
Tropics,SAT1,613,FFSS,14128.533791289923,14182.174373937756
Tropics,SAT1,150,FFSS,9340.635052078012,9395.12777934906
Tropics,SAT1,1131,FFSS,976.3674662791249,1030.7905432353277
Tropics,SAT1,608,FFSS,19780.099326848696,19833.800494072588
Tropics,SAT1,277,FFSS,3354.9539681230494,3409.0527124372334
Tropics,SAT1,86,FFSS,20823.492051698584,20878.004106503926
Tropics,SAT1,797,FFSS,11643.440699402527,11697.173752035462
Tropics,SAT1,434,FFSS,11047.827829570137,11101.754008350334
Tropics,SAT1,290,FFSS,16392.71840486752,16446.62853965633
Tropics,SAT1,1068,FFSS,6513.701263880523,6568.179528335349
Tropics,SAT1,149,FFSS,9290.45239950957,9323.005456328467
Tropics,SAT1,46,FFSS,4208.041770665098,4262.700140226377
Tropics,SAT1,720,FFSS,17162.27951889239,17216.019987303247
Tropics,SAT1,618,FFSS,8476.907098870122,8530.610116774154
Tropics,SAT1,1192,FFSS,1571.5279936306497,1626.2297296443355
Tropics,SAT1,511,FFSS,5513.897052379479,5567.480673015908
Tropics,SAT1,100,FFSS,15995.013026627234,16049.646328891107
Tropics,SAT1,34,FFSS,21030.38437516554,21085.069890610463
Tropics,SAT1,506,FFSS,11161.214822995778,11215.051320569763
Tropics,SAT1,801,FFSS,5943.611672158639,5997.511317998333
Tropics,SAT1,579,FFSS,11273.460937104128,11327.237445676134
Tropics,SAT1,401,FFSS,14462.936814623388,14516.714266821264
Tropics,SAT1,47,FFSS,4292.298715790427,4346.93396527879
Tropics,SAT1,480,FFSS,3024.1262838908356,3077.8287403628697
Tropics,SAT1,154,FFSS,3687.134585824252,3741.739354224564
Tropics,SAT1,872,FFSS,6085.021488999229,6138.796669496526
Tropics,SAT1,1072,FFSS,860.2162753318935,914.8195910085678
Tropics,SAT1,41,FFSS,9731.481626669936,9786.132214224732
Tropics,SAT1,41,FFSS,15674.699929488295,15729.323415926203
Tropics,GEO3,594,GEO3_comms,21355.71799017511,21600.0
Tropics,GEO3,590,GEO3_comms,4199.003417811306,5318.905080294052
Tropics,GEO3,589,GEO3_comms,0.0,1026.7527189727396
Tropics,GEO3,592,GEO3_comms,12774.459488103106,13905.386569296612
Tropics,GEO3,593,GEO3_comms,17063.91833956383,18196.40748299998
Tropics,GEO3,591,GEO3_comms,8486.709274237612,9612.386184276851
Tropics,GEO2,641,GEO2_comms,17069.87148090527,18189.980214441388
Tropics,GEO2,642,GEO2_comms,21362.110919606803,21600.0
Tropics,GEO2,638,GEO2_comms,4192.5128575147255,5324.961946699448
Tropics,GEO2,637,GEO2_comms,0.0,1033.0699767396634
Tropics,GEO2,640,GEO2_comms,12776.372195909651,13902.311346621143
Tropics,GEO2,639,GEO2_comms,8483.432115229567,9614.517702513529
