Tropics,GEO1,624,47104.941173518084,48222.99861808452
Tropics,GEO1,620,29935.68272878008,31067.503239919275
Tropics,GEO1,631,77138.70427481132,78255.92572484203
Tropics,GEO1,628,64259.960504119284,65391.34156396577
Tropics,GEO1,616,12781.00396465922,13898.666551077682
Tropics,GEO1,623,42814.456755111285,43931.897736033316
Tropics,GEO1,632,81428.82776767189,82547.37639439991
Tropics,GEO1,633,85716.91035576773,86400.0
Tropics,GEO1,622,38521.782597080084,39643.1162429667
Tropics,GEO1,614,4197.247237815818,5319.425710649203
Tropics,GEO1,629,68552.77178062641,69679.23134156062
Tropics,GEO1,619,25645.325685208594,26777.399599654495
Tropics,GEO1,626,55680.74729450358,56809.51584505746
Tropics,GEO1,621,34228.24519462369,35355.58948287089
Tropics,GEO1,615,8490.15823042809,9607.924605681155
Tropics,GEO1,630,72846.29798134738,73966.83627536704
Tropics,GEO1,625,51393.25544227378,52516.05766355833
Tropics,GEO1,617,17069.581315952,18191.512697057075
Tropics,GEO1,613,0.0,1031.9343455318462
Tropics,GEO1,618,21357.07880967888,22485.031939323337
Tropics,GEO1,627,59969.246241283276,61101.588379792825
Tropics,GEO3,609,85712.25662511798,86400.0
Tropics,GEO3,594,21355.717994756647,22485.1470925098
Tropics,GEO3,598,38522.75361486583,39643.39742156086
Tropics,GEO3,590,4199.002823273661,5318.905080265224
Tropics,GEO3,602,55680.17453809776,56808.83523800607
Tropics,GEO3,595,25649.089283064037,26772.668830254013
Tropics,GEO3,596,29942.303061833423,31060.78072604903
Tropics,GEO3,604,64266.67601115585,65384.672988533115
Tropics,GEO3,589,0.0,1026.7527357695767
Tropics,GEO3,599,42810.34565505221,43936.92738368057
Tropics,GEO3,592,12774.459480744083,13905.386594519556
Tropics,GEO3,606,72846.46977269705,73967.9145019811
Tropics,GEO3,597,34233.70707802204,35350.95329684353
Tropics,GEO3,603,59973.64346308504,61096.32501891084
Tropics,GEO3,593,17063.917526227764,18196.407483557035
Tropics,GEO3,601,51388.06057734334,52520.37239980727
Tropics,GEO3,605,68557.72794435968,69675.20684753083
Tropics,GEO3,607,77133.98933841048,78261.45087742776
Tropics,GEO3,608,81422.1048482833,82553.97752513224
Tropics,GEO3,600,47098.26027115639,48229.70661865658
Tropics,GEO3,591,8486.709273960993,9612.38627483872
Tropics,SAT3,526,30479.96799569627,30484.409130236334
Tropics,SAT3,419,70157.55773085804,70169.01233580986
Tropics,SAT3,17,36835.091590655626,36845.83017955202
Tropics,SAT3,471,7718.51206758231,7728.728785373765
Tropics,SAT3,758,62154.92386048276,62163.639027797195
Tropics,SAT3,798,16976.618601115355,16986.072879159816
Tropics,SAT3,850,64037.75569147299,64042.12976708108
Tropics,SAT3,946,18049.675530184522,18059.214690710203
Tropics,SAT3,1141,86114.16653953688,86116.5162904007
Tropics,SAT3,23,49159.728314622356,49162.65065903433
Tropics,SAT3,76,25373.201311699413,25384.256427981723
Tropics,SAT3,76,31278.164654000022,31283.08452557678
Tropics,SAT3,755,67944.18108508164,67955.84178336262
Tropics,SAT3,813,18333.964291603053,18345.611826484364
Tropics,SAT3,396,19409.146959140857,19412.520658938647
Tropics,SAT3,824,7134.077800128157,7142.958416713153
Tropics,SAT3,14,66247.36842811076,66250.93614106085
Tropics,SAT3,454,78732.88618611806,78743.38534617456
Tropics,SAT3,435,16347.73534229942,16357.344970427343
Tropics,SAT3,730,11128.476358091619,11137.070324460845
Tropics,SAT3,749,18847.339774874014,18850.77493928799
Tropics,SAT3,453,78672.79282217595,78681.24344794155
Tropics,SAT3,774,45290.738858000266,45292.613479048494
Tropics,SAT3,282,27077.186261921237,27079.56773282646
Tropics,SAT3,282,76124.41298733887,76133.20231327743
Tropics,SAT3,979,51535.16367977941,51545.89904713663
Tropics,SAT3,239,47796.784173178596,47804.99867387699
Tropics,SAT3,936,23216.094756877308,23226.970799775092
Tropics,SAT3,563,33425.64447414931,33433.839612052005
Tropics,SAT3,707,64022.98157064385,64033.80059231416
Tropics,SAT3,707,69999.17774820076,70002.23689828775
Tropics,SAT3,1142,74254.23592582118,74257.98542441729
Tropics,SAT3,85,43880.539659964204,43886.346263112115
Tropics,SAT3,412,81629.98208695813,81636.951678943
Tropics,SAT3,840,69312.00771241159,69324.46523269052
Tropics,SAT3,840,75324.09406423147,75329.55937287945
Tropics,SAT3,354,70446.05644725695,70451.79950022914
Tropics,SAT3,372,4820.471940850959,4827.5433202103095
Tropics,SAT3,800,11126.256910558559,11131.801049249
Tropics,SAT3,999,23102.57480129091,23109.997572692097
Tropics,SAT3,999,35146.734811470385,35152.73323106014
Tropics,SAT3,1132,336.37452823275487,338.7424133143739
Tropics,SAT3,299,53353.72471577754,53361.98427015967
Tropics,SAT3,864,22748.65282111491,22757.02581161284
Tropics,SAT3,1042,45582.90255611776,45588.35555467524
Tropics,SAT3,1042,57621.46212552743,57629.23984315825
Tropics,SAT3,336,50118.81449139483,50127.732112717575
Tropics,SAT3,901,56540.16955780219,56544.35629568643
Tropics,SAT3,10,71864.43486365475,71867.56160874836
Tropics,SAT3,736,5553.3609498368205,5564.263812386924
Tropics,SAT3,110,59317.48868559461,59327.03960582006
Tropics,SAT3,463,67373.60162304479,67383.35920500221
Tropics,SAT3,750,12935.11442137673,12944.20278757226
Tropics,SAT3,750,67609.98644987732,67613.59603080242
Tropics,SAT3,313,36381.08831234198,36388.27325722468
Tropics,SAT3,878,5785.8243340747795,5794.961488828145
Tropics,SAT3,1107,46148.501577989,46154.50159251586
Tropics,SAT3,905,81006.62611665668,81009.34617030098
Tropics,SAT3,503,16228.603149548197,16231.64165827191
Tropics,SAT3,503,58867.52738243908,58870.950074537235
Tropics,SAT3,647,52789.03592786656,52797.05934218469
Tropics,SAT3,723,47022.34395694902,47029.68563844297
Tropics,SAT3,882,18272.662149772303,18282.199538780224
Tropics,SAT3,1048,52107.35218283475,52113.84480423683
Tropics,SAT3,620,50406.906487441665,50411.23199045322
Tropics,SAT3,494,27588.119491991893,27594.61125408062
Tropics,SAT3,461,19015.18161998637,19026.83627448051
Tropics,SAT3,590,5269.582207671206,5279.981153028597
Tropics,SAT3,590,35873.719952415406,35882.552544342005
Tropics,SAT3,590,84354.59844927464,84357.33425899969
Tropics,SAT3,552,44673.501219789134,44679.0590275597
Tropics,SAT3,62,83731.20149377074,83741.6599247836
Tropics,SAT3,661,5278.180204783019,5285.340446890321
Tropics,SAT3,661,35766.95550729231,35775.3733214292
Tropics,SAT3,226,70787.65726258227,70790.9658407971
Tropics,SAT3,1050,46259.368355157145,46267.29079790985
Tropics,SAT3,729,11061.399314914195,11068.349409666278
Tropics,SAT3,168,65109.392297895036,65112.8701785587
Tropics,SAT3,760,1642.7554336492465,1650.7468695577252
Tropics,SAT3,760,56311.79884244133,56316.31896020056
Tropics,SAT3,992,40578.27395954866,40586.26325739181
Tropics,SAT3,753,7141.421415290719,7153.479161625355
Tropics,SAT3,768,50862.30626941578,50872.14213696022
Tropics,SAT3,768,81232.81916718333,81235.69578575881
Tropics,SAT3,1109,46318.379929655486,46323.59425912603
Tropics,SAT3,1051,52338.138659162585,52341.7858945083
Tropics,SAT3,444,4988.6784156475605,4997.5805882727445
Tropics,SAT3,731,11198.769568042973,11209.093878619591
Tropics,SAT3,674,18675.507516388065,18686.19233294128
Tropics,SAT3,353,70386.13712593424,70393.6020384977
Tropics,SAT3,918,39788.185989396115,39797.12019462361
Tropics,SAT3,561,69990.57962074091,69999.87764310565
Tropics,SAT3,705,33424.43608097074,33426.745027584024
Tropics,SAT3,705,69875.55075076187,69881.53433697508
Tropics,SAT3,875,11573.537879943276,11584.53297082845
Tropics,SAT3,875,23728.085560400967,23740.573633069893
Tropics,SAT3,577,16401.33466751807,16405.881929139083
Tropics,SAT3,951,336.311188896581,345.56761719398463
Tropics,SAT3,951,12436.073210614719,12445.02335657071
Tropics,SAT3,951,85381.34757524775,85390.70262620998
Tropics,SAT3,326,19348.67358054586,19356.638056038155
Tropics,SAT3,891,12932.984448184841,12936.555994928918
Tropics,SAT3,22,31275.084507054926,31282.774679613736
Tropics,SAT3,22,55009.5392752449,55014.24857973762
Tropics,SAT3,109,59257.22153858409,59268.989698700105
Tropics,SAT3,109,65169.21718916928,65173.974348807
Tropics,SAT3,1054,40575.8414966758,40581.4850391066
Tropics,SAT3,13,72090.20194569249,72096.04551049117
Tropics,SAT3,37,14643.317205796448,14646.081507198873
Tropics,SAT3,971,50918.273042002766,50920.970909388016
Tropics,SAT3,300,53413.53561211419,53419.98080464076
Tropics,SAT3,865,47002.30411105529,47004.837827152915
Tropics,SAT3,1081,6865.965096293185,6869.050037150634
Tropics,SAT3,1081,79925.17681885073,79931.00393585346
Tropics,SAT3,267,49897.61948710585,49903.15859631334
Tropics,SAT3,944,5794.886139189256,5801.378462087686
Tropics,SAT3,964,74422.84769327963,74434.12557395225
Tropics,SAT3,899,1531.030639454457,1535.8144563345945
Tropics,SAT3,899,62381.30667391463,62388.76813835127
Tropics,SAT3,1001,23273.213942190407,23281.56218050712
Tropics,SAT3,537,13273.568796587137,13283.703836929955
Tropics,SAT3,252,72710.26068039067,72720.09867211695
Tropics,SAT3,949,12264.60443737842,12275.116598667473
Tropics,SAT3,949,79244.30809463463,79246.67043627925
Tropics,SAT3,108,65103.699991690875,65109.896562676106
Tropics,SAT3,1053,46480.61790338904,46484.44695160517
Tropics,SAT3,822,6978.336980351473,6990.315659241895
Tropics,SAT3,74,37066.269385789965,37069.42379564992
Tropics,SAT3,1134,6470.05394794532,6473.9667250219345
Tropics,SAT3,910,51201.22027348441,51211.38108753448
Tropics,SAT3,505,16345.422049433006,16351.45834387265
Tropics,SAT3,308,84066.59645499327,84073.3503379786
Tropics,SAT3,411,81569.94003904623,81578.78942381388
Tropics,SAT3,378,78337.36116248126,78339.79037960852
Tropics,SAT3,806,5551.2876143704725,5558.8777806503285
Tropics,SAT3,83,14014.42113679333,14026.261240464526
Tropics,SAT3,527,24577.874620175124,24589.106495337626
Tropics,SAT3,671,24463.14769217132,24470.664967314962
Tropics,SAT3,671,79016.83920820591,79025.09854362703
Tropics,SAT3,633,39274.21537979959,39284.3148538061
Tropics,SAT3,633,69878.22037240215,69887.33639946158
Tropics,SAT3,5,59599.71416032199,59607.89898078458
Tropics,SAT3,5,65509.848131130275,65513.90945144909
Tropics,SAT3,5,83332.18093421622,83336.59474646457
Tropics,SAT3,660,35698.449702336584,35708.706015707816
Tropics,SAT3,660,41671.66274068492,41674.334334879706
Tropics,SAT3,314,36441.07305967214,36446.56865756871
Tropics,SAT3,809,5776.4044630031885,5788.621173223764
Tropics,SAT3,1023,86108.80239410937,86115.42421028588
Tropics,SAT3,1127,11861.56838080681,11865.1812460197
Tropics,SAT3,576,16343.254451857525,16346.390541984565
Tropics,SAT3,214,2779.959845478328,2782.900171451504
Tropics,SAT3,1038,57273.84345361265,57282.147517455705
Tropics,SAT3,189,36783.77984647779,36786.90219410915
Tropics,SAT3,1013,12258.582496465107,12266.425011817708
Tropics,SAT3,201,19748.967884135374,19752.596856671815
Tropics,SAT3,364,16229.167135779053,16238.570060900262
Tropics,SAT3,1005,11580.74554114778,11586.345315405875
Tropics,SAT3,56,83333.04624839617,83335.43637511146
Tropics,SAT3,101,21287.423610270576,21295.226209048637
Tropics,SAT3,810,24128.069792264327,24137.22342283956
Tropics,SAT3,1161,51936.99994538556,51940.47957580869
Tropics,SAT3,213,2714.554052270462,2718.7210697091077
Tropics,SAT3,193,31105.46352668903,31108.751345927772
Tropics,SAT3,1017,6577.523104775558,6585.43661735175
Tropics,SAT3,1017,79585.13889911606,79590.44377521849
Tropics,SAT3,564,33487.087195147586,33497.25275942392
Tropics,SAT3,708,33605.04294797255,33611.716148849846
Tropics,SAT3,708,64092.42579991399,64101.3692996072
Tropics,SAT3,452,36329.349905816474,36332.16576126759
Tropics,SAT3,959,80032.47569994326,80043.74048795772
Tropics,SAT3,981,51713.92805425738,51725.21174143695
Tropics,SAT3,934,23042.900425121054,23052.471329339005
Tropics,SAT3,934,35142.25945801476,35150.860555906926
Tropics,SAT3,1022,6976.841680007229,6980.614693292644
Tropics,SAT3,492,70226.28019808071,70231.9675491692
Tropics,SAT3,779,64031.097695538345,64038.40093467336
Tropics,SAT3,259,19350.484796020406,19362.33417850004
Tropics,SAT3,956,85822.32518081156,85833.50061563401
Tropics,SAT3,1091,62782.254023873786,62787.31855267434
Tropics,SAT3,972,69076.7403873381,69086.22429654017
Tropics,SAT3,246,42289.067261705546,42293.00820917821
Tropics,SAT3,327,19408.514611016402,19414.69930721658
Tropics,SAT3,892,12997.935408945614,13000.28402602287
Tropics,SAT3,141,13965.948335205685,13975.470610026749
Tropics,SAT3,141,49729.206701293224,49736.40748599245
Tropics,SAT3,60,53866.55793904814,53873.2615458474
Tropics,SAT3,772,69533.26554687394,69544.56158516473
Tropics,SAT3,1021,73905.3801960534,73910.55043484093
Tropics,SAT3,1021,85941.21859451824,85949.14986524958
Tropics,SAT3,604,18838.959795499853,18848.59761317707
Tropics,SAT3,604,73278.91682290411,73288.72057866174
Tropics,SAT3,502,58807.57675876233,58812.46243927153
Tropics,SAT3,309,84124.29905277833,84132.90883347468
Tropics,SAT3,874,29685.316483235863,29693.603924839503
Tropics,SAT3,77,55175.280201557514,55180.23842097477
Tropics,SAT3,1018,12656.094917172924,12659.723992706631
Tropics,SAT3,859,28378.340330557658,28386.009141539216
Tropics,SAT3,619,1869.1656844058184,1877.7187796354356
Tropics,SAT3,870,17199.38763836972,17209.741090607495
Tropics,SAT3,482,38771.35434045081,38773.88347103666
Tropics,SAT3,540,61814.181690446676,61823.74934202578
Tropics,SAT3,684,7373.628437352093,7383.332323065494
Tropics,SAT3,684,13344.083011020473,13346.377215355913
Tropics,SAT3,684,61932.0962340356,61938.29347807475
Tropics,SAT3,769,75324.32847704769,75332.70401963724
Tropics,SAT3,1078,12600.395712274627,12602.701611871522
Tropics,SAT3,348,33029.45979570151,33035.75358595608
Tropics,SAT3,125,36611.42365037292,36622.02507287348
Tropics,SAT3,125,72374.18444567056,72380.55410181121
Tropics,SAT3,1070,17942.479731243267,17947.88959574481
Tropics,SAT3,328,19468.84860969077,19473.459838726303
Tropics,SAT3,893,7091.945696786009,7098.752728678136
Tropics,SAT3,893,67942.08575281115,67947.50695541363
Tropics,SAT3,893,86106.7807816623,86119.05064526302
Tropics,SAT3,139,19752.20725513959,19758.38218950084
Tropics,SAT3,1084,86172.78433259409,86176.52250890328
Tropics,SAT3,960,68063.16093102051,68068.202895336
Tropics,SAT3,960,86169.13211461561,86177.66759148409
Tropics,SAT3,1034,62955.06386937381,62963.40778063074
Tropics,SAT3,1009,5900.855202114768,5906.324332464805
Tropics,SAT3,1009,17939.608877918992,17947.37678314122
Tropics,SAT3,1102,51720.30306429155,51726.414946386976
Tropics,SAT3,395,19348.98673147563,19353.796676718637
Tropics,SAT3,124,42460.428990706045,42465.86847159463
Tropics,SAT3,1069,11855.92390671217,11861.571244989287
Tropics,SAT3,1093,62950.48998798038,62956.429455334226
Tropics,SAT3,947,12086.026858837628,12097.279662442379
Tropics,SAT3,947,24130.380949150654,24134.13560020954
Tropics,SAT3,968,80779.38704911449,80783.83303215947
Tropics,SAT3,405,8058.021749779672,8061.691324107054
Tropics,SAT3,833,56536.358223587034,56543.156576522604
Tropics,SAT3,266,49837.873094997674,49841.95540980224
Tropics,SAT3,963,1357.4305055029736,1362.775904941794
Tropics,SAT3,963,68290.34697974936,68298.73407882759
Tropics,SAT3,1019,85767.54144322353,85776.04147638133
Tropics,SAT3,835,50698.80726741339,50701.98114902803
Tropics,SAT3,121,42272.84523421653,42283.73038720694
Tropics,SAT3,815,79242.22766616626,79249.67008340945
Tropics,SAT3,289,21569.718961731996,21575.727716226884
Tropics,SAT3,289,70615.87291194008,70620.22037551343
Tropics,SAT3,575,52843.29059405776,52853.22237521943
Tropics,SAT3,929,40756.52360424036,40765.74668325604
Tropics,SAT3,362,16113.25715697197,16118.99058436255
Tropics,SAT3,790,46682.36116028458,46693.94874441515
Tropics,SAT3,890,6856.855780024232,6867.587334958788
Tropics,SAT3,493,27529.794211969696,27534.653846301964
Tropics,SAT3,780,33717.96894863186,33724.44210168824
Tropics,SAT3,780,64097.68968327865,64103.42494496168
Tropics,SAT3,52,65162.401249831906,65170.14987863097
Tropics,SAT3,1112,34512.554610514955,34516.04600818464
Tropics,SAT3,91,2715.630063410701,2726.020440297033
Tropics,SAT3,1151,69026.6700021761,69029.64884466199
Tropics,SAT3,53,9927.780274924722,9935.013846641687
Tropics,SAT3,551,2212.151784448099,2214.7848022518515
Tropics,SAT3,695,50690.6570513453,50699.43870469961
Tropics,SAT3,745,79234.35841557103,79244.85189877212
Tropics,SAT3,514,41663.92420604298,41672.64937762724
Tropics,SAT3,658,11061.439018710902,11071.721658442237
Tropics,SAT3,84,14074.848357512064,14084.5319660454
Tropics,SAT3,84,19985.696173293556,19989.86174512391
Tropics,SAT3,1144,74421.16841561021,74425.19201569377
Tropics,SAT3,759,7549.393428692824,7551.971898178865
Tropics,SAT3,867,16971.55439588948,16977.948908905455
Tropics,SAT3,867,22992.028511348715,23004.09706778508
Tropics,SAT3,867,35148.88404122894,35160.35810526272
Tropics,SAT3,842,45183.634531778385,45190.114858277404
Tropics,SAT3,880,18105.22325042615,18117.166910025087
Tropics,SAT3,880,24129.75885605918,24136.000251660153
Tropics,SAT3,880,84978.53692934455,84984.51914645643
Tropics,SAT3,803,35623.63255849928,35629.4617818823
Tropics,SAT3,112,4250.562175324982,4254.842119673603
Tropics,SAT3,1105,45975.96004422089,45981.98433090505
Tropics,SAT3,977,51363.3259833503,51372.64181531428
Tropics,SAT3,977,63463.01465941487,63471.90265710431
Tropics,SAT3,440,47507.95047480755,47514.82398736175
Tropics,SAT3,490,70104.34159085233,70113.68296813479
Tropics,SAT3,777,69873.16088680181,69876.50005865876
Tropics,SAT3,528,73001.64989965298,73006.74325094833
Tropics,SAT3,950,6296.213012808088,6307.410038124808
Tropics,SAT3,1044,51767.03717272954,51775.5229267556
Tropics,SAT3,1044,57787.76142421941,57794.13785703268
Tropics,SAT3,1059,29001.548163149622,29007.62904070729
Tropics,SAT3,818,79466.21909339134,79478.28643040475
Tropics,SAT3,1103,45806.52077402747,45811.80249034095
Tropics,SAT3,431,16112.84269823673,16115.76630761055
Tropics,SAT3,431,58867.1535571092,58873.4226647919
Tropics,SAT3,222,76465.96715685363,76469.11075260694
Tropics,SAT3,876,11658.36827427483,11670.49110731367
Tropics,SAT3,1046,39903.07753749543,39908.398149390916
Tropics,SAT3,1046,51940.43164457075,51948.28353597061
Tropics,SAT3,499,58744.422527657516,58754.48780819073
Tropics,SAT3,342,2496.9574107173853,2500.744983997009
Tropics,SAT3,907,50975.00527613489,50981.193396143615
Tropics,SAT3,907,56993.06429666492,57004.96823137426
Tropics,SAT3,94,26735.405963212263,26738.876173788234
Tropics,SAT3,1154,51362.195682470134,51364.601284608965
Tropics,SAT3,694,81114.6946780163,81123.23532693107
Tropics,SAT3,98,76398.03336210319,76408.96482522503
Tropics,SAT3,268,13962.410170422061,13965.960107607232
Tropics,SAT3,965,62441.58664861631,62447.39705974768
Tropics,SAT3,965,68457.12580308931,68467.26082784885
Tropics,SAT3,965,80553.46599354187,80561.32468903503
Tropics,SAT3,1119,29120.461474082447,29124.427803975424
Tropics,SAT3,909,69315.49897882905,69324.68722377524
Tropics,SAT3,975,51202.5557212906,51209.8615914456
Tropics,SAT3,975,63291.87733694267,63302.34997712149
Tropics,SAT3,975,69318.1165142568,69324.51676484282
Tropics,SAT3,827,68110.86082741969,68122.59723058813
Tropics,SAT3,940,23574.596287177406,23585.2885998452
Tropics,SAT3,804,29689.407676291794,29700.722047210547
Tropics,SAT3,410,81508.98198401461,81519.94619172874
Tropics,SAT3,140,13905.661656377988,13917.39671226424
Tropics,SAT3,140,19817.7546754585,19822.49325438746
Tropics,SAT3,1085,80268.73949344923,80274.33500293786
Tropics,SAT3,1083,80097.19589622942,80103.29926525394
Tropics,SAT3,128,66649.80121555759,66654.88017161627
Tropics,SAT3,1073,12199.425934821284,12205.21074079066
Tropics,SAT3,1162,40075.123179267124,40077.93944663772
Tropics,SAT3,807,5622.655313306646,5631.775491756326
Tropics,SAT3,851,33831.04594331832,33837.21112733124
Tropics,SAT3,851,64101.695492804225,64104.74933627389
Tropics,SAT3,152,2836.161360671686,2840.4092384151677
Tropics,SAT3,152,81962.97406469913,81973.6063558558
Tropics,SAT3,1097,63293.684272638595,63299.100899573525
Tropics,SAT3,134,31276.363642874796,31279.073570232995
Tropics,SAT3,61,83671.73231051736,83680.23670346367
Tropics,SAT3,1121,23311.229839876847,23315.194821527453
Tropics,SAT3,1061,29174.031091486704,29179.937126064542
Tropics,SAT3,504,16286.83113502076,16291.29174846586
Tropics,SAT3,648,22364.725649133386,22374.04066277132
Tropics,SAT3,648,52854.13901917399,52860.48162378788
Tropics,SAT3,350,27213.594910396532,27216.293351820506
Tropics,SAT3,915,45575.07878611967,45585.889362901034
Tropics,SAT3,11,48216.73775052046,48226.12360931397
Tropics,SAT3,360,58867.61163093668,58877.34246386795
Tropics,SAT3,429,58867.61163093667,58877.34246386796
Tropics,SAT3,39,2950.73271703935,2957.954741374752
Tropics,SAT3,39,32580.860348971928,32590.87813223559
Tropics,SAT3,538,13337.100586264874,13345.269361284567
Tropics,SAT3,682,13221.987330524162,13227.061921996716
Tropics,SAT3,682,61811.35004249423,61814.58805223599
Tropics,SAT3,683,13283.614767834535,13287.23835791103
Tropics,SAT3,6,4254.308724716535,4264.950149376271
Tropics,SAT3,912,51369.58055988287,51376.407814662736
Tropics,SAT3,912,69538.23514663716,69543.42392885697
Tropics,SAT3,491,70165.81956462476,70173.23402097254
Tropics,SAT3,92,2777.3918460663162,2785.8391437969203
Tropics,SAT3,1152,57163.70906125219,57167.064904563726
Tropics,SAT3,296,16113.336585006175,16122.568074675495
Tropics,SAT3,861,22536.023947000343,22540.40880411324
Tropics,SAT3,357,21694.31701339346,21700.69788715045
Tropics,SAT3,922,52274.50701024013,52284.24388970853
Tropics,SAT3,635,33433.418199929154,33438.605657605054
Tropics,SAT3,30,43766.26453648788,43772.49583524997
Tropics,SAT3,885,324.7172641956579,336.89393029004077
Tropics,SAT3,885,85370.4346908067,85382.73015136045
Tropics,SAT3,849,63971.499164945555,63977.27233946109
Tropics,SAT3,606,67438.92783592868,67443.88468738193
Tropics,SAT3,153,82023.91095633792,82032.48598388984
Tropics,SAT3,984,45924.54603171383,45935.568166115256
Tropics,SAT3,285,70375.8634787398,70387.55523629137
Tropics,SAT3,982,45749.845605673356,45759.71008703909
Tropics,SAT3,982,57848.06080963545,57856.29744434831
Tropics,SAT3,933,29005.036548374646,29016.294270979197
Tropics,SAT3,621,50465.70052341365,50471.55382543493
Tropics,SAT3,948,6119.31993743868,6129.627335717431
Tropics,SAT3,948,18214.026585509597,18221.614986609726
Tropics,SAT3,948,85144.52948395173,85150.75888655556
Tropics,SAT3,980,45585.12685482783,45593.14083466105
Tropics,SAT3,980,57680.28733553964,57690.31460863931
Tropics,SAT3,238,47737.47089940407,47747.71763618527
Tropics,SAT3,659,35626.52017657337,35638.73837268324
Tropics,SAT3,858,46482.56500472435,46494.09858916782
Tropics,SAT3,68,42571.79635021784,42577.559858876964
Tropics,SAT3,54,9989.144500574055,9998.11335956288
Tropics,SAT3,791,22478.588182227435,22484.44125882508
Tropics,SAT3,430,58806.40663351291,58814.47010600967
Tropics,SAT3,717,28207.662294332054,28218.028362495632
Tropics,SAT3,914,63687.67026515312,63696.163824243755
Tropics,SAT3,500,58806.4066335129,58814.47010600951
Tropics,SAT3,787,28207.662294332058,28218.028362495632
Tropics,SAT3,869,11136.081837059282,11139.269021536762
Tropics,SAT3,869,35313.42511594455,35322.41028515176
Tropics,SAT3,1003,17421.83068777256,17429.161706647807
Tropics,SAT3,789,52618.77572233653,52624.859955562584
Tropics,SAT3,260,19409.799057831333,19419.415271714028
Tropics,SAT3,428,58806.052808697896,58818.00930580994
Tropics,SAT3,1011,12085.210800654728,12093.694312425843
Tropics,SAT3,1011,18105.842047289105,18112.20348816093
Tropics,SAT3,51,65099.754086570974,65109.3261957097
Tropics,SAT3,322,67092.73881378445,67100.535707281
Tropics,SAT3,553,44732.67731603725,44739.92783444422
Tropics,SAT3,697,75323.78243638919,75335.61989949802
Tropics,SAT3,106,65099.75412534263,65109.326195662296
Tropics,SAT3,1067,11690.978710789339,11695.477846821705
Tropics,SAT3,69,72372.78465121804,72372.784651219
Tropics,SAT3,69,72372.78465122059,72382.53207514045
Tropics,SAT3,1040,57448.35932467335,57456.828085412875
Tropics,SAT3,1040,63468.11857664754,63474.376354510125
Tropics,SAT3,1147,62727.15245911342,62729.78071860261
Tropics,SAT3,989,46369.6147156703,46379.3971101693
Tropics,SAT3,202,13884.355172055728,13892.87282761352
Tropics,SAT3,202,19815.35471179731,19817.82932103942
Tropics,SAT3,1026,86340.919087613,86344.72830243372
Tropics,SAT3,424,27579.91244137147,27589.765836921295
Tropics,SAT3,1,9817.572917886211,9825.189954682952
Tropics,SAT3,1,65225.001684932984,65234.355525801715
Tropics,SAT3,341,2436.1069319735225,2441.3597309349484
Tropics,SAT3,906,75097.71418742843,75104.93669334224
Tropics,SAT3,93,32584.573261737605,32591.325144923245
Tropics,SAT3,99,76459.26506090992,76468.17361825991
Tropics,SAT3,1159,51770.82608652201,51774.829420053546
Tropics,SAT3,312,36321.28637403284,36330.38356925238
Tropics,SAT3,877,23899.023492423803,23909.231692417005
Tropics,SAT3,507,16465.953515698166,16475.66003448645
Tropics,SAT3,64,48219.038593837555,48225.25960001217
Tropics,SAT3,808,84753.49841005377,84757.5228230881
Tropics,SAT3,970,56821.37641809393,56827.944535729046
Tropics,SAT3,578,16460.303390411304,16466.399793370812
Tropics,SAT3,605,18903.33099012986,18911.117962094773
Tropics,SAT3,605,67380.66649404271,67384.17534866552
Tropics,SAT3,1058,22930.715565522652,22934.240247955815
Tropics,SAT3,607,19026.256505058886,19030.800241782625
Tropics,SAT3,607,67498.22338507928,67504.76881207601
Tropics,SAT3,1095,63122.87644592914,63128.94242124494
Tropics,SAT3,1036,57103.757382696225,57111.07679099983
Tropics,SAT3,770,45014.41253542631,45019.88742553166
Tropics,SAT3,182,42271.965884011144,42279.19924068689
Tropics,SAT3,1006,29693.510960696192,29696.70592700076
Tropics,SAT3,244,78165.15886693784,78168.84454976008
Tropics,SAT3,941,11567.286890879792,11575.254286126961
Tropics,SAT3,941,23662.168202648634,23672.22856358721
Tropics,SAT3,941,29680.86517705673,29686.555955080094
Tropics,SAT3,288,21510.430267046653,21514.924941087076
Tropics,SAT3,281,76065.13677958027,76076.04065371252
Tropics,SAT3,978,57503.69498833635,57514.78947611561
Tropics,SAT3,978,69532.11284986814,69535.03191851322
Tropics,SAT3,930,34794.90053058242,34806.09048580091
Tropics,SAT3,930,46831.42405980844,46834.759172097976
Tropics,SAT3,937,23305.352509054635,23316.555088452744
Tropics,SAT3,420,70218.80043279844,70228.08494794791
Tropics,SAT3,1028,68465.27806807045,68472.77906377133
Tropics,SAT3,434,16288.202524691686,16295.85705729994
Tropics,SAT3,721,46879.81993378063,46890.575174185644
Tropics,SAT3,290,21627.72893854492,21635.461877591522
Tropics,SAT3,1014,18335.290703142087,18338.775404592
Tropics,SAT3,928,22592.46539320917,22595.500603344168
Tropics,SAT3,928,46689.63412360628,46695.3000088367
Tropics,SAT3,1007,17766.532198133762,17774.99818755712
Tropics,SAT3,1007,23786.192847596827,23792.43542903196
Tropics,SAT3,123,78156.1062688451,78165.88735685285
Tropics,SAT3,1068,17771.68882869317,17777.752560704612
Tropics,SAT3,433,16229.591257578504,16235.492653644073
Tropics,SAT3,720,22422.60976601302,22430.12333357537
Tropics,SAT3,1032,62784.49565488334,62791.90745333887
Tropics,SAT3,973,63113.46183182523,63124.70612418905
Tropics,SAT3,973,75156.34897252031,75160.02610897052
Tropics,SAT3,245,78225.39934575425,78230.48656069464
Tropics,SAT3,591,84412.50159586951,84416.60853782657
Tropics,SAT3,627,75467.90490708282,75479.38676601664
Tropics,SAT3,111,10099.162360380786,10107.978470154158
Tropics,SAT3,111,59379.224309024044,59386.86816931757
Tropics,SAT3,34,8509.259125305682,8519.369209006643
Tropics,SAT3,506,16404.932242551044,16412.711966010764
Tropics,SAT3,650,46999.803243431874,47011.05957093916
Tropics,SAT3,373,4878.460716343753,4887.425374667252
Tropics,SAT3,801,11193.257729602678,11200.259915121029
Tropics,SAT3,953,507.8493162024406,518.5497659236115
Tropics,SAT3,953,12596.519981349697,12603.381184052172
Tropics,SAT3,953,79525.07864240736,79532.05604574265
Tropics,SAT3,261,19469.19766568229,19476.859271690333
Tropics,SAT3,958,6977.652030139589,6983.762413099455
Tropics,SAT3,958,73907.02176232424,73914.72191396239
Tropics,SAT3,958,85999.80767961525,86010.04616806206
Tropics,SAT3,962,74243.45072986449,74254.35694946459
Tropics,SAT3,441,47568.22499527153,47573.42746817146
Tropics,SAT3,636,33492.922466354335,33499.7212609013
Tropics,SAT3,737,30013.5885362688,30020.96912546935
Tropics,SAT3,352,70326.31559884083,70335.73008491805
Tropics,SAT3,917,57900.58764611565,57910.989594171595
Tropics,SAT3,301,53473.75841717404,53478.6000718986
Tropics,SAT3,866,41094.86699870128,41101.88171883156
Tropics,SAT3,47,76748.52754052552,76753.90334230968
Tropics,SAT3,480,81401.57395820254,81412.28733999254
Tropics,SAT3,927,40583.70081205662,40594.381558021865
Tropics,SAT3,816,18559.79238563239,18566.827560300884
Tropics,SAT3,291,21684.915283821367,21694.613487342467
Tropics,SAT3,323,67150.38851017912,67160.18088693156
Tropics,SAT3,888,79576.70985006398,79587.33196719676
Tropics,SAT3,825,7206.513418698758,7213.870954186095
Tropics,SAT3,920,52106.03634898587,52118.14518040867
Tropics,SAT3,920,58132.89064603847,58139.338109885604
Tropics,SAT3,0,65161.18164167182,65172.58259405711
Tropics,SAT3,154,32804.42120360835,32814.2316225413
Tropics,SAT3,489,70041.19709850752,70052.6893222476
Tropics,SAT3,872,35534.66530530761,35539.65071759438
Tropics,SAT3,50,65161.181641671814,65172.58259405711
Tropics,SAT3,843,69543.63198896586,69551.4636526311
Tropics,SAT3,719,52736.643583827296,52742.9150053441
Tropics,SAT3,1072,18106.41870943509,18110.535452978915
Tropics,SAT3,883,85203.14539477574,85213.11031635985
Tropics,SAT3,9,77711.88858121455,77716.9689483885
Tropics,SAT1,609,11683.607914435208,11695.314790217773
Tropics,SAT1,609,17655.667993838582,17659.09767718214
Tropics,SAT1,609,66128.40444397037,66136.2963904333
Tropics,SAT1,847,62324.22878716931,62334.79876882704
Tropics,SAT1,17,47175.041060519,47178.258812916785
Tropics,SAT1,370,46088.862535969325,46099.41326471957
Tropics,SAT1,764,79466.49132295766,79477.48978152568
Tropics,SAT1,969,61249.38414160773,61258.31757933571
Tropics,SAT1,969,73348.72493612776,73357.99694777298
Tropics,SAT1,422,68851.75517175849,68859.41835881102
Tropics,SAT1,850,38255.07264368755,38264.937257765334
Tropics,SAT1,249,76975.91578271,76986.27309169235
Tropics,SAT1,29,24392.62932094475,24396.882753799386
Tropics,SAT1,832,60963.97617077209,60974.51119981817
Tropics,SAT1,832,79236.7344807788,79249.1174541027
Tropics,SAT1,76,29798.163173468223,29804.311383223194
Tropics,SAT1,755,5786.036366593358,5796.623550282443
Tropics,SAT1,21,29737.248828860855,29748.384495939867
Tropics,SAT1,834,85377.07937509318,85379.79829957303
Tropics,SAT1,383,77143.68278571204,77152.12373533628
Tropics,SAT1,811,22698.06170437111,22707.47378454226
Tropics,SAT1,392,65793.0270244333,65801.05375122253
Tropics,SAT1,14,46947.02429392834,46953.05154899465
Tropics,SAT1,741,28778.2848471457,28781.498491948634
Tropics,SAT1,782,32354.378113118775,32362.16226047886
Tropics,SAT1,782,62732.87751512595,62737.40849269883
Tropics,SAT1,845,37919.817769125904,37922.50494342087
Tropics,SAT1,845,68184.91877170786,68191.50474487507
Tropics,SAT1,722,21060.550570864598,21069.42485808434
Tropics,SAT1,722,51435.74179575793,51439.362281617905
Tropics,SAT1,594,83100.61211754092,83107.50439089739
Tropics,SAT1,624,49156.87498303918,49165.81830308575
Tropics,SAT1,462,17585.950197062244,17598.031205908188
Tropics,SAT1,453,28946.556430807912,28957.836279187715
Tropics,SAT1,740,28715.548422749926,28715.54842275193
Tropics,SAT1,740,28715.54842275419,28720.147767096547
Tropics,SAT1,487,37577.654848579834,37586.28836884838
Tropics,SAT1,774,68176.61001685956,68186.45623513633
Tropics,SAT1,282,74642.04650056081,74653.1759930587
Tropics,SAT1,979,56077.307072192176,56088.430303638044
Tropics,SAT1,239,46314.35991910926,46324.82365650199
Tropics,SAT1,936,27758.589145880822,27769.616828276117
Tropics,SAT1,476,48818.80207830653,48824.47922415439
Tropics,SAT1,707,68508.34735701152,68513.10269459982
Tropics,SAT1,1142,78734.93654955013,78738.88273944255
Tropics,SAT1,85,42401.42158103402,42406.04957629591
Tropics,SAT1,85,48301.586985990216,48312.114800987285
Tropics,SAT1,43,25483.164049642157,25492.82071956714
Tropics,SAT1,43,80893.55899597124,80900.93117764781
Tropics,SAT1,75,29733.029227517633,29740.72385795936
Tropics,SAT1,1135,5058.263341724406,5062.162427376088
Tropics,SAT1,1135,84126.82297755312,84130.36529628391
Tropics,SAT1,800,39904.81587055939,39910.01806953573
Tropics,SAT1,1043,44161.66814727689,44167.075437866304
Tropics,SAT1,1043,56199.81759318339,56207.62091406733
Tropics,SAT1,1132,10783.285542624853,10787.003756024465
Tropics,SAT1,1000,21680.977967113708,21688.368935556864
Tropics,SAT1,10,82198.04162879317,82208.47628816546
Tropics,SAT1,736,28439.615053528898,28450.74171773529
Tropics,SAT1,110,57841.185725678224,57852.90851724763
Tropics,SAT1,110,63753.41846727212,63758.15063361653
Tropics,SAT1,463,17649.652925381517,17659.52103782482
Tropics,SAT1,750,72087.12885735916,72096.1252198062
Tropics,SAT1,878,22470.55828513065,22480.933283001636
Tropics,SAT1,878,28475.037475596087,28479.51302346048
Tropics,SAT1,905,73514.08785827967,73524.12565936695
Tropics,SAT1,723,15155.528661037912,15158.79273723122
Tropics,SAT1,723,45522.21868621614,45531.54132145723
Tropics,SAT1,317,35138.17383497609,35141.02330264003
Tropics,SAT1,1048,56596.33846223178,56599.89128877737
Tropics,SAT1,494,68858.06178996281,68862.47345669354
Tropics,SAT1,781,62668.260170414556,62674.27618865678
Tropics,SAT1,170,63755.73148043414,63758.12721795328
Tropics,SAT1,107,69481.75566024499,69485.40347779286
Tropics,SAT1,1052,44902.429818488985,44907.63314501941
Tropics,SAT1,12,64599.80948438102,64602.038045256726
Tropics,SAT1,165,69481.75566024499,69485.40347779285
Tropics,SAT1,1110,44902.42981848899,44907.63314501881
Tropics,SAT1,38,1411.2325762626351,1421.7195039508501
Tropics,SAT1,665,28544.31896464959,28556.42059891602
Tropics,SAT1,552,79865.04398696207,79875.8172305249
Tropics,SAT1,62,76348.96877526361,76352.56184442152
Tropics,SAT1,541,12029.950013073163,12035.040175713148
Tropics,SAT1,517,40357.500643942876,40363.05498297877
Tropics,SAT1,486,37518.66501099767,37525.44427219395
Tropics,SAT1,168,63624.80200765609,63629.65746222163
Tropics,SAT1,473,6351.972754906982,6360.526718438451
Tropics,SAT1,760,60794.85664811115,60804.98214675902
Tropics,SAT1,768,73745.69318959046,73757.9124665564
Tropics,SAT1,227,69367.39530331283,69370.76247544256
Tropics,SAT1,731,40075.75613940384,40079.859656705645
Tropics,SAT1,674,23160.21937403588,23164.872532593596
Tropics,SAT1,543,54552.40093780228,54556.84492043103
Tropics,SAT1,343,86114.35178994115,86118.16613802136
Tropics,SAT1,908,55564.22832903023,55575.984973410195
Tropics,SAT1,908,67720.96099295738,67732.75693700198
Tropics,SAT1,908,73743.43132241721,73749.49146509466
Tropics,SAT1,321,23500.75348975926,23512.20941349525
Tropics,SAT1,805,9983.421366430242,9994.778927539313
Tropics,SAT1,22,29801.432344329565,29810.56346319372
Tropics,SAT1,22,59435.65451726514,59443.599468134234
Tropics,SAT1,109,63687.83060689165,63693.99797751581
Tropics,SAT1,13,46876.86876921773,46884.292833759886
Tropics,SAT1,1108,44732.60380552681,44738.59939474099
Tropics,SAT1,971,55396.47576362482,55402.93026055809
Tropics,SAT1,971,73511.26035984184,73518.51249193927
Tropics,SAT1,595,28719.673838090082,28730.502483480675
Tropics,SAT1,595,34688.02546307104,34690.88518482493
Tropics,SAT1,595,83161.87448903336,83170.53706491127
Tropics,SAT1,623,623.2039646377916,627.2280312828916
Tropics,SAT1,623,79691.31105529351,79703.66012631883
Tropics,SAT1,31,36442.60772736783,36445.808997197404
Tropics,SAT1,247,76861.23511697642,76867.75112094157
Tropics,SAT1,964,66864.92713646172,66873.21283443131
Tropics,SAT1,964,78961.73569276487,78971.5613943013
Tropics,SAT1,1041,56026.613806789755,56035.088381666224
Tropics,SAT1,1041,62046.71658639684,62053.015304307206
Tropics,SAT1,108,63624.419070566044,63632.255667319
Tropics,SAT1,391,65735.21325989853,65741.4500943918
Tropics,SAT1,819,72037.32973267425,72042.19683461562
Tropics,SAT1,26,24176.387396847676,24184.37410752086
Tropics,SAT1,26,30087.78112255821,30091.74150740614
Tropics,SAT1,568,26282.900144297902,26289.410340177845
Tropics,SAT1,910,67887.46613786252,67896.82779489786
Tropics,SAT1,505,51538.84622375857,51549.004215562665
Tropics,SAT1,873,28095.72461753707,28106.740396689904
Tropics,SAT1,839,73754.6032584009,73763.28877745886
Tropics,SAT1,398,54267.86444027209,54270.804393985556
Tropics,SAT1,826,66530.17812242193,66538.55778844988
Tropics,SAT1,269,48533.06001091168,48540.08382519508
Tropics,SAT1,966,79128.06020850105,79136.02304611384
Tropics,SAT1,1150,61475.854711796004,61479.51274152518
Tropics,SAT1,836,49271.159909278394,49274.11983881065
Tropics,SAT1,5,2719.052423970673,2726.3859756422353
Tropics,SAT1,5,58126.84781471826,58136.55360561804
Tropics,SAT1,879,22551.386717375186,22560.479085395826
Tropics,SAT1,879,28541.696933175837,28544.908278492276
Tropics,SAT1,809,22539.69169072968,22552.193101331548
Tropics,SAT1,809,28552.31187459327,28557.81979678732
Tropics,SAT1,67,46944.86692226779,46948.57815762773
Tropics,SAT1,1127,16341.639864299375,16345.640243257107
Tropics,SAT1,622,562.9199693072558,568.4416585474214
Tropics,SAT1,853,32470.264916379874,32477.662321171865
Tropics,SAT1,1004,16000.240692842828,16007.538628172293
Tropics,SAT1,101,19811.686507210256,19818.027586321765
Tropics,SAT1,382,77085.82113665687,77092.4265799484
Tropics,SAT1,810,83389.41302157669,83394.58156511995
Tropics,SAT1,1037,55682.234266482476,55689.52042006398
Tropics,SAT1,1037,67727.04706168905,67733.22572135122
Tropics,SAT1,564,68684.97659884133,68691.0097954113
Tropics,SAT1,889,11294.504282786513,11302.196843198088
Tropics,SAT1,889,72149.19062953063,72153.74972394094
Tropics,SAT1,262,18046.048508397227,18053.89308090064
Tropics,SAT1,262,54043.340524677624,54046.43822453107
Tropics,SAT1,959,84573.70985281079,84584.01436657066
Tropics,SAT1,284,74760.89698455094,74768.00706247226
Tropics,SAT1,981,44159.78222685475,44167.69139193963
Tropics,SAT1,981,56254.21117346021,56264.309983697145
Tropics,SAT1,934,15543.346815310653,15547.027374079678
Tropics,SAT1,934,27578.582170217203,27589.82646459948
Tropics,SAT1,1022,84519.59207875405,84527.5459988888
Tropics,SAT1,779,38140.35309721118,38151.01299700773
Tropics,SAT1,742,77540.8988420984,77544.73525226665
Tropics,SAT1,529,23212.439207765725,23222.000207348447
Tropics,SAT1,673,71689.99509371749,71692.28969620391
Tropics,SAT1,475,48760.558656487694,48764.68823637588
Tropics,SAT1,762,280.8064883813042,287.4776567468696
Tropics,SAT1,956,72261.79867927053,72265.95298333987
Tropics,SAT1,246,76802.41533693006,76807.35546180342
Tropics,SAT1,327,17923.451390209393,17931.670068145006
Tropics,SAT1,126,35195.38430345292,35205.94428470711
Tropics,SAT1,126,70958.31561228231,70964.71635772302
Tropics,SAT1,1062,15779.617067708125,15782.403882912076
Tropics,SAT1,1062,27758.10217021214,27764.002549756882
Tropics,SAT1,1157,56084.46322541225,56088.34938933526
Tropics,SAT1,532,23397.0854191757,23401.440646708357
Tropics,SAT1,532,71752.57293052903,71762.71571424823
Tropics,SAT1,676,17313.66947134906,17322.852857291913
Tropics,SAT1,155,31388.366903419323,31398.217972228966
Tropics,SAT1,141,48251.05766856569,48256.70616482064
Tropics,SAT1,60,52389.66590092435,52397.88960462071
Tropics,SAT1,60,82132.54503880203,82138.05664266093
Tropics,SAT1,772,43649.4680784415,43656.2013731137
Tropics,SAT1,862,45297.13206724035,45305.03181689082
Tropics,SAT1,356,20151.20112268768,20154.399003954008
Tropics,SAT1,921,56705.777413979515,56712.403135471424
Tropics,SAT1,817,77883.79449812684,77892.50534031179
Tropics,SAT1,752,11574.798341584601,11582.517381924696
Tropics,SAT1,329,18043.548839190156,18048.359022838213
Tropics,SAT1,580,45687.49799607907,45699.52304468498
Tropics,SAT1,638,32123.26314616241,32131.42582559632
Tropics,SAT1,638,62723.77554263941,62734.91265053658
Tropics,SAT1,638,68693.36569024641,68696.42506786287
Tropics,SAT1,874,9986.851380161645,9995.114996892595
Tropics,SAT1,874,28178.38337277469,28188.158636277436
Tropics,SAT1,77,59601.16824397177,59610.37628290357
Tropics,SAT1,1018,78163.9871756935,78169.24453847182
Tropics,SAT1,294,57505.6899995393,57517.51002405226
Tropics,SAT1,870,9710.09691712548,9713.119730679662
Tropics,SAT1,870,33885.419643380774,33894.579543277156
Tropics,SAT1,482,80035.43639970962,80044.4443684417
Tropics,SAT1,913,62096.98995192104,62108.18811053131
Tropics,SAT1,125,41044.56751691276,41049.97991530745
Tropics,SAT1,125,70894.87791595509,70899.80977658872
Tropics,SAT1,1070,10439.947163470973,10445.602198198721
Tropics,SAT1,1092,61366.31956696205,61371.394908782815
Tropics,SAT1,328,17983.287869816144,17989.69730594076
Tropics,SAT1,139,18272.84733924884,18280.658183732925
Tropics,SAT1,139,54034.85061044574,54043.67684320305
Tropics,SAT1,263,18106.006467455987,18112.113834601296
Tropics,SAT1,952,11010.254684197951,11019.297476192354
Tropics,SAT1,952,83955.65058728222,83964.91695621911
Tropics,SAT1,1015,16914.23948291665,16917.774380699524
Tropics,SAT1,1033,61362.965814130876,61370.34538091721
Tropics,SAT1,185,40976.534979328186,40980.789529850685
Tropics,SAT1,823,72318.69458928039,72329.56546855251
Tropics,SAT1,1060,27585.62925741816,27591.711924192674
Tropics,SAT1,124,40980.093738405136,40987.05252703779
Tropics,SAT1,124,76740.13231365693,76749.95386923636
Tropics,SAT1,1008,16344.727029577987,16353.19938759593
Tropics,SAT1,1008,22364.738824222033,22371.02276870274
Tropics,SAT1,947,10569.412653052714,10580.653882827592
Tropics,SAT1,968,55185.755044240235,55188.726785415936
Tropics,SAT1,835,55176.72023766308,55184.770449661664
Tropics,SAT1,1066,16098.311992978555,16103.913184501085
Tropics,SAT1,986,38543.505952895925,38552.08921010008
Tropics,SAT1,66,40968.51960807736,40979.38012619926
Tropics,SAT1,66,46874.36080756076,46879.17380399345
Tropics,SAT1,362,57500.70396585713,57508.771725557366
Tropics,SAT1,790,26900.88201902573,26910.411668751014
Tropics,SAT1,493,68797.9683076862,68803.95935233761
Tropics,SAT1,52,63686.9365556968,63696.372123443434
Tropics,SAT1,52,69599.06498797983,69603.09528962316
Tropics,SAT1,53,63749.76685416542,63757.39903296053
Tropics,SAT1,695,79683.80194304055,79692.7029413966
Tropics,SAT1,518,40417.6780633885,40421.70426728756
Tropics,SAT1,518,82822.51798653345,82825.15279639281
Tropics,SAT1,662,34336.049087114116,34344.82574714109
Tropics,SAT1,555,43363.60278937274,43372.33408134409
Tropics,SAT1,699,43481.39637815708,43486.92262057266
Tropics,SAT1,699,73963.63693127474,73973.91375990669
Tropics,SAT1,738,83251.57379109398,83256.36664967772
Tropics,SAT1,84,12601.374066693115,12613.052197213818
Tropics,SAT1,84,18504.050983859946,18509.315541817865
Tropics,SAT1,295,57566.090484008666,57575.67521488024
Tropics,SAT1,860,51144.230103508075,51148.83870337311
Tropics,SAT1,358,20269.36353039739,20275.520376714474
Tropics,SAT1,916,38145.10237082413,38149.86175468848
Tropics,SAT1,842,73961.62047557023,73965.92839620035
Tropics,SAT1,315,71128.24199891297,71130.52868238365
Tropics,SAT1,903,55180.95662384134,55186.27041286938
Tropics,SAT1,903,73344.05341795448,73356.4061804926
Tropics,SAT1,689,220.46014041991467,231.97629912094357
Tropics,SAT1,112,8683.09612603767,8691.949588962481
Tropics,SAT1,709,62661.37540395735,62670.68513122917
Tropics,SAT1,508,15036.196200073435,15045.500513798876
Tropics,SAT1,652,15154.044327265048,15160.03061247245
Tropics,SAT1,652,45638.791148960125,45648.51581547584
Tropics,SAT1,733,3857.0448985940184,3861.202073883023
Tropics,SAT1,733,34230.13922119356,34238.35740663508
Tropics,SAT1,995,39324.8765448927,39331.63289622289
Tropics,SAT1,241,46433.4111169563,46440.01019291993
Tropics,SAT1,771,73963.01177673296,73970.04883259043
Tropics,SAT1,938,15838.028119433175,15846.245903317686
Tropics,SAT1,938,27934.524848104273,27944.40234727882
Tropics,SAT1,1045,50345.28126965222,50353.7713954235
Tropics,SAT1,1045,56366.33342599243,56372.75006790765
Tropics,SAT1,1140,72602.57465831548,72604.81891693667
Tropics,SAT1,223,75045.69984576984,75048.90087774266
Tropics,SAT1,1047,50518.76749055,50526.64378509912
Tropics,SAT1,950,10838.317675903607,10848.888534063464
Tropics,SAT1,1059,21514.618501248955,21518.158687125568
Tropics,SAT1,390,23507.57028216629,23514.980791515885
Tropics,SAT1,818,17199.684457402018,17205.50000175885
Tropics,SAT1,814,16902.92025829029,16914.824309766824
Tropics,SAT1,814,83673.59398374686,83684.79945391427
Tropics,SAT1,996,27361.759648993826,27369.240490544107
Tropics,SAT1,222,74980.76271031481,74985.22928557507
Tropics,SAT1,876,4141.086115170288,4146.047478786432
Tropics,SAT1,1123,16011.280086722545,16014.311692764695
Tropics,SAT1,939,21968.922094246373,21980.20637712216
Tropics,SAT1,667,83239.10361384269,83246.56618753918
Tropics,SAT1,983,38314.450343601995,38319.72216486066
Tropics,SAT1,983,56422.51459301463,56430.85204830485
Tropics,SAT1,841,49609.436384206965,49619.63645860959
Tropics,SAT1,268,48474.62188656862,48480.007960351235
Tropics,SAT1,965,72996.44406369321,73007.72628697935
Tropics,SAT1,344,1133.519517507254,1136.1763324653784
Tropics,SAT1,827,5846.927226991409,5853.054290228021
Tropics,SAT1,940,9990.479765011956,9996.097186628833
Tropics,SAT1,940,16003.885652837427,16013.899458530941
Tropics,SAT1,940,28101.235108357447,28109.26745248109
Tropics,SAT1,976,67893.10601113233,67899.61918988348
Tropics,SAT1,838,73679.10520221175,73689.33936199007
Tropics,SAT1,1083,72603.20728835504,72607.43084099166
Tropics,SAT1,128,65168.26489334806,65172.08648549951
Tropics,SAT1,1073,16690.359871710436,16694.461992774253
Tropics,SAT1,1162,50525.16121619631,50525.16121619895
Tropics,SAT1,1162,50525.16121620185,50528.61079054016
Tropics,SAT1,663,3912.1061314432714,3920.6510201660553
Tropics,SAT1,663,34402.247237746196,34409.28830105923
Tropics,SAT1,379,34737.486096945824,34748.51666020787
Tropics,SAT1,1065,22013.871906309647,22019.949259119996
Tropics,SAT1,1082,78509.31983695802,78515.15252323657
Tropics,SAT1,423,68911.5577381743,68917.47169554477
Tropics,SAT1,152,86396.09824637727,86400.0
Tropics,SAT1,1097,67779.18751632392,67782.59426636722
Tropics,SAT1,61,82197.10441448072,82204.05061342324
Tropics,SAT1,1077,78110.31700725299,78112.75056037547
Tropics,SAT1,898,66814.49383017652,66825.0153865812
Tropics,SAT1,156,25543.19054260655,25548.141365118572
Tropics,SAT1,504,57438.2539309963,57441.958636883675
Tropics,SAT1,303,3178.580974212025,3182.5590649974106
Tropics,SAT1,868,15544.658827085046,15550.874880821073
Tropics,SAT1,868,21563.065337295095,21574.990880894107
Tropics,SAT1,868,33719.959076330044,33731.583511803256
Tropics,SAT1,990,50917.108068416164,50920.8051064062
Tropics,SAT1,371,46149.62162902791,46158.104405388745
Tropics,SAT1,799,15546.861854946084,15556.056816527833
Tropics,SAT1,18,41325.997552117944,41331.23825050857
Tropics,SAT1,39,31110.178225402757,31118.63228635807
Tropics,SAT1,726,39727.64301369264,39739.94930773119
Tropics,SAT1,871,15771.09837828132,15781.285284876292
Tropics,SAT1,491,68675.59941389624,68685.31860624459
Tropics,SAT1,542,6125.024328256038,6137.198819641537
Tropics,SAT1,686,6010.472781091753,6018.727384866177
Tropics,SAT1,686,60565.008757426855,60572.53005653002
Tropics,SAT1,92,1302.671087801797,1312.9160858008913
Tropics,SAT1,357,20210.865511933844,20215.451646075893
Tropics,SAT1,357,69142.865549134,69145.91143402387
Tropics,SAT1,922,32581.92264956817,32588.705354880232
Tropics,SAT1,635,68510.93657114857,68518.62509288933
Tropics,SAT1,30,42289.203539274946,42294.41526725707
Tropics,SAT1,421,68791.41866953063,68801.04772149293
Tropics,SAT1,153,1420.3161390283549,1424.5401301023667
Tropics,SAT1,153,80546.98630100698,80557.57661436503
Tropics,SAT1,796,21338.587587348444,21350.277793435263
Tropics,SAT1,931,33368.45284170107,33379.66343497279
Tropics,SAT1,1064,27926.80790702803,27931.78612040128
Tropics,SAT1,531,71691.17189914033,71699.34637016979
Tropics,SAT1,675,23221.48016615294,23224.71713030376
Tropics,SAT1,675,71808.90508296521,71813.98219369269
Tropics,SAT1,982,50287.49371785925,50298.77289543944
Tropics,SAT1,270,48590.4906755198,48599.380293029346
Tropics,SAT1,933,21455.052384389197,21462.57318481791
Tropics,SAT1,933,33546.395820735546,33556.74398907646
Tropics,SAT1,933,39570.28563595938,39576.459571318555
Tropics,SAT1,621,85544.69289040286,85551.64696581943
Tropics,SAT1,948,22706.002062507563,22709.87224642142
Tropics,SAT1,283,74701.34210719969,74710.32922144495
Tropics,SAT1,935,33716.575406147895,33725.273489675856
Tropics,SAT1,68,41093.3860544187,41100.517551857614
Tropics,SAT1,54,8514.996212924314,8522.342342092714
Tropics,SAT1,363,57560.5724699876,57566.84661999235
Tropics,SAT1,791,51257.19872421053,51262.099263091826
Tropics,SAT1,426,20274.25360455795,20277.66343864496
Tropics,SAT1,215,1359.5885924513718,1362.5847063249385
Tropics,SAT1,1039,49841.54054209166,49847.07876005277
Tropics,SAT1,914,43989.63668514365,43997.69377061977
Tropics,SAT1,361,57440.17107633191,57450.2549622807
Tropics,SAT1,1074,10783.464601459475,10789.242566940517
Tropics,SAT1,1074,83844.29844039441,83847.50445830947
Tropics,SAT1,260,17927.305518325007,17939.393581457833
Tropics,SAT1,856,32693.93916129171,32705.96059129399
Tropics,SAT1,1011,10575.946187111778,10584.423805701499
Tropics,SAT1,1011,22593.405790285073,22596.79605404571
Tropics,SAT1,51,63626.23892403136,63637.78803468369
Tropics,SAT1,887,17140.431092665174,17144.840296626695
Tropics,SAT1,887,77992.51130296243,78000.36141424529
Tropics,SAT1,1016,11003.933038050676,11010.451099114689
Tropics,SAT1,697,43361.80562167055,43364.477992648084
Tropics,SAT1,106,63626.23892403136,63637.788034683705
Tropics,SAT1,69,70899.69580384121,70907.71404791212
Tropics,SAT1,87,36614.332101317144,36617.271507204474
Tropics,SAT1,292,20262.025928919782,20271.517480861887
Tropics,SAT1,954,84127.21033174655,84137.91663185076
Tropics,SAT1,581,15151.935231657655,15161.162999690738
Tropics,SAT1,581,45755.17362744947,45765.15580746642
Tropics,SAT1,926,51030.578542913434,51034.794085756905
Tropics,SAT1,424,68971.39754775193,68975.75414598617
Tropics,SAT1,852,62673.771630447794,62677.04012467802
Tropics,SAT1,70,70959.82569750465,70969.71434439327
Tropics,SAT1,1130,10616.14613105073,10620.172173823323
Tropics,SAT1,1,8343.122392016174,8349.513384968648
Tropics,SAT1,1,63753.73551388968,63764.79701256334
Tropics,SAT1,793,21117.25967885424,21124.334154598673
Tropics,SAT1,704,37828.209197059376,37834.14086960336
Tropics,SAT1,1002,21851.450219827355,21859.785028033482
Tropics,SAT1,1012,16684.36188994471,16690.764028888178
Tropics,SAT1,906,55400.460735812216,55409.77475824005
Tropics,SAT1,93,31107.174112794117,31112.61180232146
Tropics,SAT1,99,74985.12060620428,74995.89984916958
Tropics,SAT1,99,80891.30011858008,80896.06834774073
Tropics,SAT1,877,22386.27589177113,22397.84234739529
Tropics,SAT1,651,51548.901738217086,51552.541114259235
Tropics,SAT1,593,34568.01593385781,34573.77609666345
Tropics,SAT1,1124,16091.9657747924,16095.477954714055
Tropics,SAT1,808,4193.00859063008,4201.870690440194
Tropics,SAT1,578,51539.76606916657,51546.465514090654
Tropics,SAT1,640,26287.14834665488,26290.83075027338
Tropics,SAT1,248,40928.89875700233,40931.69807021098
Tropics,SAT1,248,76918.91258889297,76918.91258889381
Tropics,SAT1,945,4369.918000495278,4376.296650631604
Tropics,SAT1,945,10391.809337289722,10402.270732372861
Tropics,SAT1,945,22484.577378072478,22491.90274418963
Tropics,SAT1,159,19816.609703904513,19820.44782869616
Tropics,SAT1,159,25726.675779079873,25736.795523723882
Tropics,SAT1,1104,44390.57310651947,44395.86466183998
Tropics,SAT1,113,2834.684080441417,2838.988116082255
Tropics,SAT1,1058,27415.125543435668,27420.610813304404
Tropics,SAT1,607,17534.801811084537,17541.250026727263
Tropics,SAT1,150,7149.54652828534,7152.751837322497
Tropics,SAT1,497,26278.525750722743,26288.479877332637
Tropics,SAT1,608,17595.79369513363,17600.662638699487
Tropics,SAT1,610,11750.816059679033,11760.504054432642
Tropics,SAT1,610,66190.91386620812,66200.66703175844
Tropics,SAT1,483,80096.718227369,80103.83400712108
Tropics,SAT1,474,6412.997052306711,6419.705876379876
Tropics,SAT1,761,212.5076033594327,220.80535103186173
Tropics,SAT1,143,12611.722876970303,12619.308602942636
Tropics,SAT1,143,48373.273363342625,48382.3485265418
Tropics,SAT1,1088,79018.39291626745,79022.79050684371
Tropics,SAT1,1006,10159.430724171754,10164.9851650773
Tropics,SAT1,1006,22198.920751884463,22206.637800934892
Tropics,SAT1,941,16090.685707171377,16101.344213107011
Tropics,SAT1,941,28180.178041280316,28187.125892630454
Tropics,SAT1,985,44498.21274713178,44509.197473247295
Tropics,SAT1,978,43936.96513195222,43941.46582961291
Tropics,SAT1,240,46373.67605283145,46373.6764537673
Tropics,SAT1,930,39330.663293046826,39339.974599203786
Tropics,SAT1,937,21789.77866013845,21800.60982842089
Tropics,SAT1,211,7037.998922650056,7040.835280018098
Tropics,SAT1,1035,61533.36363526513,61541.69359417204
Tropics,SAT1,734,3919.489409436329,3925.1052758019837
Tropics,SAT1,710,32238.442457358644,32246.46999772621
Tropics,SAT1,710,62728.37557333846,62735.91190303398
Tropics,SAT1,496,26218.798830206713,26226.76157572292
Tropics,SAT1,434,57559.05433973182,57562.52765907525
Tropics,SAT1,721,51372.46147228861,51377.499289693835
Tropics,SAT1,290,20146.703752440142,20152.55338009529
Tropics,SAT1,190,35363.46364422759,35366.64317341234
Tropics,SAT1,1014,10836.862527417998,10844.72996698803
Tropics,SAT1,1014,83843.7936122758,83849.18402417033
Tropics,SAT1,231,63628.522775781385,63630.89954854277
Tropics,SAT1,928,27073.464670364716,27080.255413489347
Tropics,SAT1,183,76734.0313741478,76740.16314227962
Tropics,SAT1,1094,61534.61369485161,61540.55750072975
Tropics,SAT1,1094,73514.56339128448,73517.20871001639
Tropics,SAT1,4,58063.51881833849,58075.338563153164
Tropics,SAT1,4,69879.90916486658,69882.91337423786
Tropics,SAT1,186,41041.82105113448,41044.83715936013
Tropics,SAT1,1010,4479.551394786418,4484.974670978714
Tropics,SAT1,1010,16517.908702084576,16525.702727511976
Tropics,SAT1,433,57498.9977143598,57503.9413339829
Tropics,SAT1,881,16676.09501542683,16688.1807818249
Tropics,SAT1,881,22702.669554407377,22709.088374441548
Tropics,SAT1,100,75046.52190934693,75055.30137016252
Tropics,SAT1,1106,44560.063128677364,44566.09049040465
Tropics,SAT1,567,26224.126181270076,26229.01486236819
Tropics,SAT1,111,8622.852320564894,8629.895164051753
Tropics,SAT1,111,57901.499988412914,57911.01201516679
Tropics,SAT1,902,79299.68352730802,79307.79006779492
Tropics,SAT1,1117,33433.91941380922,33437.72945983364
Tropics,SAT1,34,7038.836806689452,7050.77477785933
Tropics,SAT1,34,18854.222738365614,18857.256022979043
Tropics,SAT1,650,15033.681454027164,15036.741290477356
Tropics,SAT1,801,15700.975112899869,15713.2660279641
Tropics,SAT1,801,33975.89722715997,33986.52808470513
Tropics,SAT1,844,43823.417117795565,43831.139835907736
Tropics,SAT1,953,5049.82165172035,5060.963154428044
Tropics,SAT1,261,17986.662360045688,17996.487240432594
Tropics,SAT1,962,78786.05299440568,78797.0573364372
Tropics,SAT1,636,68573.08161308651,68579.0835259302
Tropics,SAT1,579,15030.00524638045,15035.751988851542
Tropics,SAT1,639,32186.138497571803,32196.186927985025
Tropics,SAT1,737,28513.349738956767,28522.71346425633
Tropics,SAT1,829,85033.8053054159,85043.70416964998
Tropics,SAT1,352,68840.66291044273,68852.60594343867
Tropics,SAT1,866,21398.198598442003,21407.713430792704
Tropics,SAT1,47,75270.60304721698,75277.02890336922
Tropics,SAT1,388,23386.03470993549,23397.557011976038
Tropics,SAT1,291,20204.799405686586,20212.351051894533
Tropics,SAT1,291,69255.2447335758,69258.40497877677
Tropics,SAT1,988,32693.27028306702,32699.30824024377
Tropics,SAT1,988,38711.373226002455,38721.64414440738
Tropics,SAT1,988,50806.45183623435,50814.09957794317
Tropics,SAT1,397,12034.5009752656,12046.527970739271
Tropics,SAT1,397,17981.81832238037,17985.420586723933
Tropics,SAT1,154,31329.104467897865,31337.0062383844
Tropics,SAT1,154,80607.97541458387,80616.51444069717
Tropics,SAT1,330,18104.74426215861,18108.14048054499
Tropics,SAT1,863,27187.43540792181,27198.771443418795
Tropics,SAT1,863,39343.30074176206,39355.494562830536
Tropics,SAT1,895,66585.29264491839,66591.8681443201
Tropics,SAT1,895,72607.81506480774,72620.02541903104
Tropics,SAT1,900,85147.96809466885,85152.77713230257
Tropics,SAT1,802,34052.34032284862,34061.41846644851
Tropics,SAT1,415,80322.46275856976,80326.50658610537
Tropics,SAT1,432,57438.785434971556,57445.37004078624
Tropics,SAT1,1072,10611.271995812154,10617.381257118564
Tropics,SAT1,9,58409.599395779005,58413.82339236525
Tropics,SAT1,9,82135.12686824091,82143.66901378085
Tropics,SAT2,670,23671.74628502962,23682.144168521023
Tropics,SAT2,419,32520.975614853713,32528.96807851314
Tropics,SAT2,419,75442.91922290034,75446.93714039955
Tropics,SAT2,847,69139.30176477777,69142.26826387052
Tropics,SAT2,17,47970.43564456237,47973.42456572129
Tropics,SAT2,471,6979.455746630808,6990.995080166705
Tropics,SAT2,758,61475.70434270031,61483.53866822306
Tropics,SAT2,758,85883.53945995976,85895.75285163692
Tropics,SAT2,370,46884.149846438544,46893.41800864225
Tropics,SAT2,850,39053.02652454019,39063.86790562588
Tropics,SAT2,946,11251.146545729442,11262.30832526264
Tropics,SAT2,946,17313.488405471187,17323.46707199045
Tropics,SAT2,946,23336.892344265885,23342.44733990247
Tropics,SAT2,29,19242.443258583717,19250.320339402588
Tropics,SAT2,81,19068.678506347987,19077.9760330761
Tropics,SAT2,393,18505.33490548542,18514.731752713316
Tropics,SAT2,821,73004.17895352416,73012.96509738392
Tropics,SAT2,404,7261.980922802435,7268.086148611248
Tropics,SAT2,536,18447.992447175067,18452.56064715558
Tropics,SAT2,692,55791.46092227972,55802.49916014909
Tropics,SAT2,755,67268.10565603856,67278.82712741241
Tropics,SAT2,21,60172.527391049494,60179.68007114299
Tropics,SAT2,383,35761.04393599918,35764.08715400527
Tropics,SAT2,811,84299.22815376791,84306.83243250607
Tropics,SAT2,392,18443.981223551753,18455.559315868286
Tropics,SAT2,385,72146.9761543781,72152.03531181917
Tropics,SAT2,813,17597.057189586118,17609.589342184725
Tropics,SAT2,813,23616.118539993546,23621.649697832527
Tropics,SAT2,813,78451.89913175962,78455.77459654104
Tropics,SAT2,36,31676.819264136466,31681.81747853633
Tropics,SAT2,36,37578.34574572505,37588.292133166266
Tropics,SAT2,14,41835.57306573024,41846.48519755713
Tropics,SAT2,14,47738.275035863946,47743.79503786174
Tropics,SAT2,14,71501.0754623978,71507.77677791442
Tropics,SAT2,741,84295.95013635309,84306.74058877109
Tropics,SAT2,782,57554.8130265516,57565.933850911926
Tropics,SAT2,417,75323.14087792969,75330.3715542116
Tropics,SAT2,443,41034.3760635414,41045.74206350276
Tropics,SAT2,730,34799.5035851795,34811.926444500314
Tropics,SAT2,740,23498.98953316495,23510.24856311945
Tropics,SAT2,487,38365.71813450936,38375.65064675498
Tropics,SAT2,487,75213.51796104769,75220.69705985095
Tropics,SAT2,936,28548.77619692078,28559.57334675218
Tropics,SAT2,707,63341.08039954855,63352.997520350465
Tropics,SAT2,82,42976.253553581846,42978.573595943744
Tropics,SAT2,1145,79813.74373687687,79816.15864688976
Tropics,SAT2,840,50344.384167485645,50354.0208146322
Tropics,SAT2,16,71631.82530578946,71641.87957463221
Tropics,SAT2,43,14416.657951895413,14419.395486558089
Tropics,SAT2,75,60282.11347518854,60288.81673318618
Tropics,SAT2,372,4084.3666443540533,4090.469751255278
Tropics,SAT2,372,47004.187649896805,47009.819966724164
Tropics,SAT2,800,16395.998074798812,16407.68995692576
Tropics,SAT2,573,21398.75017182859,21403.64889622048
Tropics,SAT2,1043,44962.12813210638,44968.059482120196
Tropics,SAT2,1043,50982.773669369235,50991.18413709464
Tropics,SAT2,1043,63019.26250231007,63023.12235038052
Tropics,SAT2,1132,5561.89344899986,5565.775791791172
Tropics,SAT2,864,22023.3988134644,22031.052746245543
Tropics,SAT2,1042,56931.67344608994,56939.70013766287
Tropics,SAT2,1000,28494.09643993807,28502.397730580655
Tropics,SAT2,1000,34513.8511367999,34519.40516467605
Tropics,SAT2,901,55857.69780793897,55861.241392687065
Tropics,SAT2,736,4808.815306740416,4818.699112569257
Tropics,SAT2,1055,39954.777714110925,39960.18069032204
Tropics,SAT2,750,12196.844173064668,12206.962129778221
Tropics,SAT2,162,20768.01449272317,20777.412383536204
Tropics,SAT2,162,70101.16638533598,70108.32301759474
Tropics,SAT2,457,24006.91739694333,24018.369894554256
Tropics,SAT2,744,78503.3340305661,78511.23183460275
Tropics,SAT2,751,72993.53232108484,73005.47783766547
Tropics,SAT2,714,27300.857109105065,27308.7047332885
Tropics,SAT2,905,56139.35912978261,56148.179358791596
Tropics,SAT2,905,74351.31154056793,74360.55582780746
Tropics,SAT2,905,80349.26612259683,80352.61717510501
Tropics,SAT2,503,21460.506313055696,21470.568681447527
Tropics,SAT2,723,21909.730792307422,21921.467242711322
Tropics,SAT2,723,46323.87148000231,46332.142117066236
Tropics,SAT2,993,39955.07502457551,39962.816017759695
Tropics,SAT2,882,17537.500100234345,17547.75534304915
Tropics,SAT2,882,84468.49802541091,84476.51150354183
Tropics,SAT2,598,29688.290356269907,29692.808935492572
Tropics,SAT2,620,1186.2448963672705,1194.1143115919208
Tropics,SAT2,994,27981.92085784326,27988.341097097582
Tropics,SAT2,994,46035.18750733385,46038.46533896663
Tropics,SAT2,461,66587.15640045813,66592.33775599797
Tropics,SAT2,95,81459.52079846022,81469.93709444292
Tropics,SAT2,107,15040.621739010523,15048.353192403056
Tropics,SAT2,107,64371.36249763823,64380.10440195978
Tropics,SAT2,628,74868.28533596918,74878.85868636068
Tropics,SAT2,165,15040.621739010525,15048.353192401333
Tropics,SAT2,165,64371.36249763824,64380.104401960496
Tropics,SAT2,38,2149.187822897132,2158.8753977887973
Tropics,SAT2,38,8057.920800152973,8062.781588360912
Tropics,SAT2,700,74862.92371315222,74870.2315369374
Tropics,SAT2,521,83837.03212819534,83845.5297939952
Tropics,SAT2,665,35311.63604066778,35314.741228581166
Tropics,SAT2,665,83954.97561578074,83960.3135981041
Tropics,SAT2,696,50065.52754487193,50075.14377320506
Tropics,SAT2,1049,45469.82373228502,45478.26485100551
Tropics,SAT2,1049,51494.17091297497,51500.23691147018
Tropics,SAT2,517,4420.620822501757,4430.197757021325
Tropics,SAT2,661,4538.645668673186,4544.849907193578
Tropics,SAT2,486,75152.18269146439,75161.25916253153
Tropics,SAT2,754,6471.070151707917,6482.398019142581
Tropics,SAT2,729,10327.3918733666,10333.449016939603
Tropics,SAT2,167,64373.61139771892,64379.12529117602
Tropics,SAT2,991,45807.600764959694,45813.792594979845
Tropics,SAT2,168,64437.15651567297,64441.26992981816
Tropics,SAT2,473,49442.691443485164,49444.99339913829
Tropics,SAT2,760,893.1835064321239,902.1897172859668
Tropics,SAT2,164,14978.907427176628,14984.987910012705
Tropics,SAT2,164,64310.430180445175,64321.25285309809
Tropics,SAT2,768,74582.71719218313,74593.77018537698
Tropics,SAT2,227,15038.760107422188,15043.431928566273
Tropics,SAT2,227,64251.45781962741,64260.43049164552
Tropics,SAT2,444,4251.341078605631,4259.142983878438
Tropics,SAT2,444,41097.428261148016,41106.65873611181
Tropics,SAT2,731,10461.213721985403,10470.54095932021
Tropics,SAT2,731,34875.97891417095,34886.595474553316
Tropics,SAT2,353,26680.386849773917,26686.68357163137
Tropics,SAT2,918,63295.361437906206,63299.259682544085
Tropics,SAT2,343,81007.08790525749,81017.72607428925
Tropics,SAT2,577,52281.2801389082,52288.592119083354
Tropics,SAT2,254,30199.390393602276,30205.124906022993
Tropics,SAT2,951,17709.399901218203,17714.19040749147
Tropics,SAT2,163,20826.035674940496,20837.62238526715
Tropics,SAT2,37,2085.673637922986,2097.465901114186
Tropics,SAT2,971,74344.99700033606,74351.58111639747
Tropics,SAT2,19,36269.30476075466,36277.13872955375
Tropics,SAT2,136,60559.17792175234,60571.10009979758
Tropics,SAT2,1081,73277.70625755277,73280.74645355064
Tropics,SAT2,623,49897.973424898584,49906.30274076611
Tropics,SAT2,944,11074.927327024578,11085.109842070653
Tropics,SAT2,964,79806.56042183332,79815.8858333295
Tropics,SAT2,177,3906.987306284746,3918.3812678984627
Tropics,SAT2,177,53133.60522275423,53136.83618808328
Tropics,SAT2,899,61701.35249562194,61708.135923701004
Tropics,SAT2,537,12539.044782751425,12550.46321340311
Tropics,SAT2,537,18507.932031779223,18511.07025564921
Tropics,SAT2,681,67040.43657554203,67048.67543838415
Tropics,SAT2,252,30079.608397273936,30088.942175243785
Tropics,SAT2,949,11520.59146790693,11531.405897240846
Tropics,SAT2,108,15100.212143486493,15109.861112863386
Tropics,SAT2,108,64433.95284842875,64440.90378271311
Tropics,SAT2,819,12033.602723763632,12043.997436383766
Tropics,SAT2,26,48703.85585613721,48708.883015749954
Tropics,SAT2,26,54605.08675200292,54615.086814397175
Tropics,SAT2,345,38085.84366573859,38093.852792753816
Tropics,SAT2,505,52343.20850171524,52343.208597361554
Tropics,SAT2,505,52343.208597364894,52352.10203740198
Tropics,SAT2,649,15738.004297841257,15740.578351481527
Tropics,SAT2,308,41321.06082483024,41330.31412523627
Tropics,SAT2,873,28884.037143409278,28894.345798365324
Tropics,SAT2,839,74588.21491004297,74595.93226201322
Tropics,SAT2,269,49328.93762281314,49337.06878861927
Tropics,SAT2,557,75042.2693676542,75051.19176305663
Tropics,SAT2,632,69137.74580179047,69150.00741252129
Tropics,SAT2,90,31674.49852070577,31677.31821088471
Tropics,SAT2,836,50072.854145005615,50076.64594651244
Tropics,SAT2,836,74357.54488603538,74369.8868163343
Tropics,SAT2,836,80374.55314134112,80379.90604641619
Tropics,SAT2,5,3460.7736149182174,3468.8214094349705
Tropics,SAT2,879,23330.245485104555,23338.57659552968
Tropics,SAT2,809,23322.244784162027,23333.841088562847
Tropics,SAT2,45,20487.608169630577,20495.700785252135
Tropics,SAT2,45,75953.8346218179,75962.68504662585
Tropics,SAT2,199,18902.286934619213,18909.68444537658
Tropics,SAT2,1023,73394.6500307578,73401.1999076523
Tropics,SAT2,67,47739.46441154265,47742.73573975174
Tropics,SAT2,904,74270.12965252067,74280.64850000036
Tropics,SAT2,904,80282.36094997909,80286.9809338448
Tropics,SAT2,576,52217.552272446046,52226.670416620254
Tropics,SAT2,622,49837.04472036182,49843.633462627484
Tropics,SAT2,214,2038.7670294512545,2042.3609612738255
Tropics,SAT2,1038,68630.6354212709,68635.35615072986
Tropics,SAT2,1013,11518.069279260531,11526.164270368856
Tropics,SAT2,1013,17532.624861500375,17537.640482529023
Tropics,SAT2,853,33258.373529131975,33266.717532936265
Tropics,SAT2,201,54942.441673540496,54952.29079781754
Tropics,SAT2,181,77438.38542798886,77442.5071164341
Tropics,SAT2,1005,16857.620980724372,16865.762272508684
Tropics,SAT2,1004,28827.50905128022,28833.196654582684
Tropics,SAT2,1116,28155.510959229094,28158.960237254974
Tropics,SAT2,810,29396.13531376589,29399.47154895706
Tropics,SAT2,193,24466.24751602995,24477.374754433546
Tropics,SAT2,765,55965.592015353905,55977.467811873175
Tropics,SAT2,765,80379.21693994198,80387.36002690667
Tropics,SAT2,1029,73907.81419264256,73916.06504451799
Tropics,SAT2,1029,79926.14802593012,79931.55525928059
Tropics,SAT2,688,900.6511880891969,912.9890941146688
Tropics,SAT2,460,66528.81463359317,66532.50205833839
Tropics,SAT2,747,17990.338747724527,17997.61843408153
Tropics,SAT2,747,72719.1644286948,72724.42610129168
Tropics,SAT2,959,67323.67176917045,67326.98502720788
Tropics,SAT2,959,85425.8363499341,85435.70640877831
Tropics,SAT2,981,44963.689244527035,44972.21218708993
Tropics,SAT2,198,18842.06848141536,18851.355820864945
Tropics,SAT2,445,4310.98820776993,4320.7604777677
Tropics,SAT2,445,41158.86575055593,41166.18261381789
Tropics,SAT2,779,38937.65820864523,38949.464311165866
Tropics,SAT2,779,63351.54598255314,63359.75297058695
Tropics,SAT2,131,30367.283513463346,30374.680681566988
Tropics,SAT2,1091,62103.25850390997,62108.051122655845
Tropics,SAT2,972,68397.75247967937,68407.65016596363
Tropics,SAT2,972,74419.75909252987,74425.19004720119
Tropics,SAT2,246,41591.64149032827,41596.33573798891
Tropics,SAT2,943,23102.267545894018,23111.087141663553
Tropics,SAT2,1071,11289.37975279974,11295.45701544975
Tropics,SAT2,117,83049.05491868379,83054.43669348457
Tropics,SAT2,1062,22532.7951841183,22538.558680184364
Tropics,SAT2,97,2382.9779586811137,2385.7419321493057
Tropics,SAT2,141,49045.47972031979,49051.97134602256
Tropics,SAT2,60,53185.68709335979,53193.107277417315
Tropics,SAT2,772,44448.07914411911,44455.8503823493
Tropics,SAT2,772,68855.53291873985,68867.81607498445
Tropics,SAT2,197,18782.691807799463,18794.15382036882
Tropics,SAT2,197,60625.71166735322,60635.868306542354
Tropics,SAT2,921,51492.75323282797,51504.35605131692
Tropics,SAT2,921,57518.693112219466,57524.51497150949
Tropics,SAT2,894,390.87520291129186,402.8197276243791
Tropics,SAT2,584,40758.14968048554,40770.55229870205
Tropics,SAT2,580,46488.87066645049,46499.57543680323
Tropics,SAT2,715,21398.14070120707,21400.39059259604
Tropics,SAT2,502,21399.157328260426,21407.261147647125
Tropics,SAT2,646,21517.039277371092,21517.03927737312
Tropics,SAT2,646,21517.039277375483,21522.05902155781
Tropics,SAT2,309,41380.934927356204,41388.260133710864
Tropics,SAT2,77,54496.08439106972,54500.575545427935
Tropics,SAT2,1137,0.0,1.5451176837740521
Tropics,SAT2,294,64258.29323646796,64261.18571526001
Tropics,SAT2,859,45862.11944418873,45873.117158156005
Tropics,SAT2,599,78277.13531554218,78285.58443265702
Tropics,SAT2,619,55624.104770485086,55633.96554191439
Tropics,SAT2,870,10468.497574139066,10472.25330907185
Tropics,SAT2,540,61137.86302362664,61146.388859240236
Tropics,SAT2,133,24576.961744241493,24588.10257991771
Tropics,SAT2,955,79019.54197791369,79028.13560589791
Tropics,SAT2,1078,79019.65310876486,79023.43323825023
Tropics,SAT2,1027,623.8901071811343,627.3299504512357
Tropics,SAT2,1027,73733.2631178944,73741.764253798
Tropics,SAT2,125,41831.15730399657,41835.89117016224
Tropics,SAT2,1070,23199.74484442383,23202.713016895206
Tropics,SAT2,448,83672.87895952305,83679.79505376157
Tropics,SAT2,893,73278.63390274697,73289.29442139865
Tropics,SAT2,139,54833.54932280311,54843.49195655599
Tropics,SAT2,255,66298.18909904588,66304.6092192986
Tropics,SAT2,952,5725.100351789523,5736.34658223783
Tropics,SAT2,952,78790.52874882804,78795.81161352318
Tropics,SAT2,952,84806.25844372272,84816.0582031718
Tropics,SAT2,960,73398.25536159419,73407.46843342966
Tropics,SAT2,130,30305.165326312315,30314.42547864525
Tropics,SAT2,130,60179.569626567776,60181.9986173558
Tropics,SAT2,1034,62271.248154485125,62279.449879878826
Tropics,SAT2,823,12317.332972402517,12321.783926074606
Tropics,SAT2,1024,394.92314585396304,401.2489724045499
Tropics,SAT2,1093,62269.843930142895,62275.6576664304
Tropics,SAT2,1093,74266.84499381909,74269.90495310172
Tropics,SAT2,405,7321.845593012848,7326.3746386288785
Tropics,SAT2,833,55851.802844554244,55857.83411046147
Tropics,SAT2,833,80160.69765078463,80170.54740750756
Tropics,SAT2,195,24586.093528120888,24593.23877189684
Tropics,SAT2,266,13112.023263936017,13119.504016436033
Tropics,SAT2,963,67614.27638542555,67622.16313876647
Tropics,SAT2,407,43709.77150325174,43713.2821483327
Tropics,SAT2,835,50011.208035906995,50013.7160138524
Tropics,SAT2,121,41579.91295720769,41591.92236384298
Tropics,SAT2,1066,22876.36489987352,22882.055921449948
Tropics,SAT2,228,64253.702110065875,64259.326043156725
Tropics,SAT2,925,45750.5116333277,45759.8992977769
Tropics,SAT2,387,72262.82636639067,72271.37260505794
Tropics,SAT2,812,84370.58079793544,84379.7145904
Tropics,SAT2,196,60568.17300914678,60576.32584323039
Tropics,SAT2,1020,56.020161695068296,64.48764819622018
Tropics,SAT2,575,21518.821493926414,21527.031711485346
Tropics,SAT2,643,27244.828084926172,27254.561402548836
Tropics,SAT2,66,71523.18753011564,71527.71304844368
Tropics,SAT2,66,77431.19976319313,77441.52488122424
Tropics,SAT2,790,45977.30777499882,45989.744936467614
Tropics,SAT2,52,9135.739278705709,9140.934525679195
Tropics,SAT2,52,15038.27102305222,15049.811459555365
Tropics,SAT2,1112,45759.00732854853,45761.46176520478
Tropics,SAT2,693,80383.466526688,80394.90883369459
Tropics,SAT2,91,1980.907967002097,1992.3586850212716
Tropics,SAT2,91,7891.169023734345,7896.315868617568
Tropics,SAT2,662,4601.739683309296,4609.61303199867
Tropics,SAT2,662,35123.23472025936,35130.92418730673
Tropics,SAT2,703,75050.16435372022,75052.97204230483
Tropics,SAT2,555,38203.05868074468,38205.33638281999
Tropics,SAT2,555,44159.64914510014,44169.68133635998
Tropics,SAT2,699,44277.7176163211,44284.28456400076
Tropics,SAT2,658,10325.471772172708,10334.674738482072
Tropics,SAT2,1144,67779.51491303799,67782.30743468086
Tropics,SAT2,522,77941.28433553797,77943.84931797153
Tropics,SAT2,522,83898.7895524259,83909.28713369684
Tropics,SAT2,666,29398.331926808904,29407.340974495528
Tropics,SAT2,923,51657.98511533917,51667.11831003157
Tropics,SAT2,626,80722.04515696155,80727.60106690296
Tropics,SAT2,759,6811.210229138467,6814.578073903161
Tropics,SAT2,79,48701.75028855123,48704.59489837418
Tropics,SAT2,574,21458.010768134645,21464.490523510045
Tropics,SAT2,916,38936.92194139151,38942.4834356222
Tropics,SAT2,916,44953.90842688765,44965.28932039407
Tropics,SAT2,302,52849.09791263516,52853.274325921855
Tropics,SAT2,842,68793.39509279706,68803.59458191114
Tropics,SAT2,880,17366.395226596847,17378.922509430635
Tropics,SAT2,903,74185.50785870194,74197.20551475204
Tropics,SAT2,903,80212.70919480709,80218.64342832631
Tropics,SAT2,689,86111.4088384629,86121.4109900089
Tropics,SAT2,171,9475.419882792878,9483.021087360175
Tropics,SAT2,733,4609.307408551854,4614.34264133532
Tropics,SAT2,160,75898.87318131777,75903.26510742195
Tropics,SAT2,280,32184.80720676267,32189.56240242554
Tropics,SAT2,977,62778.53703614119,62787.893893405366
Tropics,SAT2,977,68792.0488095157,68796.71474316066
Tropics,SAT2,241,47226.54585846115,47232.22448243992
Tropics,SAT2,938,28722.48355506881,28731.90206268951
Tropics,SAT2,80,19007.71366401832,19019.096925087953
Tropics,SAT2,80,24918.23279581179,24923.341687391126
Tropics,SAT2,1045,45124.348238235565,45131.82706523241
Tropics,SAT2,223,69935.1238265343,69943.81288849695
Tropics,SAT2,1047,45295.19068572904,45303.56721455102
Tropics,SAT2,1047,57333.64821959571,57337.65556724461
Tropics,SAT2,253,30139.14542738765,30146.562243701013
Tropics,SAT2,1044,39055.16941679421,39057.9889197014
Tropics,SAT2,386,72204.88678864526,72211.58813250747
Tropics,SAT2,814,23681.94395894134,23686.089684956765
Tropics,SAT2,814,84524.29426260908,84536.524403743
Tropics,SAT2,431,21338.35193360711,21348.203979106693
Tropics,SAT2,431,58186.192334464446,58193.44030619325
Tropics,SAT2,172,9533.32725795029,9542.849439682184
Tropics,SAT2,172,58752.843360289175,58757.14702765546
Tropics,SAT2,222,20659.902837709356,20663.459387615112
Tropics,SAT2,222,69875.55250885032,69886.32473991145
Tropics,SAT2,311,77656.0033097173,77659.73082873556
Tropics,SAT2,876,10914.517629234235,10926.043163306407
Tropics,SAT2,499,58061.831725745884,58073.110845200965
Tropics,SAT2,786,51827.520968329045,51839.87395998192
Tropics,SAT2,998,28319.447989514214,28327.931465224465
Tropics,SAT2,403,7202.1041229728135,7209.9796789540915
Tropics,SAT2,1123,28731.637280985873,28734.111352472377
Tropics,SAT2,939,16694.035169070157,16703.719844043724
Tropics,SAT2,939,34806.96862324658,34810.553242359674
Tropics,SAT2,983,39107.72411890459,39113.685446019095
Tropics,SAT2,983,45131.14266975754,45141.37523681332
Tropics,SAT2,983,51193.595222104785,51204.65118225187
Tropics,SAT2,342,1755.2118611898775,1759.837520542322
Tropics,SAT2,268,49271.06298749316,49277.424053578536
Tropics,SAT2,965,61762.92877924007,61768.170043369624
Tropics,SAT2,965,67778.19652514566,67787.96762025649
Tropics,SAT2,965,85889.29650100366,85892.75723883357
Tropics,SAT2,344,38027.96737724237,38034.193157109476
Tropics,SAT2,909,44446.75824441497,44449.13084529993
Tropics,SAT2,975,62605.14222984492,62615.9050671673
Tropics,SAT2,243,83383.11865490959,83391.3846948896
Tropics,SAT2,827,67432.97336084691,67443.91247080159
Tropics,SAT2,940,28885.920813475936,28893.35388298368
Tropics,SAT2,940,34874.25644486024,34876.69785119868
Tropics,SAT2,1085,460.82043392064503,464.2272531614108
Tropics,SAT2,1085,67611.91936116996,67615.06608722845
Tropics,SAT2,138,54774.22995964474,54782.21475151909
Tropics,SAT2,128,36098.36046338053,36104.337838939435
Tropics,SAT2,128,71895.15918396147,71906.50030832214
Tropics,SAT2,1073,11461.873824229933,11467.816556784224
Tropics,SAT2,519,35303.03922077662,35312.401683745346
Tropics,SAT2,663,83835.63764492658,83838.1541698702
Tropics,SAT2,120,77316.81549996129,77321.02847509373
Tropics,SAT2,794,21964.634541065825,21974.173537839808
Tropics,SAT2,807,4878.807563814632,4887.05526109034
Tropics,SAT2,1065,22790.791711333528,22796.793446097818
Tropics,SAT2,137,18909.34558763978,18920.208632173646
Tropics,SAT2,152,2096.7719450776794,2101.6942206291565
Tropics,SAT2,1097,62613.37564644756,62619.00853773688
Tropics,SAT2,96,32065.035398665863,32076.644566072762
Tropics,SAT2,1156,62786.37615113803,62788.81086576759
Tropics,SAT2,898,79815.12594091152,79827.38368371893
Tropics,SAT2,504,52278.822424953716,52289.75593162204
Tropics,SAT2,504,58246.317290752384,58249.15520677142
Tropics,SAT2,648,52163.89075260173,52171.17337147241
Tropics,SAT2,868,34515.66237616484,34526.60950049846
Tropics,SAT2,868,40533.14294975535,40538.22144799133
Tropics,SAT2,166,15099.738402216733,15105.895322156695
Tropics,SAT2,166,64311.84642279586,64318.97049878695
Tropics,SAT2,11,59376.48348300066,59379.13749806803
Tropics,SAT2,11,77199.41299010336,77206.6060656163
Tropics,SAT2,360,58186.80783455622,58197.73006665357
Tropics,SAT2,698,80709.81711399699,80712.96237570414
Tropics,SAT2,429,58186.80783455622,58197.730066987024
Tropics,SAT2,371,4026.3352216275953,4030.861922364118
Tropics,SAT2,371,46944.3774072676,46951.721682570875
Tropics,SAT2,799,10329.761699196199,10333.174864678334
Tropics,SAT2,418,75382.93974292019,75388.47087881212
Tropics,SAT2,846,38771.96810740387,38776.81133492679
Tropics,SAT2,846,63070.368089177435,63081.51946702581
Tropics,SAT2,39,20037.65904862527,20040.13068649444
Tropics,SAT2,682,12488.827507586508,12494.838663765655
Tropics,SAT2,682,61136.42573213528,61138.96139924952
Tropics,SAT2,539,61077.81997265108,61084.53283999773
Tropics,SAT2,726,16113.96474334374,16122.74339607674
Tropics,SAT2,726,40526.90381582325,40538.09330389413
Tropics,SAT2,44,75889.04340312154,75899.8381878156
Tropics,SAT2,871,28713.782991464916,28725.23035732579
Tropics,SAT2,912,62839.13217852502,62850.7834895466
Tropics,SAT2,912,68865.70356206923,68871.58158463321
Tropics,SAT2,92,2041.8132478748005,2051.168827549072
Tropics,SAT2,1152,56480.820210859005,56483.97489618063
Tropics,SAT2,861,27811.52705786136,27821.13960312382
Tropics,SAT2,65,77371.42904508373,77379.82428252604
Tropics,SAT2,849,63292.66721208232,63299.22853979331
Tropics,SAT2,1098,50692.694030699,50696.9533013551
Tropics,SAT2,796,40413.50530123012,40423.80240570163
Tropics,SAT2,931,22080.062873694314,22085.98300631245
Tropics,SAT2,119,53302.62834331558,53305.333732374325
Tropics,SAT2,1064,16701.678465281788,16706.459036489512
Tropics,SAT2,896,558.2392061949469,567.7762342505417
Tropics,SAT2,35,25657.951935370027,25660.232807005526
Tropics,SAT2,982,57158.18849044117,57166.939798440995
Tropics,SAT2,270,49386.07382565147,49396.223169757366
Tropics,SAT2,933,34341.578483622536,34351.53037877762
Tropics,SAT2,933,40364.517609446935,40370.031280226896
Tropics,SAT2,967,74015.96195313633,74026.32563067552
Tropics,SAT2,535,18387.53595279775,18393.688578306606
Tropics,SAT2,597,29627.607660926446,29633.6701667193
Tropics,SAT2,621,1248.5825744730166,1254.7513798367631
Tropics,SAT2,251,30020.25127069312,30031.774144941286
Tropics,SAT2,948,17480.83052875573,17488.997434968507
Tropics,SAT2,980,56987.82352611514,56998.21055985265
Tropics,SAT2,980,63018.46750926772,63024.697894309465
Tropics,SAT2,935,34508.72155533273,34516.85179381379
Tropics,SAT2,659,4417.86309966898,4421.1096656494055
Tropics,SAT2,558,75104.63971408179,75111.71222805757
Tropics,SAT2,702,74989.29145509702,74993.47466055294
Tropics,SAT2,430,58124.80641079674,58133.95972497171
Tropics,SAT2,717,21514.79186350809,21517.146775443343
Tropics,SAT2,914,63004.65130600154,63013.83992921746
Tropics,SAT2,500,58124.806410796744,58133.95972497171
Tropics,SAT2,787,21514.791863508086,21517.146775442852
Tropics,SAT2,1003,16689.428405853996,16696.409304168523
Tropics,SAT2,361,58247.777380804,58256.59246182517
Tropics,SAT2,129,36164.39507176902,36168.96789525966
Tropics,SAT2,520,35365.818088725195,35373.28889051224
Tropics,SAT2,664,35250.49817806242,35255.006099327926
Tropics,SAT2,856,27472.529621851187,27478.46980707614
Tropics,SAT2,957,108.95040150598194,120.04073459206028
Tropics,SAT2,957,79187.37270960069,79197.65344976864
Tropics,SAT2,1011,17373.91804073178,17380.70385397378
Tropics,SAT2,1011,84466.22296560639,84469.20549209366
Tropics,SAT2,51,14979.83347606854,14989.265654296798
Tropics,SAT2,51,64432.688869996935,64443.168602459205
Tropics,SAT2,697,44156.27373497712,44159.82702031495
Tropics,SAT2,1031,74078.22640590444,74085.42117081785
Tropics,SAT2,106,14979.833476068537,14989.265654296809
Tropics,SAT2,106,64432.688869996935,64443.16860245929
Tropics,SAT2,1129,11293.35624525862,11297.355214721236
Tropics,SAT2,1040,62786.833433688415,62793.49558553099
Tropics,SAT2,257,66413.14665231766,66423.37270286141
Tropics,SAT2,292,15096.789646276331,15100.141831414889
Tropics,SAT2,954,5903.398749900686,5913.852761777141
Tropics,SAT2,954,84980.53781526719,84991.53564297786
Tropics,SAT2,229,64315.23067855168,64319.38998764163
Tropics,SAT2,852,57502.109253307004,57511.107582786186
Tropics,SAT2,264,12993.135864630916,13004.742094181005
Tropics,SAT2,961,452.9365670652794,461.14001583656494
Tropics,SAT2,70,36095.54585485949,36104.78559853427
Tropics,SAT2,501,21339.415913369976,21345.747042638173
Tropics,SAT2,645,21457.074459243187,21460.648280539754
Tropics,SAT2,704,69138.48461663966,69147.08975812307
Tropics,SAT2,572,21339.415913369976,21345.747042638264
Tropics,SAT2,716,21457.074459243184,21460.648280539757
Tropics,SAT2,1002,28665.040801158164,28672.343247193858
Tropics,SAT2,837,56144.140495606174,56156.2744865799
Tropics,SAT2,837,80440.06230492501,80444.03941010853
Tropics,SAT2,507,15739.527750883108,15748.110285785615
Tropics,SAT2,651,46370.70791220896,46381.13456745005
Tropics,SAT2,651,52351.07124145512,52353.85933498297
Tropics,SAT2,625,80660.38984407147,80667.58878809477
Tropics,SAT2,1124,16858.405479412002,16862.104400028322
Tropics,SAT2,601,72434.13455208583,72438.03577839445
Tropics,SAT2,970,56135.389971472825,56141.39246531448
Tropics,SAT2,970,74267.10870256728,74274.80008438011
Tropics,SAT2,578,15734.712450362285,15739.895613190627
Tropics,SAT2,578,52343.04887356614,52348.708071943525
Tropics,SAT2,1104,51199.014429070856,51204.91836656325
Tropics,SAT2,1095,62441.75135034814,62447.8668883617
Tropics,SAT2,1036,62445.38372023724,62453.89564477158
Tropics,SAT2,71,36158.74894979781,36166.218196142065
Tropics,SAT2,1131,11460.820320905612,11464.694427275359
Tropics,SAT2,761,962.7334523190711,970.0752539387378
Tropics,SAT2,182,41576.77132153379,41584.933357625974
Tropics,SAT2,182,47516.09421577436,47518.37746728525
Tropics,SAT2,1006,10922.420639650734,10928.469042452441
Tropics,SAT2,244,83440.21911834502,83450.52282860981
Tropics,SAT2,941,22931.54189569551,22941.973297212524
Tropics,SAT2,985,51369.666450959376,51379.59172542042
Tropics,SAT2,985,57392.139855858506,57397.612179233096
Tropics,SAT2,86,43255.151822134816,43261.80979752427
Tropics,SAT2,369,46822.88834451853,46834.321455557925
Tropics,SAT2,797,16174.74418267755,16181.821604345569
Tropics,SAT2,930,40130.22938846434,40139.0149184648
Tropics,SAT2,420,32579.28313488668,32589.281237204683
Tropics,SAT2,1035,68391.14346726291,68398.4375160646
Tropics,SAT2,447,83614.44599655845,83619.68791495239
Tropics,SAT2,204,13279.817455711065,13285.793883583965
Tropics,SAT2,190,66132.51630133989,66137.61462573586
Tropics,SAT2,1014,17607.699352426407,17611.719240277256
Tropics,SAT2,928,39959.683497363396,39959.68349736603
Tropics,SAT2,928,39959.68349736973,39970.09311076358
Tropics,SAT2,123,71582.443335477,71585.63808909121
Tropics,SAT2,149,7831.162186081413,7834.9745605797925
Tropics,SAT2,4,58862.30713305222,58873.160100641035
Tropics,SAT2,1010,5236.038679646542,5241.958704729304
Tropics,SAT2,1010,11256.603543184054,11265.011037633745
Tropics,SAT2,1010,23293.319154237397,23297.191666090464
Tropics,SAT2,720,52111.88274040006,52117.48177625207
Tropics,SAT2,1032,62102.44261393421,62109.53855912368
Tropics,SAT2,600,23838.281260947413,23847.522719932436
Tropics,SAT2,25,24873.400464314054,24882.39814779662
Tropics,SAT2,655,40642.15594162501,40654.04314778553
Tropics,SAT2,316,29913.32291889691,29924.665303303926
Tropics,SAT2,591,4593.155200905396,4604.3849280126315
Tropics,SAT2,942,10907.854804476334,10916.306519291455
Tropics,SAT2,7,64997.66230778716,65000.636160698305
Tropics,SAT2,1106,51367.61730906714,51372.59287466331
Tropics,SAT2,711,33092.42667461834,33103.4934784285
Tropics,SAT2,902,61932.07211139922,61942.78397388371
Tropics,SAT2,373,4142.239293361849,4150.113295086373
Tropics,SAT2,801,10458.271877197516,10464.447032296992
Tropics,SAT2,256,66356.02856571072,66364.22705754438
Tropics,SAT2,953,11858.103534769956,11865.575271410451
Tropics,SAT2,265,13052.499709240345,13061.90640454178
Tropics,SAT2,962,73569.45568152053,73580.13475233558
Tropics,SAT2,639,32972.569797889235,32983.93520278398
Tropics,SAT2,737,4881.809818238278,4893.476819673811
Tropics,SAT2,737,29296.192829744403,29304.527433353695
Tropics,SAT2,737,84029.25754645046,84033.5885675697
Tropics,SAT2,829,85881.80300884835,85890.70443710672
Tropics,SAT2,352,26621.865433741103,26626.577706961973
Tropics,SAT2,301,52788.41715819889,52794.10699607326
Tropics,SAT2,866,16174.97681468202,16179.342653710013
Tropics,SAT2,230,64378.408732959586,64381.284243861555
Tropics,SAT2,388,72321.36363733285,72331.9846885257
Tropics,SAT2,988,45576.95972496527,45587.73952669213
Tropics,SAT2,825,6462.871765578363,6471.122269932526
Tropics,SAT2,920,57446.2398670309,57453.39995844864
Tropics,SAT2,0,9022.295586589576,9028.004237425524
Tropics,SAT2,776,69139.37570008745,69144.91713924258
Tropics,SAT2,307,41260.76012951702,41272.20059824128
Tropics,SAT2,872,16630.45233106743,16642.50574611165
Tropics,SAT2,863,27976.840874295714,27988.84922161456
Tropics,SAT2,900,79984.44969729906,79994.36686633728
Tropics,SAT2,50,9022.295586589576,9028.004237425528
Tropics,SAT2,346,38143.556837985314,38153.585916598415
Tropics,SAT2,374,4200.505407592722,4210.369970917964
Tropics,SAT2,911,68793.11767785822,68800.33457676317
Tropics,SAT2,843,68868.77527437576,68877.42706167632
Tropics,SAT2,432,58246.632622483594,58252.17275674919
Tropics,SAT2,1072,17377.720305011477,17382.20199044326
Tropics,SAT2,883,23613.069964102826,23616.15941312141
Tropics,SAT2,9,53296.169931662356,53303.959650700366
Tropics,GEO2,573,34227.56347030913,35357.500688867825
Tropics,GEO2,577,51394.34352423451,52513.756276909415
Tropics,GEO2,641,17069.87192077263,18189.980214547715
Tropics,GEO2,585,85718.78082226799,86400.0
Tropics,GEO2,576,47100.92231221079,48225.94556434924
Tropics,GEO2,642,21362.110859606095,22479.256522056563
Tropics,GEO2,584,81425.47919185215,82549.58278615358
Tropics,GEO2,580,64263.63128720473,65388.77926192367
Tropics,GEO2,638,4192.5122862949165,5324.9619468106575
Tropics,GEO2,575,42807.7853755364,43938.28957271148
Tropics,GEO2,643,25652.028676977447,26770.903138174814
Tropics,GEO2,574,38516.515434936606,39649.06543410288
Tropics,GEO2,644,29939.993606185377,31064.223288629255
Tropics,GEO2,583,77132.18213598254,78262.02486998074
Tropics,GEO2,581,68551.30369386324,69681.89164703476
Tropics,GEO2,637,0.0,1033.0699777269383
Tropics,GEO2,578,55686.273541391885,56803.37134832819
Tropics,GEO2,640,12776.372195810698,13902.31134674571
Tropics,GEO2,582,72840.57188173744,73973.11450608079
Tropics,GEO2,579,59975.84198518205,61095.34426166742
Tropics,GEO2,639,8483.432115433112,9614.517707822462
