Tropics,SAT4,758,9702.457725067696,9758.39772088148
Tropics,SAT4,1184,8345.307537270086,8401.17094039611
Tropics,SAT4,1184,14301.61742448715,14357.749259220955
Tropics,SAT4,1191,2977.8038697991947,3033.995616997692
Tropics,SAT4,272,10484.61055490175,10540.357176873948
Tropics,SAT4,1141,3275.8698513118716,3332.517448968882
Tropics,SAT4,404,10210.659539440107,10266.575503556627
Tropics,SAT4,832,3907.850896665772,3963.737854222179
Tropics,SAT4,536,21399.38794102493,21455.64040736074
Tropics,SAT4,1190,2894.219880892001,2950.311850162646
Tropics,SAT4,1190,8840.78008098547,8899.10722177189
Tropics,SAT4,692,4125.111229099053,4180.803250032174
Tropics,SAT4,1136,8850.788068185535,8907.041239448034
Tropics,SAT4,1188,2725.435703137696,2781.369176700157
Tropics,SAT4,1188,8681.097452200405,8737.370161925437
Tropics,SAT4,36,16779.916222912565,16835.892243613278
Tropics,SAT4,1181,14048.982629132892,14104.869390862255
Tropics,SAT4,1181,20005.089368078217,20061.270060719693
Tropics,SAT4,443,1189.7014792390967,1243.8373901695566
Tropics,SAT4,749,21073.585919486533,21130.177959427438
Tropics,SAT4,691,4064.876054152311,4121.6904432485135
Tropics,SAT4,763,4046.3587258580387,4102.861348146689
Tropics,SAT4,510,6955.596042896119,7009.480368797942
Tropics,SAT4,1183,8262.443401639546,8318.375234561068
Tropics,SAT4,1183,14217.691248687985,14273.757998696896
Tropics,SAT4,1183,20166.392512761544,20224.122964352886
Tropics,SAT4,43,5455.8949182129245,5511.7531972685065
Tropics,SAT4,43,11411.83422502985,11467.367716656141
Tropics,SAT4,1135,8771.719125486517,8828.65978257332
Tropics,SAT4,372,1083.3091697726459,1137.6461600215464
Tropics,SAT4,800,7383.659643974871,7437.881795303674
Tropics,SAT4,573,18392.621530599994,18446.711025948396
Tropics,SAT4,999,13377.19189993757,13432.859188542006
Tropics,SAT4,1132,2544.8670457268745,2601.6966449945385
Tropics,SAT4,1132,14500.518320535668,14556.927720584836
Tropics,SAT4,299,6629.75688505051,6683.979268850368
Tropics,SAT4,1000,13444.243170509013,13499.045608065187
Tropics,SAT4,336,10283.560938887998,10341.056777966336
Tropics,SAT4,1177,19669.071709846205,19724.912796668876
Tropics,SAT4,110,6318.875740327265,6375.463824464635
Tropics,SAT4,40,11159.310678532574,11215.099253627941
Tropics,SAT4,40,17115.581959114388,17171.087044363747
Tropics,SAT4,162,11843.174622593948,11898.437281096285
Tropics,SAT4,464,21426.531059315133,21483.12436912394
Tropics,SAT4,647,18568.7523500355,18623.623616180925
Tropics,SAT4,723,12912.16697934312,12967.166823878533
Tropics,SAT4,169,6353.95992463054,6408.515559868122
Tropics,SAT4,224,17788.86368059269,17844.837665328392
Tropics,SAT4,367,6735.051616572962,6789.0728237760095
Tropics,SAT4,795,13035.068934793444,13089.774565348225
Tropics,SAT4,170,6420.328583574636,6475.623031737968
Tropics,SAT4,587,1341.4567993347,1396.3639279157026
Tropics,SAT4,748,21013.89814175054,21069.709876487563
Tropics,SAT4,95,5180.167564838515,5236.408004937725
Tropics,SAT4,95,11143.433734936081,11201.388929205361
Tropics,SAT4,469,15771.01416899276,15826.964708529984
Tropics,SAT4,107,6101.01389578251,6157.789803822836
Tropics,SAT4,165,6101.013895782511,6157.789803822834
Tropics,SAT4,1179,13883.822182852511,13940.04564347775
Tropics,SAT4,1179,19837.165339673764,19893.18796405801
Tropics,SAT4,38,10996.070314043525,11053.216265262747
Tropics,SAT4,38,16946.92272232513,17002.612478106665
Tropics,SAT4,1122,13690.374643545802,13746.075856394953
Tropics,SAT4,1122,19653.287645475888,19711.28130495612
Tropics,SAT4,541,15739.29872710073,15796.168423568644
Tropics,SAT4,661,1529.6965204076616,1584.0774944865075
Tropics,SAT4,226,11969.220895520924,12024.851539010417
Tropics,SAT4,754,15417.226382864066,15474.760999644464
Tropics,SAT4,332,15988.583490312109,16044.837903146677
Tropics,SAT4,442,1129.302447352514,1183.8672567165029
Tropics,SAT4,729,7316.575096325185,7371.052936900941
Tropics,SAT4,168,6283.82869437455,6339.769438086345
Tropics,SAT4,473,10054.599158287878,10112.309179376989
Tropics,SAT4,466,21547.034981457145,21600.0
Tropics,SAT4,753,15358.309141744467,15414.02049115496
Tropics,SAT4,164,11985.656079761588,12041.913032433165
Tropics,SAT4,227,12038.80999766519,12093.33331328639
Tropics,SAT4,687,9785.037082918196,9840.708446476976
Tropics,SAT4,886,20796.432919527782,20852.286455526337
Tropics,SAT4,656,7189.800318283792,7243.851313567163
Tropics,SAT4,875,1818.2691361990164,1872.7302071615718
Tropics,SAT4,805,1732.2230667369051,1786.4230114300378
Tropics,SAT4,577,12695.365471480582,12725.080257371626
Tropics,SAT4,951,20667.631791898886,20723.603632795603
Tropics,SAT4,891,15153.866266311508,15210.032909151947
Tropics,SAT4,1189,2809.8281540261964,2865.8655562366816
Tropics,SAT4,1189,8762.290465617765,8819.156131239608
Tropics,SAT4,109,6250.039646504587,6304.915469853276
Tropics,SAT4,163,11916.335907895867,11971.150682097628
Tropics,SAT4,1180,13965.671581904931,14021.536113357874
Tropics,SAT4,1180,19921.542544256088,19977.61916781532
Tropics,SAT4,616,9866.890747585192,9923.066641414409
Tropics,SAT4,37,16862.876881578708,16918.626438190287
Tropics,SAT4,1186,2559.4047878177307,2615.462703694885
Tropics,SAT4,1186,8513.775688907326,8569.830550796809
Tropics,SAT4,1186,14464.51456635355,14521.752490638097
Tropics,SAT4,1081,9080.044496088545,9136.259508625371
Tropics,SAT4,267,16117.290128196493,16173.335447246576
Tropics,SAT4,944,2033.9398074000173,2090.1413464915386
Tropics,SAT4,964,3640.309244656867,3696.3048738002203
Tropics,SAT4,334,16115.025960278193,16132.504659875709
Tropics,SAT4,899,3743.5643947059784,3799.757101431155
Tropics,SAT4,1001,13512.909808946679,13569.00160601994
Tropics,SAT4,108,6177.339587432777,6232.459626508887
Tropics,SAT4,819,20982.408528942553,21040.10039853711
Tropics,SAT4,394,21540.389543459885,21570.994083255595
Tropics,SAT4,822,15210.205862201039,15266.355692145364
Tropics,SAT4,1134,8690.357915195318,8748.290999404837
Tropics,SAT4,1134,14651.592489971676,14708.726171967599
Tropics,SAT4,1193,3139.2471709911288,3196.9493361741847
Tropics,SAT4,505,12615.54552919503,12669.509256876228
Tropics,SAT4,806,1793.209507725837,1849.3870810589588
Tropics,SAT4,826,9496.211827264895,9553.820258672757
Tropics,SAT4,90,16711.578415299435,16768.244235252325
Tropics,SAT4,408,4498.091904971237,4555.407973390605
Tropics,SAT4,660,1470.5054752350231,1524.7984443301702
Tropics,SAT4,45,5623.515488592664,5679.175074470491
Tropics,SAT4,45,11577.179018062443,11632.925471203682
Tropics,SAT4,1023,9259.880870003892,9316.896698739634
Tropics,SAT4,1127,8115.76457391223,8171.362433465371
Tropics,SAT4,1127,20069.339877512266,20126.905351595964
Tropics,SAT4,48,5874.385071445084,5929.977792970225
Tropics,SAT4,2,252.46038270968134,308.40760350607627
Tropics,SAT4,546,10079.170892982767,10136.861735417884
Tropics,SAT4,622,4261.502374623431,4317.699012148534
Tropics,SAT4,214,4988.277905428609,5044.811175904515
Tropics,SAT4,1013,20494.147801518313,20550.826290016
Tropics,SAT4,1025,3438.0463423170295,3495.592094669055
Tropics,SAT4,792,18808.345905121587,18863.997883152315
Tropics,SAT4,1005,7827.8446603882385,7883.6393114313805
Tropics,SAT4,1004,7759.437509897932,7814.226137783483
Tropics,SAT4,56,489.4731984422592,545.9420002611819
Tropics,SAT4,101,11640.012749790709,11695.699234333853
Tropics,SAT4,213,4919.7853067126825,4975.565097814948
Tropics,SAT4,1017,14808.858642454934,14865.790018645761
Tropics,SAT4,478,4399.208049935293,4455.893965740502
Tropics,SAT4,509,6895.331691032602,6950.72873487632
Tropics,SAT4,205,16289.421966867661,16345.218438281794
Tropics,SAT4,544,9960.390482851491,10017.218149184762
Tropics,SAT4,688,9843.699582638674,9900.676456478213
Tropics,SAT4,959,9271.609214746895,9328.449471546355
Tropics,SAT4,237,826.3954712497214,880.7182729458674
Tropics,SAT4,934,13298.636584915528,13353.194483898753
Tropics,SAT4,1022,9193.567132634027,9249.60653174208
Tropics,SAT4,732,1566.8996263340994,1596.3983327130697
Tropics,SAT4,438,6845.644527905964,6899.573231027273
Tropics,SAT4,725,13032.180070617047,13081.555493020085
Tropics,SAT4,475,10175.525079681645,10232.313614262674
Tropics,SAT4,762,3986.5735060250686,4042.4197174968726
Tropics,SAT4,956,15034.693086620951,15090.943049191215
Tropics,SAT4,1076,14672.692694075324,14729.298217672365
Tropics,SAT4,146,16519.01676856115,16576.1155796737
Tropics,SAT4,275,4723.031509323738,4780.653199146702
Tropics,SAT4,943,1968.5820245623015,2023.1626075670772
Tropics,SAT4,400,15923.108279787959,15978.797574649829
Tropics,SAT4,828,9619.279855801151,9676.266485294087
Tropics,SAT4,1071,2276.503932811316,2331.980101070025
Tropics,SAT4,1071,20260.86544250885,20319.503613957655
Tropics,SAT4,1062,13536.475023438918,13591.83349963515
Tropics,SAT4,97,5333.5924197531185,5389.93758819683
Tropics,SAT4,97,17289.22925057933,17345.238778397725
Tropics,SAT4,1086,3482.552834916502,3540.7991953298333
Tropics,SAT4,1120,19493.238082255102,19549.069963240243
Tropics,SAT4,1021,9123.491383067336,9180.712294643437
Tropics,SAT4,862,18870.66803876387,18925.01167406726
Tropics,SAT4,1175,19505.994764156723,19562.85685664773
Tropics,SAT4,356,17913.50518193227,17968.54634222816
Tropics,SAT4,817,20860.683214297816,20917.629385108674
Tropics,SAT4,42,5373.970608403132,5430.355208741529
Tropics,SAT4,42,11327.465292906256,11383.104775294714
Tropics,SAT4,42,17279.681965662774,17335.665181151693
Tropics,SAT4,470,15831.287384560574,15887.370322412518
Tropics,SAT4,757,9641.85028030635,9698.159729628327
Tropics,SAT4,465,21487.020730733544,21542.7178151477
Tropics,SAT4,752,15296.83314076429,15353.925068345367
Tropics,SAT4,894,9384.420423182779,9441.683496482268
Tropics,SAT4,584,7122.156486188972,7177.679214447532
Tropics,SAT4,1138,3041.866934050849,3099.4771931852297
Tropics,SAT4,1138,8999.716466033324,9057.494052654469
Tropics,SAT4,571,18275.352073795955,18329.60293614411
Tropics,SAT4,677,21104.463012233326,21160.71773564444
Tropics,SAT4,646,18509.812780077853,18563.826771510085
Tropics,SAT4,1018,14878.390706839198,14934.423820737651
Tropics,SAT4,1137,2959.346422312221,3017.9193113123524
Tropics,SAT4,1137,8926.95437974897,8983.308418181075
Tropics,SAT4,427,18098.673864955534,18152.823771745796
Tropics,SAT4,294,12272.095466697334,12326.351691606194
Tropics,SAT4,870,7460.736104939244,7516.056413094953
Tropics,SAT4,540,15680.2233582494,15735.855878679915
Tropics,SAT4,955,14969.83939224566,15026.104947246875
Tropics,SAT4,1078,14816.030093992216,14873.578428855571
Tropics,SAT4,1027,3575.5233265779366,3632.2498531777155
Tropics,SAT4,1070,2203.9465782844086,2259.115278550182
Tropics,SAT4,1084,3341.096417973156,3397.456092303904
Tropics,SAT4,952,20731.25254724493,20788.111385010583
Tropics,SAT4,960,9337.71408769113,9393.681756223517
Tropics,SAT4,1015,20628.360814408275,20686.121039690643
Tropics,SAT4,210,10673.334751037632,10730.14127292129
Tropics,SAT4,1075,14595.558850532929,14653.92218773712
Tropics,SAT4,209,10604.587300014653,10660.352350905989
Tropics,SAT4,1009,2142.8205144141084,2198.354985325511
Tropics,SAT4,157,17431.787411009554,17489.133622510988
Tropics,SAT4,395,21574.425029811875,21600.0
Tropics,SAT4,823,15271.355279992036,15327.507108595839
Tropics,SAT4,1060,19348.51704232372,19404.926849733827
Tropics,SAT4,1069,2133.311750669978,2190.116028181097
Tropics,SAT4,1008,2074.66468157177,2129.4854168920974
Tropics,SAT4,148,10706.384041991358,10762.482966355703
Tropics,SAT4,271,10420.126661240254,10476.789019182446
Tropics,SAT4,405,10271.800113561383,10327.922655685335
Tropics,SAT4,963,3572.936413691943,3630.616477967055
Tropics,SAT4,1019,14944.159972763367,15001.519897945976
Tropics,SAT4,1066,7870.196594347491,7925.444806321738
Tropics,SAT4,228,12156.406337398972,12210.771522349685
Tropics,SAT4,151,4969.424952391159,5027.297934365467
Tropics,SAT4,289,17853.729934920884,17908.070750197592
Tropics,SAT4,232,6458.652108843017,6513.335888139953
Tropics,SAT4,929,18931.678450685653,18987.041427959193
Tropics,SAT4,362,12386.354379141987,12440.515590676778
Tropics,SAT4,790,18686.41587715538,18742.079534270993
Tropics,SAT4,1126,8039.5448527010885,8095.037860321722
Tropics,SAT4,1126,14004.80975628396,14063.143346306213
Tropics,SAT4,1126,19986.866758571003,20045.39960952356
Tropics,SAT4,890,15090.828146599784,15147.077610221038
Tropics,SAT4,52,180.48906382398795,237.64367699486326
Tropics,SAT4,52,6141.399331492981,6197.2756896722485
Tropics,SAT4,105,5990.529406663834,6045.94249566818
Tropics,SAT4,549,4300.728292291077,4356.941453804893
Tropics,SAT4,693,4183.3031382245745,4241.136079252481
Tropics,SAT4,91,10831.154809419108,10887.820368060136
Tropics,SAT4,91,16792.048895420132,16849.702658990722
Tropics,SAT4,437,6784.377508962916,6839.74164767334
Tropics,SAT4,724,12972.412185740113,13026.50452921625
Tropics,SAT4,53,261.779078237798,317.803793735286
Tropics,SAT4,104,5910.730212909811,5967.11319407515
Tropics,SAT4,514,1235.8264373901704,1290.536872806162
Tropics,SAT4,1133,2625.794964445956,2683.771885407548
Tropics,SAT4,1133,14577.682723188509,14633.881390909279
Tropics,SAT4,479,4459.729847424376,4515.394375152275
Tropics,SAT4,295,12334.024879019638,12388.916483333782
Tropics,SAT4,1139,3122.560828494358,3179.2284531763003
Tropics,SAT4,574,18450.80477889564,18505.33769453221
Tropics,SAT4,302,859.5412333844554,915.7779259904011
Tropics,SAT4,867,13228.421896585813,13283.34157716174
Tropics,SAT4,338,10409.459044465635,10466.221928813611
Tropics,SAT4,545,10020.307582486428,10075.946153414876
Tropics,SAT4,112,511.4495291819758,566.4480101644897
Tropics,SAT4,652,12908.55342914246,12964.15402663297
Tropics,SAT4,733,1600.8357732180996,1654.8890517835835
Tropics,SAT4,995,19061.82705923737,19117.213559716
Tropics,SAT4,160,17652.376047157166,17708.3387977048
Tropics,SAT4,938,7601.446491981704,7656.289173908805
Tropics,SAT4,1140,3200.754002795839,3256.933218261105
Tropics,SAT4,223,17723.581226878967,17778.11799070089
Tropics,SAT4,173,669.0311539773459,723.6633664549634
Tropics,SAT4,997,19198.01732366112,19254.441540197313
Tropics,SAT4,950,20600.392427267903,20657.967334045818
Tropics,SAT4,1059,19274.58587929731,19329.741208388106
Tropics,SAT4,818,20923.012749413414,20978.801855810612
Tropics,SAT4,158,17508.955162021168,17564.38092561664
Tropics,SAT4,718,18567.67757151158,18623.657443295415
Tropics,SAT4,1080,9006.921341657635,9063.393842000676
Tropics,SAT4,172,598.3590343596431,654.6443062649992
Tropics,SAT4,996,19129.08215160191,19183.943826278115
Tropics,SAT4,222,17654.535329212795,17709.891762171897
Tropics,SAT4,876,1881.048931683467,1936.054737082855
Tropics,SAT4,499,18217.025851925988,18271.208598960613
Tropics,SAT4,174,735.9437661484305,790.9799084481226
Tropics,SAT4,831,3846.0206344405533,3902.5831158689043
Tropics,SAT4,1123,13765.901966669022,13821.352174510548
Tropics,SAT4,939,7666.00767837597,7720.880249351188
Tropics,SAT4,342,4704.1224688912125,4760.026048059887
Tropics,SAT4,94,11062.387592138935,11119.358368242685
Tropics,SAT4,550,4360.3243724037975,4416.177351951931
Tropics,SAT4,98,5413.394120849543,5470.682376458866
Tropics,SAT4,98,17368.133443056173,17423.33804936129
Tropics,SAT4,268,16182.101588559413,16238.133794338342
Tropics,SAT4,965,3704.0583583755106,3760.846008662701
Tropics,SAT4,1119,19416.26495466641,19471.663907321752
Tropics,SAT4,399,15861.917617839907,15918.584525121194
Tropics,SAT4,827,9559.254483946694,9615.047170677704
Tropics,SAT4,678,21164.162099997055,21220.06805753253
Tropics,SAT4,804,1671.276335008592,1726.4880823815722
Tropics,SAT4,410,4620.533600650595,4677.5256751332045
Tropics,SAT4,1085,3413.7593558840545,3470.0679609749122
Tropics,SAT4,1083,3264.802358458931,3322.6509853132948
Tropics,SAT4,1073,20412.441862056312,20468.55547293006
Tropics,SAT4,102,11718.028345224187,11773.1156394324
Tropics,SAT4,366,6672.879073080187,6728.1596564022075
Tropics,SAT4,1082,9149.321382018523,9207.200157809175
Tropics,SAT4,152,5040.160992186078,5096.139600220373
Tropics,SAT4,55,416.822896307583,471.9992403784799
Tropics,SAT4,96,5255.82234356346,5311.652258908143
Tropics,SAT4,96,17207.99503061888,17265.13304949994
Tropics,SAT4,1079,8930.204767656034,8988.304584850777
Tropics,SAT4,1121,19572.310679245402,19629.158466223893
Tropics,SAT4,1077,14746.271610677735,14802.422227676796
Tropics,SAT4,333,16051.449720386607,16107.315182347755
Tropics,SAT4,144,16372.634691873787,16428.88475522003
Tropics,SAT4,303,924.7385687969726,978.960189873377
Tropics,SAT4,166,12104.635138319058,12160.241744026172
Tropics,SAT4,1178,13803.795665393709,13861.185615339138
Tropics,SAT4,1178,19752.7666146125,19808.685906728842
Tropics,SAT4,371,1022.3174581567089,1076.761976941044
Tropics,SAT4,1185,2478.7733952089584,2535.6907436772776
Tropics,SAT4,1185,8429.297913860893,8485.265472143275
Tropics,SAT4,1185,14384.164682921757,14440.567207655704
Tropics,SAT4,39,11076.842939316695,11132.985605731343
Tropics,SAT4,39,17031.411060695093,17087.023664087086
Tropics,SAT4,682,15444.823812019698,15500.68302857567
Tropics,SAT4,539,15619.948142428697,15677.603903881867
Tropics,SAT4,683,15503.988756564147,15560.323700118097
Tropics,SAT4,439,6904.355791850338,6960.035069183321
Tropics,SAT4,44,5539.25661368235,5594.969473265619
Tropics,SAT4,44,11495.348858399406,11550.830462563898
Tropics,SAT4,871,7523.277596568293,7577.647343544131
Tropics,SAT4,686,9724.20416278327,9781.814926760768
Tropics,SAT4,92,10906.134545912102,10961.97607046695
Tropics,SAT4,861,18808.141167380418,18863.560369901494
Tropics,SAT4,1125,7965.430648514671,8022.105545651984
Tropics,SAT4,1125,13923.285145012855,13980.514342553508
Tropics,SAT4,357,17977.18157091568,18031.380533978132
Tropics,SAT4,583,7064.504888029859,7118.389140972189
Tropics,SAT4,885,20731.60689921182,20788.984250593698
Tropics,SAT4,606,21194.44725148215,21251.55460031204
Tropics,SAT4,612,15589.811080693165,15645.515994164174
Tropics,SAT4,153,5112.782486917402,5168.839152082615
Tropics,SAT4,368,6794.289896854798,6850.090419839186
Tropics,SAT4,796,13095.971079846662,13150.35643098485
Tropics,SAT4,931,19061.343587876116,19117.630634799163
Tropics,SAT4,1064,13682.73716687421,13739.38970561702
Tropics,SAT4,896,9510.426788179859,9567.72009275131
Tropics,SAT4,35,16698.525865015185,16755.23160320852
Tropics,SAT4,236,760.46055190489,815.7425574787333
Tropics,SAT4,933,13234.641405831662,13290.92260786939
Tropics,SAT4,535,21340.062482624093,21395.898376770034
Tropics,SAT4,621,4203.010822584054,4258.8892735342315
Tropics,SAT4,1182,8181.185781018766,8237.699117028773
Tropics,SAT4,1182,14133.217602109424,14189.21581809451
Tropics,SAT4,1182,20086.973167513115,20143.570498415134
Tropics,SAT4,238,888.76199817274,944.7201424805527
Tropics,SAT4,935,13363.587841930013,13419.034575018146
Tropics,SAT4,515,1295.5125293952913,1349.5255785429672
Tropics,SAT4,1187,2641.7651275348003,2697.6242166429915
Tropics,SAT4,1187,8597.98293940098,8654.08883258941
Tropics,SAT4,293,12206.747840972084,12263.131405008493
Tropics,SAT4,103,5828.837543060434,5886.360174378167
Tropics,SAT4,103,11792.938736537939,11848.400422043303
Tropics,SAT4,1128,8194.111111702714,8250.574495632574
Tropics,SAT4,1128,20149.965054835233,20206.595039642438
Tropics,SAT4,54,340.75916923381726,395.96386623514354
Tropics,SAT4,363,12446.68482299206,12501.421396626114
Tropics,SAT4,791,18747.40895192636,18801.554508924797
Tropics,SAT4,588,1400.3622115891123,1454.3111952609422
Tropics,SAT4,426,18037.194566171085,18091.940237401664
Tropics,SAT4,206,16358.433311284512,16415.54922063138
Tropics,SAT4,304,986.5297542433445,1041.5114212938176
Tropics,SAT4,1003,7692.580196703585,7748.582878217108
Tropics,SAT4,1074,20482.678827761723,20539.93317598709
Tropics,SAT4,51,6067.597060821182,6122.668523640762
Tropics,SAT4,89,16633.07088648946,16689.015716020578
Tropics,SAT4,887,20857.893706175306,20915.06107062404
Tropics,SAT4,88,16556.667939453404,16612.635156116638
Tropics,SAT4,106,6067.597060842392,6122.66852363621
Tropics,SAT4,1067,7942.49773522024,7997.844292600342
Tropics,SAT4,1129,2314.1540836783925,2370.27771240662
Tropics,SAT4,1129,8274.450630435053,8332.060356392092
Tropics,SAT4,1129,20228.07073629308,20284.233477545346
Tropics,SAT4,87,16482.350733154646,16539.613587763488
Tropics,SAT4,292,12089.335180949844,12145.387865846951
Tropics,SAT4,229,12219.860592088702,12275.015840752563
Tropics,SAT4,1026,3508.66447936557,3564.7553994746904
Tropics,SAT4,961,9400.248663180226,9457.950809707887
Tropics,SAT4,1130,2388.9388483299704,2444.356278722843
Tropics,SAT4,1130,14338.68279152109,14396.927247679332
Tropics,SAT4,1130,20303.083703951786,20359.75158180611
Tropics,SAT4,1,171.33153633923624,226.83570026137923
Tropics,SAT4,49,4.074507315113139,59.672720693505894
Tropics,SAT4,49,5954.667720000323,6010.945633438041
Tropics,SAT4,501,18334.521277347318,18388.84398633284
Tropics,SAT4,572,18334.521277347314,18388.84398633284
Tropics,SAT4,341,4641.237420542817,4697.408856579348
Tropics,SAT4,409,4559.354712240199,4614.988759993749
Tropics,SAT4,1118,19341.42145495738,19397.48478817802
Tropics,SAT4,93,10983.22272558066,11039.337638467972
Tropics,SAT4,99,5494.977879046986,5553.2088747070675
Tropics,SAT4,99,11477.041098336042,11534.909870408168
Tropics,SAT4,99,17444.104294739707,17499.310113103802
Tropics,SAT4,651,12849.841999268314,12903.770478080474
Tropics,SAT4,1124,13843.566377806588,13899.691608140098
Tropics,SAT4,617,9925.680848598979,9981.575610328087
Tropics,SAT4,273,10550.217674557314,10607.536957964427
Tropics,SAT4,578,12728.59258433428,12782.523558949777
Tropics,SAT4,159,17582.57378656232,17637.356601554602
Tropics,SAT4,113,583.6851606422175,638.6513003472718
Tropics,SAT4,1058,19202.78191303325,19258.281667577343
Tropics,SAT4,607,21253.889878103564,21309.51671299108
Tropics,SAT4,611,15530.704060115642,15587.289564203795
Tropics,SAT4,150,10853.289862320282,10910.610767305538
Tropics,SAT4,212,4852.797982024336,4910.075639354406
Tropics,SAT4,1131,2465.851898350347,2521.676295025194
Tropics,SAT4,1131,14420.637852110705,14477.88278791825
Tropics,SAT4,608,21311.74799878957,21369.10421885126
Tropics,SAT4,474,10115.407055097852,10171.049807636307
Tropics,SAT4,277,4852.413856628834,4908.928287783273
Tropics,SAT4,288,17787.92343690698,17843.140058597994
Tropics,SAT4,233,6523.33722863535,6577.914179016871
Tropics,SAT4,930,18995.940376618077,19050.524561099195
Tropics,SAT4,734,1660.709134188259,1715.891975655463
Tropics,SAT4,204,16222.047698112234,16278.642286983693
Tropics,SAT4,434,12560.80649526981,12615.56808965387
Tropics,SAT4,290,17915.972962480446,17972.046406822556
Tropics,SAT4,1014,20563.135342435693,20619.208652319543
Tropics,SAT4,1007,2007.9903500453288,2064.384676752042
Tropics,SAT4,1068,8016.993701141172,8073.90379547912
Tropics,SAT4,149,10778.755409719139,10834.720371889118
Tropics,SAT4,46,5707.98713823713,5763.5537836745225
Tropics,SAT4,46,11656.526946969063,11713.256944025123
Tropics,SAT4,433,12501.325214582464,12555.374380815181
Tropics,SAT4,720,18688.05684686905,18743.336091135767
Tropics,SAT4,208,10537.411503370975,10594.31986603784
Tropics,SAT4,1192,3059.747274111942,3116.342324251645
Tropics,SAT4,511,7013.765888782568,7069.375043959616
Tropics,SAT4,655,7130.309966611829,7185.096143584163
Tropics,SAT4,276,4787.253849783656,4843.011591856301
Tropics,SAT4,100,11559.460996019721,11616.219698967128
Tropics,SAT4,100,17516.648024545226,17573.1926774395
Tropics,SAT4,942,1904.3473805010103,1959.8014051773355
Tropics,SAT4,161,11766.425084220406,11823.479773342857
Tropics,SAT4,111,435.55304931598215,492.06318029929736
Tropics,SAT4,337,10346.293930521813,10401.981675892055
Tropics,SAT4,506,12674.198862994237,12729.058517778849
Tropics,SAT4,650,12790.015392665558,12845.507126083376
Tropics,SAT4,801,7444.560049232397,7499.626790569605
Tropics,SAT4,582,7005.263008548012,7060.702919163062
Tropics,SAT4,728,7256.54633105622,7310.905788269558
Tropics,SAT4,579,12786.500780912003,12841.472679265014
Tropics,SAT4,401,15984.348885137133,16042.051452944403
Tropics,SAT4,866,13165.669549714416,13220.162649365422
Tropics,SAT4,47,5791.886794677788,5847.361542345161
Tropics,SAT4,3,330.8699003974508,349.2204053303541
Tropics,SAT4,480,4519.753040648508,4577.562165592641
Tropics,SAT4,0,88.26108105760264,143.7520953477287
Tropics,SAT4,154,5187.598628598439,5245.155838735929
Tropics,SAT4,872,7586.412335793154,7642.629643888674
Tropics,SAT4,298,6566.2251843109725,6621.171560326895
Tropics,SAT4,863,18933.76388487181,18989.842812843654
Tropics,SAT4,895,9449.100338079903,9504.953188267053
Tropics,SAT4,1063,13608.52494679274,13663.764753171701
Tropics,SAT4,900,3806.462346372027,3862.6926230003
Tropics,SAT4,50,88.26108105760187,143.75209534772742
Tropics,SAT4,145,16444.760947181087,16500.656554314828
Tropics,SAT4,719,18628.20101338609,18682.231830666802
Tropics,SAT4,1072,2351.286904143804,2408.467971920939
Tropics,SAT4,1072,20338.41030836242,20395.168854240164
Tropics,SAT4,1176,19586.673162754287,19642.700662528685
Tropics,SAT4,498,18156.728657854255,18211.220927200302
Tropics,SAT4,41,5293.843633109018,5351.56402057736
Tropics,SAT4,41,11243.049022784317,11298.749458404593
Tropics,SAT4,41,17198.613903952242,17254.138054084615
Tropics,SAT2,609,18391.573066646586,18447.395435462153
Tropics,SAT2,33,19509.15024806401,19566.66282625377
Tropics,SAT2,471,12911.964550088944,12968.676591976988
Tropics,SAT2,1184,5370.6560024421515,5426.511726735363
Tropics,SAT2,1184,11323.70730837755,11379.33070518154
Tropics,SAT2,1184,17275.83373802312,17332.31371349795
Tropics,SAT2,370,3939.691376251306,3994.740961988205
Tropics,SAT2,798,10240.708151958817,10294.729266097442
Tropics,SAT2,1191,5950.834360975621,6007.676720550666
Tropics,SAT2,477,7316.739670218807,7372.893714759786
Tropics,SAT2,764,1127.3812180359064,1183.6127486345008
Tropics,SAT2,1141,297.7622716276026,353.92857471506517
Tropics,SAT2,821,18126.24515088053,18182.87784304515
Tropics,SAT2,680,18303.795934412025,18359.393114947194
Tropics,SAT2,1190,5870.526187619102,5926.535345511536
Tropics,SAT2,548,7218.8927678338605,7275.505619624787
Tropics,SAT2,1136,5866.1243946519335,5923.498018241033
Tropics,SAT2,1136,11825.421455151953,11882.503945394203
Tropics,SAT2,468,18688.261619344245,18745.218364102846
Tropics,SAT2,755,12499.444092470225,12555.160134526983
Tropics,SAT2,406,7353.4961981244705,7410.088960617483
Tropics,SAT2,834,1050.9913419066804,1106.617236328459
Tropics,SAT2,1188,5704.176727190078,5759.845434973936
Tropics,SAT2,1188,11652.705853050978,11710.03794073832
Tropics,SAT2,820,18066.021725943556,18121.690375566766
Tropics,SAT2,1194,248.61679320087075,305.08943862279375
Tropics,SAT2,824,12352.651001762635,12409.222352106624
Tropics,SAT2,36,13806.896859048096,13864.975205049908
Tropics,SAT2,36,19756.410201571907,19812.523230065566
Tropics,SAT2,1181,11073.480455673154,11129.133893508535
Tropics,SAT2,1181,17027.63140821183,17083.272048567796
Tropics,SAT2,435,9643.796191198559,9698.443035934446
Tropics,SAT2,722,15831.151190215607,15885.554095625117
Tropics,SAT2,730,4399.373104486446,4454.350206852091
Tropics,SAT2,624,1399.5250514455363,1455.2076081295234
Tropics,SAT2,402,13065.990587408945,13121.787566745708
Tropics,SAT2,830,6762.932981412023,6819.083085042007
Tropics,SAT2,547,7159.707638791872,7215.445684378848
Tropics,SAT2,936,10450.869153467751,10505.303271788001
Tropics,SAT2,476,7256.453323138308,7312.51232333515
Tropics,SAT2,654,10050.128307676196,10104.672196345216
Tropics,SAT2,1142,375.4185003759228,431.2302975732968
Tropics,SAT2,85,19307.35537624678,19365.32472083106
Tropics,SAT2,412,1763.379842794385,1819.8060216726399
Tropics,SAT2,1183,5290.720463013847,5347.768284896955
Tropics,SAT2,1183,11239.39226906757,11294.914549152696
Tropics,SAT2,1183,17194.754554698462,17250.624775535296
Tropics,SAT2,43,2481.9665263287598,2539.506446329611
Tropics,SAT2,43,8432.993062201927,8489.080596111688
Tropics,SAT2,43,14388.022845649535,14444.022295660712
Tropics,SAT2,354,20767.210455977827,20822.01794919863
Tropics,SAT2,1135,5822.172940433105,5841.756491621157
Tropics,SAT2,1135,11752.149380468027,11808.04547234632
Tropics,SAT2,999,16356.193962266567,16412.144298678162
Tropics,SAT2,1132,11514.561798278315,11572.25034447867
Tropics,SAT2,1132,17477.13090823372,17533.65505028224
Tropics,SAT2,864,16019.031192675484,16073.184364549328
Tropics,SAT2,336,13261.353305639494,13318.986860939522
Tropics,SAT2,901,889.8537952735495,946.2373489531349
Tropics,SAT2,1177,16695.296733917974,16751.406064516275
Tropics,SAT2,110,3344.7183372099475,3400.112517389109
Tropics,SAT2,40,8184.430581789701,8241.52792644135
Tropics,SAT2,40,14136.940674099356,14193.014487822911
Tropics,SAT2,40,20090.82810442224,20146.981725634563
Tropics,SAT2,750,18154.75065325225,18210.90019388491
Tropics,SAT2,162,14819.441876762106,14875.855105278915
Tropics,SAT2,751,18215.2791493441,18271.144207226676
Tropics,SAT2,570,21194.465161238197,21249.68733520362
Tropics,SAT2,714,21310.656850131298,21365.769891012515
Tropics,SAT2,340,7555.902032460249,7612.365827624767
Tropics,SAT2,503,15476.018458930153,15529.990166257347
Tropics,SAT2,436,9704.170657760902,9758.424217107831
Tropics,SAT2,224,14812.301484297597,14868.099640103568
Tropics,SAT2,620,7121.490230466795,7178.754170627589
Tropics,SAT2,170,3441.509269048614,3497.9304986949314
Tropics,SAT2,95,8157.867977001532,8214.472577835291
Tropics,SAT2,95,20113.794057391395,20170.36956584886
Tropics,SAT2,756,12559.15500256867,12615.61294883205
Tropics,SAT2,107,9083.565067544547,9138.728742560008
Tropics,SAT2,165,9083.565067544547,9138.728742560004
Tropics,SAT2,1179,16859.31392689699,16914.7692985369
Tropics,SAT2,38,13969.137420557176,14025.3961929813
Tropics,SAT2,38,19925.361068129398,19981.30655955009
Tropics,SAT2,552,1499.8248944922784,1555.4789763101571
Tropics,SAT2,225,14881.678916534242,14936.4904304545
Tropics,SAT2,1122,16668.88966325944,16724.484273423706
Tropics,SAT2,685,12643.799867018983,12699.525179302389
Tropics,SAT2,226,14947.28579506576,15003.33654805593
Tropics,SAT2,467,18628.150506324284,18683.875864930516
Tropics,SAT2,897,6595.76973009707,6651.508357085641
Tropics,SAT2,167,9196.865025568704,9251.687395875479
Tropics,SAT2,168,9263.015775346545,9318.727693847257
Tropics,SAT2,473,13032.491105604147,13090.498693846017
Tropics,SAT2,760,6843.8602009855895,6899.466602868819
Tropics,SAT2,466,18567.36493207129,18625.070709978532
Tropics,SAT2,164,9010.566674311773,9066.096763600055
Tropics,SAT2,481,1600.8514234767238,1656.5927245973612
Tropics,SAT2,731,4459.634613011974,4513.618959187933
Tropics,SAT2,543,12878.960100106277,12935.044903027825
Tropics,SAT2,343,1787.8401589180112,1844.6869038952836
Tropics,SAT2,512,4096.708416580054,4150.842761010485
Tropics,SAT2,1189,5788.034854694401,5843.77128290479
Tropics,SAT2,109,3268.5341511937922,3325.5329807956505
Tropics,SAT2,163,8933.955038324,8991.230141037699
Tropics,SAT2,1180,10992.893510300855,11049.404752974086
Tropics,SAT2,1180,16943.234979506444,16998.79048494309
Tropics,SAT2,37,13887.117220397093,13943.885522045151
Tropics,SAT2,37,19840.913693137874,19896.967348106355
Tropics,SAT2,274,7635.080494740271,7691.031662586985
Tropics,SAT2,1195,327.07329985287936,385.0022108990407
Tropics,SAT2,1186,5535.63216788391,5591.12444226934
Tropics,SAT2,1186,11491.49190808046,11547.277681701007
Tropics,SAT2,300,3713.6138620892457,3769.3523067579895
Tropics,SAT2,865,16081.921930747892,16137.140099098542
Tropics,SAT2,1081,6097.270498871577,6154.881968962126
Tropics,SAT2,623,1340.3720004243396,1397.0170725365406
Tropics,SAT2,334,13135.184098939704,13192.13891490671
Tropics,SAT2,1001,10535.68917510373,10591.258969978777
Tropics,SAT2,537,18479.221579225326,18535.758976289897
Tropics,SAT2,681,18362.21356167953,18419.532875672623
Tropics,SAT2,108,9152.704050140494,9209.425798062539
Tropics,SAT2,819,18002.757129346104,18060.450859214063
Tropics,SAT2,1134,11675.551837673,11731.495329366091
Tropics,SAT2,1193,167.4709207063438,223.35035963847116
Tropics,SAT2,345,1914.061665495348,1971.8220376553431
Tropics,SAT2,568,21075.41916639087,21131.350417083664
Tropics,SAT2,649,15710.256857410135,15764.383103356457
Tropics,SAT2,873,4671.631434160484,4725.776346450897
Tropics,SAT2,411,1702.2288241744664,1758.1811146929233
Tropics,SAT2,398,18778.43544433627,18834.58612127724
Tropics,SAT2,826,12473.840113765187,12511.173656968493
Tropics,SAT2,1143,449.92037876315896,506.42001007286126
Tropics,SAT2,269,13267.845091549192,13324.377752666414
Tropics,SAT2,966,790.8747917107854,846.74536726538
Tropics,SAT2,586,4262.249209911301,4316.708652897485
Tropics,SAT2,90,13730.77785528361,13787.025909991258
Tropics,SAT2,408,7475.958620656551,7534.118661772288
Tropics,SAT2,585,4204.001326741063,4258.146230014997
Tropics,SAT2,45,2645.299831213989,2701.482121745706
Tropics,SAT2,45,8601.822324459914,8657.72365025325
Tropics,SAT2,1023,6280.36845615691,6337.433831407642
Tropics,SAT2,339,7492.876900931759,7548.90480275894
Tropics,SAT2,1127,5140.406978843732,5196.440332255908
Tropics,SAT2,1127,11099.265320696626,11156.289796180992
Tropics,SAT2,48,2898.0479099181634,2953.978978740781
Tropics,SAT2,48,8844.58190464496,8863.287639437376
Tropics,SAT2,690,6983.677055136823,7039.74088453709
Tropics,SAT2,642,21195.651199105843,21251.02172500819
Tropics,SAT2,214,2009.68656767449,2067.4302008273107
Tropics,SAT2,425,20955.178784712203,21009.89591950565
Tropics,SAT2,1025,6417.187615126709,6473.780629314554
Tropics,SAT2,364,9530.483744814666,9585.235191530055
Tropics,SAT2,1005,4851.090234124951,4907.024167786591
Tropics,SAT2,101,8652.906089650058,8711.009590933918
Tropics,SAT2,101,14618.800367513439,14674.472990036928
Tropics,SAT2,1017,17785.741041662674,17843.023985380445
Tropics,SAT2,765,1188.0138045509939,1243.839136425362
Tropics,SAT2,653,9991.061294892643,10045.15695255118
Tropics,SAT2,1029,732.7933252446794,789.1231076060914
Tropics,SAT2,889,18005.279659835465,18061.67095203042
Tropics,SAT2,732,4519.40415126294,4575.548497667651
Tropics,SAT2,725,10054.87469750986,10110.862308375112
Tropics,SAT2,1076,17648.948949137168,17706.03317823947
Tropics,SAT2,146,13538.78018212826,13595.262198703495
Tropics,SAT2,275,7700.482870704987,7757.628265364976
Tropics,SAT2,892,12237.09260799614,12293.554194594228
Tropics,SAT2,1062,16516.25496764654,16572.43706908272
Tropics,SAT2,97,2354.1474157585144,2410.590057683146
Tropics,SAT2,97,8318.813822115535,8377.314654005653
Tropics,SAT2,97,14301.013809774415,14359.451546623235
Tropics,SAT2,97,20269.755323754067,20325.25056854332
Tropics,SAT2,155,2279.1464599734913,2335.596329630892
Tropics,SAT2,155,20264.649072633856,20322.514128723233
Tropics,SAT2,1086,507.83783303178,563.8115939762811
Tropics,SAT2,1120,16516.501806941,16572.018072113824
Tropics,SAT2,1021,12101.503465478198,12158.413707010835
Tropics,SAT2,297,9482.66841998798,9537.325902218661
Tropics,SAT2,42,8348.880974436011,8405.024644489398
Tropics,SAT2,42,14305.465295638534,14361.34948805951
Tropics,SAT2,614,12727.61463186795,12783.278510035112
Tropics,SAT2,580,9867.95266316419,9922.393811322027
Tropics,SAT2,1138,6025.641477321676,6081.473449353652
Tropics,SAT2,715,21370.327483192654,21424.24242112868
Tropics,SAT2,502,15416.009942245237,15471.136480205174
Tropics,SAT2,874,4734.554460712355,4789.879907812967
Tropics,SAT2,1137,5947.080074075239,6003.492608661579
Tropics,SAT2,359,15125.395737609519,15179.74303642286
Tropics,SAT2,619,7063.5974344553815,7119.214763252485
Tropics,SAT2,482,1660.9803057465472,1717.8313687891934
Tropics,SAT2,684,12583.856811176533,12640.294213715046
Tropics,SAT2,1078,11839.516188619702,11895.707486765337
Tropics,SAT2,203,19131.076270130732,19187.188177026495
Tropics,SAT2,1027,594.8885861276831,652.2941300384797
Tropics,SAT2,142,19205.036131410256,19261.680688510194
Tropics,SAT2,1070,5184.7463760720675,5241.435483935914
Tropics,SAT2,1087,580.2041861228216,636.2520680662126
Tropics,SAT2,147,13611.072509058307,13667.331145736343
Tropics,SAT2,893,12300.900527449961,12356.631530714707
Tropics,SAT2,1084,6315.507340856505,6373.259342228153
Tropics,SAT2,952,17750.407972439207,17808.2043565829
Tropics,SAT2,1015,17651.09524769044,17707.58494422239
Tropics,SAT2,210,7694.29096246292,7751.637684532422
Tropics,SAT2,1075,17579.012746937988,17634.811071566553
Tropics,SAT2,157,20416.014104603015,20471.121127369253
Tropics,SAT2,1024,6350.655169241678,6406.423249190806
Tropics,SAT2,1060,16370.35126486135,16425.46957469777
Tropics,SAT2,1069,5110.158987875197,5165.233263761676
Tropics,SAT2,148,13685.517787575214,13743.076893572925
Tropics,SAT2,271,13398.38868972456,13456.473523940718
Tropics,SAT2,833,988.2417739933567,1045.4226993958127
Tropics,SAT2,266,19030.08046717018,19086.6110056933
Tropics,SAT2,963,6551.577385292536,6608.554991785289
Tropics,SAT2,1019,11965.770779713073,12022.530376734892
Tropics,SAT2,407,7414.677216726065,7470.565747407839
Tropics,SAT2,835,1110.758940534723,1167.8555724433597
Tropics,SAT2,1066,10850.48250064896,10906.910921253118
Tropics,SAT2,151,7945.0935344157215,8001.43631238929
Tropics,SAT2,1020,12035.515208798304,12091.255198461851
Tropics,SAT2,575,15531.83696398054,15586.686764302733
Tropics,SAT2,643,21254.84659130579,21308.74061787897
Tropics,SAT2,1126,11019.30110565268,11075.207695586954
Tropics,SAT2,52,3165.8255103492525,3221.5010942290073
Tropics,SAT2,105,3004.6660657128014,3062.4076334955266
Tropics,SAT2,105,8967.477777014636,9023.477332197503
Tropics,SAT2,693,1228.0535767065276,1261.42669964336
Tropics,SAT2,91,13807.582479216042,13863.978191458786
Tropics,SAT2,53,3242.4729862583163,3297.9414137625076
Tropics,SAT2,104,8893.043959203147,8948.476610103715
Tropics,SAT2,551,1439.7500741737495,1496.961764215524
Tropics,SAT2,695,1323.4355916078282,1380.0497609652964
Tropics,SAT2,658,4331.130474393057,4385.033453528148
Tropics,SAT2,1133,11596.147549823709,11652.84577524905
Tropics,SAT2,358,15060.846884176191,15116.712080787935
Tropics,SAT2,472,12972.46954049876,13028.246830977545
Tropics,SAT2,759,6782.358263061298,6839.380639995217
Tropics,SAT2,1139,135.3164627008758,193.34555375605422
Tropics,SAT2,1139,6101.216219205738,6157.340298503955
Tropics,SAT2,644,21312.464582818684,21368.076719845114
Tropics,SAT2,302,3839.0695887692764,3894.8515956178935
Tropics,SAT2,689,6924.281569032666,6980.235662286963
Tropics,SAT2,803,4589.269865009845,4643.611861154184
Tropics,SAT2,171,3511.9723244170677,3566.850579221594
Tropics,SAT2,508,9815.881229189174,9870.070827734016
Tropics,SAT2,160,14676.360094129588,14732.046894175533
Tropics,SAT2,440,3988.4220786254036,4042.5960985289735
Tropics,SAT2,727,10175.282259118567,10230.398749512222
Tropics,SAT2,221,20566.413994725674,20621.261040009835
Tropics,SAT2,1140,217.5087185426615,274.5628219646933
Tropics,SAT2,1140,6173.321811929051,6231.150407292444
Tropics,SAT2,997,16220.310755507913,16275.571808490053
Tropics,SAT2,220,20497.58073197013,20553.12160549598
Tropics,SAT2,158,20486.1192523497,20542.260174490428
Tropics,SAT2,431,15360.119163287844,15414.1554006995
Tropics,SAT2,1080,11982.258009913587,12039.657369241751
Tropics,SAT2,172,3578.6675198115236,3634.0952129296616
Tropics,SAT2,222,20631.47776483917,20687.923366200008
Tropics,SAT2,786,21426.761614602736,21481.64173537514
Tropics,SAT2,998,16287.430763486242,16341.97700759234
Tropics,SAT2,403,13127.162717249712,13184.104427572973
Tropics,SAT2,1123,10791.806939083901,10848.492004843749
Tropics,SAT2,1123,16748.221772513243,16804.868338783595
Tropics,SAT2,286,20637.58781396286,20692.747528189793
Tropics,SAT2,235,3675.5166117782233,3730.1616300559494
Tropics,SAT2,932,16148.107415248229,16202.40860834876
Tropics,SAT2,94,8080.377907376814,8136.565728529422
Tropics,SAT2,94,20032.163729321717,20089.890867186994
Tropics,SAT2,694,1264.557109697967,1320.2333329728797
Tropics,SAT2,98,2430.20053238421,2486.4330738565213
Tropics,SAT2,98,14383.751590237162,14441.098756051453
Tropics,SAT2,98,20342.95205563906,20399.517522653125
Tropics,SAT2,965,722.9159433828871,780.8341664877624
Tropics,SAT2,344,1850.6499866017803,1906.5545316709342
Tropics,SAT2,278,1937.7758843363708,1993.8878885437766
Tropics,SAT2,940,4753.733060701426,4808.618600016752
Tropics,SAT2,279,2002.761742258214,2059.2270123877515
Tropics,SAT2,1085,431.8287055027025,489.19919100673815
Tropics,SAT2,1083,6246.53136210866,6302.466921169208
Tropics,SAT2,1073,17428.009093416887,17486.14012051368
Tropics,SAT2,102,8735.154225619894,8792.118357884765
Tropics,SAT2,102,14690.818676672547,14748.084577005437
Tropics,SAT2,794,15953.030430586914,16007.758994790656
Tropics,SAT2,1065,10776.179595250196,10831.13945119001
Tropics,SAT2,1082,6173.704183880522,6229.776004412505
Tropics,SAT2,152,8019.819559640376,8077.611854779718
Tropics,SAT2,96,2280.1642025402916,2338.1962154223197
Tropics,SAT2,96,8237.421358979533,8294.943993906236
Tropics,SAT2,96,20193.19795365417,20248.87240892694
Tropics,SAT2,1079,11912.800768262414,11968.653475128134
Tropics,SAT2,1121,16591.63063533757,16646.680464414974
Tropics,SAT2,1077,11762.663690361687,11820.528992302048
Tropics,SAT2,898,6657.834756683142,6714.326132488978
Tropics,SAT2,156,2354.157322518919,2412.196267294138
Tropics,SAT2,156,20342.099164844607,20397.962864059777
Tropics,SAT2,144,19351.251764003908,19408.592158535885
Tropics,SAT2,1061,16442.23343476523,16497.101480682577
Tropics,SAT2,569,21136.02565776055,21189.987527929687
Tropics,SAT2,648,15650.906599202366,15705.404880077349
Tropics,SAT2,868,10314.07872666652,10368.72445297558
Tropics,SAT2,166,9126.944231246875,9183.036309947887
Tropics,SAT2,360,15243.388335666452,15297.556137966327
Tropics,SAT2,1178,16776.50738349626,16832.0346268381
Tropics,SAT2,429,15243.388335666452,15297.556137966321
Tropics,SAT2,799,10301.658444543598,10357.396439673179
Tropics,SAT2,1185,5452.413065855251,5507.892127872948
Tropics,SAT2,1185,11408.009209671716,11463.688299746811
Tropics,SAT2,39,14052.592390135002,14108.71624397452
Tropics,SAT2,39,20008.94317002339,20064.833561441767
Tropics,SAT2,538,18538.974099190807,18594.737613522393
Tropics,SAT2,726,10115.419797879802,10169.372253685173
Tropics,SAT2,44,2562.781109714384,2619.3152967254305
Tropics,SAT2,44,8517.560350263091,8573.572290527873
Tropics,SAT2,44,14468.351326085189,14525.036694805638
Tropics,SAT2,542,12819.509689368093,12875.541666776042
Tropics,SAT2,92,13886.485501669531,13943.689847784945
Tropics,SAT2,296,9419.904909438164,9474.63923116954
Tropics,SAT2,1125,10941.356924920596,10996.501996281697
Tropics,SAT2,153,2135.470078562501,2193.4586444642323
Tropics,SAT2,368,3816.3787819421236,3872.7989912963067
Tropics,SAT2,234,3610.159724066269,3665.3658272734046
Tropics,SAT2,931,16084.009411003515,16139.577477669709
Tropics,SAT2,1064,10704.049513978076,10759.038057037484
Tropics,SAT2,331,18903.2167108165,18959.60979756554
Tropics,SAT2,896,6530.290967780474,6588.052334285755
Tropics,SAT2,287,20702.817972793848,20757.502199684885
Tropics,SAT2,35,19672.57956139684,19728.77290483716
Tropics,SAT2,270,13332.50777685355,13388.604073473476
Tropics,SAT2,933,16213.251050278444,16268.829588425384
Tropics,SAT2,967,855.1922056218581,911.4221442520924
Tropics,SAT2,679,18243.272017279534,18300.399803039792
Tropics,SAT2,1182,11155.786603879935,11211.238833272195
Tropics,SAT2,1182,17111.74495780175,17167.43915010163
Tropics,SAT2,615,12785.76513769277,12842.47642577633
Tropics,SAT2,659,4389.950815288732,4445.1188839404385
Tropics,SAT2,1187,5619.781782875839,5675.380831726697
Tropics,SAT2,1187,11573.324303557965,11629.527662870363
Tropics,SAT2,293,15186.587171264151,15242.252415751795
Tropics,SAT2,103,8815.419059080565,8871.342829113126
Tropics,SAT2,1128,5214.801064227597,5269.881573839205
Tropics,SAT2,1128,17162.845769759875,17220.83231410352
Tropics,SAT2,54,3315.7740338401013,3372.268606692033
Tropics,SAT2,430,15298.876419354692,15354.314586590823
Tropics,SAT2,215,2076.615220556694,2132.6993916718106
Tropics,SAT2,500,15298.876419354694,15354.31458659082
Tropics,SAT2,206,13378.917237559914,13435.923318007824
Tropics,SAT2,1003,10671.1099992263,10726.746997073842
Tropics,SAT2,361,15302.881691975032,15358.550116671157
Tropics,SAT2,1074,17505.27491123525,17561.60558019906
Tropics,SAT2,428,15180.92464307625,15236.6149725025
Tropics,SAT2,957,12120.234524496862,12176.491131152568
Tropics,SAT2,51,3086.3488422589116,3142.9389803431654
Tropics,SAT2,89,13656.077846735558,13713.362873733808
Tropics,SAT2,89,19615.990056044833,19673.883011772305
Tropics,SAT2,887,17877.451474006793,17935.34705782668
Tropics,SAT2,88,19535.75183094464,19592.657440734507
Tropics,SAT2,1016,17720.2963428341,17776.054248897406
Tropics,SAT2,553,1558.7812780744114,1616.1275194536715
Tropics,SAT2,207,13446.222715950616,13502.279821365451
Tropics,SAT2,106,3086.3488422589103,3142.9389803431645
Tropics,SAT2,1129,5291.3076260606285,5346.635900945741
Tropics,SAT2,1129,17244.986830866084,17301.995083678972
Tropics,SAT2,87,19457.51643160044,19513.772431414698
Tropics,SAT2,216,2145.01912676447,2201.73125438591
Tropics,SAT2,292,15068.587532882428,15124.382558473137
Tropics,SAT2,954,17882.41956864842,17938.69664020596
Tropics,SAT2,581,9926.497559758498,9980.657206179214
Tropics,SAT2,229,9240.381797929653,9297.222828931825
Tropics,SAT2,202,19063.566988348182,19120.287340740913
Tropics,SAT2,424,20894.579001652248,20948.993072621215
Tropics,SAT2,961,6421.797262224202,6478.756812880252
Tropics,SAT2,1130,5369.925777284978,5426.181193374673
Tropics,SAT2,1130,17325.168635229133,17381.297430158706
Tropics,SAT2,1,3143.063534293184,3200.146891382234
Tropics,SAT2,49,2981.661098679193,3037.5331480163345
Tropics,SAT2,365,9591.752143359217,9646.127212496227
Tropics,SAT2,793,15892.146644065242,15946.29686041824
Tropics,SAT2,645,21428.9469410965,21484.89038643888
Tropics,SAT2,716,21428.9469410965,21484.89038643888
Tropics,SAT2,513,4155.620413805291,4210.238937366905
Tropics,SAT2,657,4271.122750922001,4327.004050377019
Tropics,SAT2,93,8005.006386639225,8061.788953369998
Tropics,SAT2,93,13967.31828078199,14025.525563750003
Tropics,SAT2,99,2508.371833950817,2565.235129908199
Tropics,SAT2,99,14464.734776148483,14520.964107457568
Tropics,SAT2,507,9756.436899501086,9810.963760681558
Tropics,SAT2,625,1457.17744801287,1515.1085347841408
Tropics,SAT2,1124,10865.541759811647,10920.76807535251
Tropics,SAT2,1124,16829.405938974254,16887.171075716775
Tropics,SAT2,273,7570.713458641366,7628.027379741627
Tropics,SAT2,159,14599.326526878602,14656.890590305136
Tropics,SAT2,613,12667.7675036855,12725.594084716255
Tropics,SAT2,150,7872.552148102582,7928.902450287375
Tropics,SAT2,497,21075.264117701972,21130.1612460233
Tropics,SAT2,212,7830.057634582236,7887.025965070635
Tropics,SAT2,1131,5450.492817309618,5507.8889516035715
Tropics,SAT2,1131,17402.734705748313,17458.531810454813
Tropics,SAT2,610,18449.99952635091,18506.269775637666
Tropics,SAT2,761,6902.7995855370555,6960.190056186475
Tropics,SAT2,143,19277.085116938717,19333.281365195242
Tropics,SAT2,1006,4917.823197678996,4972.344292160577
Tropics,SAT2,941,4818.099127449115,4872.545977235622
Tropics,SAT2,86,19381.398751567696,19437.830247133916
Tropics,SAT2,369,3879.5623757357853,3933.8097306405884
Tropics,SAT2,797,10179.747335457125,10235.055208277408
Tropics,SAT2,937,10515.592593492429,10570.468437262924
Tropics,SAT2,211,7761.402646529532,7817.450172782272
Tropics,SAT2,204,19200.259682647826,19257.84939438319
Tropics,SAT2,1028,665.7160114883061,721.5566757471856
Tropics,SAT2,496,21015.804192617365,21069.95240129816
Tropics,SAT2,721,15771.135410545747,15825.38476762723
Tropics,SAT2,290,14939.206967221104,14995.078533851685
Tropics,SAT2,231,9372.259806284084,9427.313588264558
Tropics,SAT2,1007,4986.067788064784,5041.4274414493375
Tropics,SAT2,1068,5037.776336231117,5092.666447463747
Tropics,SAT2,46,2729.100957239285,2785.198237380271
Tropics,SAT2,46,8684.956417533123,8740.867360973514
Tropics,SAT2,208,13515.137430021454,13572.398793554066
Tropics,SAT2,618,7004.1067419369965,7061.2863408510375
Tropics,SAT2,1192,84.41680261180498,140.1264941326888
Tropics,SAT2,100,2588.5511895460004,2646.3963945825562
Tropics,SAT2,100,14543.280118552373,14598.787069699802
Tropics,SAT2,942,4883.674154908776,4940.109845620406
Tropics,SAT2,161,14749.818686239862,14804.939954892758
Tropics,SAT2,111,3417.2528938088167,3472.4881331065662
Tropics,SAT2,902,953.5202572273085,1009.2899897771057
Tropics,SAT2,34,19590.016920860027,19646.54930718
Tropics,SAT2,953,17818.232100500583,17874.058455347338
Tropics,SAT2,958,12185.662482208214,12241.491667241859
Tropics,SAT2,265,18965.057008142612,19021.143053139655
Tropics,SAT2,962,6488.483111180083,6544.18172940506
Tropics,SAT2,441,4047.9767483756,4102.77860431292
Tropics,SAT2,401,13004.689685065974,13062.401888715809
Tropics,SAT2,829,6702.0552931198745,6757.933244903359
Tropics,SAT2,301,3778.0134169687394,3832.3500295142426
Tropics,SAT2,47,2813.591266620153,2869.630715112097
Tropics,SAT2,47,8766.135778249789,8822.488847735094
Tropics,SAT2,480,1540.0251227488786,1597.873182988188
Tropics,SAT2,230,9308.145255927617,9362.884799938895
Tropics,SAT2,291,15005.69573742808,15060.256474118989
Tropics,SAT2,888,17943.078221563566,17998.84030566006
Tropics,SAT2,397,18717.28563984593,18773.449901536875
Tropics,SAT2,825,12414.694668093307,12470.373073319168
Tropics,SAT2,355,20830.116431103103,20884.726639959565
Tropics,SAT2,0,3063.599721195031,3119.7220097363347
Tropics,SAT2,154,2206.352242816719,2262.601084468963
Tropics,SAT2,872,4609.158246819727,4664.991022101206
Tropics,SAT2,330,18840.217349143422,18896.292329763968
Tropics,SAT2,863,15956.564970100106,16012.534812523949
Tropics,SAT2,335,13197.980564311023,13253.868654278282
Tropics,SAT2,50,3063.5997211950307,3119.7220097363347
Tropics,SAT2,802,4528.382328533617,4582.821729732492
Tropics,SAT2,432,15418.809688295474,15474.634501776332
Tropics,SAT2,41,8265.865592071586,8322.23276501939
Tropics,SAT2,41,14221.494258807064,14277.47380341545
Tropics,SAT2,41,20170.217164983413,20227.357126626815
Tropics,GEO1,616,12781.003964743482,13898.666551212165
Tropics,GEO1,614,4197.247237988523,5319.42596444415
Tropics,GEO1,615,8490.158226259044,9607.924605700226
Tropics,GEO1,617,17069.58131594599,18191.512143345113
Tropics,GEO1,613,0.0,1031.9343437930565
Tropics,GEO1,618,21357.078809681952,21600.0
Tropics,SAT3,1184,3875.2434630929,3930.7760807300256
Tropics,SAT3,1184,9811.586336927712,9866.085999470666
Tropics,SAT3,1184,15753.63473150517,15808.768433851752
Tropics,SAT3,370,2447.159761445938,2499.575554503666
Tropics,SAT3,798,8732.34117640134,8786.308759548805
Tropics,SAT3,1191,4454.119907871887,4509.458622939632
Tropics,SAT3,272,11949.407159335598,12006.463605042394
Tropics,SAT3,477,5815.493292232941,5871.460828226273
Tropics,SAT3,821,16601.07400794292,16656.53708759015
Tropics,SAT3,404,11674.68783588529,11730.705072105475
Tropics,SAT3,680,16776.111548539448,16833.63709289896
Tropics,SAT3,1190,4372.062870438494,4426.989768102534
Tropics,SAT3,548,5717.922136934153,5773.486040416952
Tropics,SAT3,1136,4360.526331251223,4417.865947611869
Tropics,SAT3,1136,10315.701420902828,10371.016854349564
Tropics,SAT3,468,17162.33634943763,17217.774293371633
Tropics,SAT3,1188,4204.339871234172,4258.96789218698
Tropics,SAT3,1188,10144.323225583123,10199.907647714206
Tropics,SAT3,36,18229.842585435104,18284.797087088366
Tropics,SAT3,1181,9565.041500776984,9620.125232639368
Tropics,SAT3,1181,15502.948603523604,15557.498681258388
Tropics,SAT3,1181,21444.091076497116,21499.401770096356
Tropics,SAT3,722,14310.775840287679,14363.461067732873
Tropics,SAT3,830,5261.924684438606,5317.681676041401
Tropics,SAT3,691,5542.201915546489,5597.642481809238
Tropics,SAT3,654,8542.697883854878,8595.154428190599
Tropics,SAT3,412,274.6480386450528,330.3251770628356
Tropics,SAT3,1183,9728.029450327753,9782.373031245612
Tropics,SAT3,1183,15671.005192009954,15725.843934862954
Tropics,SAT3,43,6931.033359893714,6985.906722112594
Tropics,SAT3,43,12874.477399882946,12928.864009578965
Tropics,SAT3,1135,10239.408860924137,10294.633230352722
Tropics,SAT3,800,8853.861463163124,8907.280128011074
Tropics,SAT3,573,19839.014955097733,19891.97016856548
Tropics,SAT3,999,14832.845056581586,14885.767561041086
Tropics,SAT3,1132,4028.183590395135,4084.4713978692416
Tropics,SAT3,1132,15953.942689918038,16009.104867469718
Tropics,SAT3,1000,14901.288001947512,14955.526318715521
Tropics,SAT3,336,11747.296233956828,11802.60518760268
Tropics,SAT3,1177,21110.310352998436,21164.728179549256
Tropics,SAT3,110,1850.223920180946,1905.3823108976749
Tropics,SAT3,40,12622.297217871826,12677.134000919337
Tropics,SAT3,40,18565.36827580128,18619.75972173639
Tropics,SAT3,162,13306.036074961143,13359.361111079199
Tropics,SAT3,751,16688.661595553025,16744.889907391796
Tropics,SAT3,570,19663.6965147631,19715.83438999146
Tropics,SAT3,340,6054.663806284186,6110.312575167151
Tropics,SAT3,503,13955.906289967217,14009.68058278774
Tropics,SAT3,436,8197.501200539371,8250.5634896952
Tropics,SAT3,723,14370.706663202876,14422.945859509358
Tropics,SAT3,169,7826.514926695381,7880.245904713544
Tropics,SAT3,620,5621.057388769936,5676.378252417225
Tropics,SAT3,795,14492.90774184869,14545.484445771917
Tropics,SAT3,994,20438.201625319452,20491.6828472017
Tropics,SAT3,587,2826.0300038725495,2878.20687751896
Tropics,SAT3,95,6655.3979994560805,6710.580504382828
Tropics,SAT3,95,18581.45564618411,18637.535676787124
Tropics,SAT3,469,17222.566229731357,17278.576041740584
Tropics,SAT3,756,11046.009091569442,11101.598505581915
Tropics,SAT3,107,7579.493633581546,7633.2115923388255
Tropics,SAT3,165,7579.493633581544,7633.211592338823
Tropics,SAT3,1179,15336.313411474202,15390.649724733566
Tropics,SAT3,1179,21278.53234960939,21333.26651547723
Tropics,SAT3,38,12456.68789206858,12512.230238193659
Tropics,SAT3,38,18398.013948867574,18452.676339485475
Tropics,SAT3,552,10.189748120629167,67.6833189137362
Tropics,SAT3,225,13363.447187645068,13417.489620204104
Tropics,SAT3,1122,15144.613990615853,15198.330433439434
Tropics,SAT3,685,11129.323156751474,11185.958331419512
Tropics,SAT3,226,13432.789817624125,13485.732481849298
Tropics,SAT3,332,17440.03613911263,17495.634111325326
Tropics,SAT3,442,2614.440600537712,2666.9205231232345
Tropics,SAT3,167,7690.564861291171,7744.892517909712
Tropics,SAT3,168,7760.416447002324,7813.382435750045
Tropics,SAT3,473,11519.163926647587,11574.43843402662
Tropics,SAT3,760,5341.027605519878,5398.274274710584
Tropics,SAT3,164,7503.207638094885,7558.662628624581
Tropics,SAT3,227,13498.378611077958,13552.410437447481
Tropics,SAT3,731,2963.8933187656417,3017.4672614679375
Tropics,SAT3,543,11365.179692407008,11421.228121906528
Tropics,SAT3,687,11248.12566284012,11305.2630951418
Tropics,SAT3,875,3300.5239070854536,3353.796005820561
Tropics,SAT3,577,14129.584857274436,14181.515288697117
Tropics,SAT3,1189,4288.5269270045865,4343.29307919836
Tropics,SAT3,1189,10223.152470415427,10280.09110519873
Tropics,SAT3,109,7720.997432892689,7775.944916156473
Tropics,SAT3,163,13375.377362975434,13429.997818434631
Tropics,SAT3,1180,15419.1113434472,15473.484830232686
Tropics,SAT3,1180,21362.05384895369,21416.949766250957
Tropics,SAT3,616,11331.052260581693,11386.882911763914
Tropics,SAT3,37,12376.287530851916,12433.072134166876
Tropics,SAT3,37,18313.651151270307,18368.456745897984
Tropics,SAT3,274,6134.436969880354,6191.455089634383
Tropics,SAT3,1186,4037.085567025813,4091.424280236792
Tropics,SAT3,1186,9979.818914002119,10034.617440302738
Tropics,SAT3,865,14560.44716131346,14612.89523061379
Tropics,SAT3,1081,10541.666593464419,10598.648073659188
Tropics,SAT3,267,17568.74561767391,17624.438169848094
Tropics,SAT3,964,5115.866714014476,5172.234379509319
Tropics,SAT3,899,5220.117763733979,5275.997379259436
Tropics,SAT3,681,16837.18020214741,16892.4912938482
Tropics,SAT3,217,724.118050899783,779.974994608671
Tropics,SAT3,108,7652.170151135437,7705.538694519338
Tropics,SAT3,822,16661.834664173963,16717.725648331983
Tropics,SAT3,1134,10160.292799080227,10216.162015431237
Tropics,SAT3,345,424.87614174611946,480.1764951548684
Tropics,SAT3,505,14074.338427097804,14127.710095944773
Tropics,SAT3,649,14190.083396524878,14243.125452344035
Tropics,SAT3,398,17252.31495330535,17308.355982582547
Tropics,SAT3,826,10962.417788013176,11017.690840567957
Tropics,SAT3,586,2767.6579722673778,2820.1689309492353
Tropics,SAT3,90,12218.559313488067,12274.837617368643
Tropics,SAT3,90,18166.136104147878,18222.87751193289
Tropics,SAT3,408,5974.667714354227,6029.968886807215
Tropics,SAT3,660,2954.013011312412,3006.766534956039
Tropics,SAT3,45,1157.2594305389655,1212.5539140706055
Tropics,SAT3,45,7099.4780814287315,7154.060938833776
Tropics,SAT3,45,13036.236145211153,13091.499117584755
Tropics,SAT3,1127,9584.627390451857,9639.33196248393
Tropics,SAT3,1127,21513.616771729867,21569.19572338307
Tropics,SAT3,48,1408.033571651269,1462.6644047280972
Tropics,SAT3,48,7346.654494637306,7401.552923886429
Tropics,SAT3,2,1735.5146712000385,1791.2282362768958
Tropics,SAT3,690,5482.356599912293,5538.321529628414
Tropics,SAT3,576,14070.527168363342,14124.040453391117
Tropics,SAT3,425,19424.796007866422,19477.500453341207
Tropics,SAT3,1025,4917.838185605492,4973.155161572844
Tropics,SAT3,1004,9228.698489997185,9282.656275147792
Tropics,SAT3,101,1176.1406239397795,1232.840818844114
Tropics,SAT3,101,13104.159247911333,13157.964038827718
Tropics,SAT3,213,6396.677030112898,6452.759210244608
Tropics,SAT3,1017,16262.617408314616,16317.902256317053
Tropics,SAT3,478,5875.927185136714,5931.383957935873
Tropics,SAT3,509,8368.528957914004,8420.552250085686
Tropics,SAT3,205,17741.904593533716,17798.53476888241
Tropics,SAT3,544,11424.906463616931,11480.318417155568
Tropics,SAT3,889,16479.978803145783,16535.503193256965
Tropics,SAT3,959,10737.291903161124,10792.65178833378
Tropics,SAT3,934,14755.736273810688,14809.379122509898
Tropics,SAT3,1022,10656.42053025901,10712.794216371341
Tropics,SAT3,732,3024.0915971295235,3076.1319971845355
Tropics,SAT3,762,5462.4470112322,5518.941961747726
Tropics,SAT3,1076,16126.098070800783,16181.369115032927
Tropics,SAT3,275,6198.743405039922,6254.078370654315
Tropics,SAT3,943,3450.931779777291,3505.422016924234
Tropics,SAT3,400,17374.83642946627,17386.0093054275
Tropics,SAT3,1071,3758.968460462722,3814.284603559655
Tropics,SAT3,1062,14991.77723057007,15045.170046892199
Tropics,SAT3,97,867.4703899438448,924.434525597598
Tropics,SAT3,97,6812.530631248873,6868.936990479999
Tropics,SAT3,97,18741.76770782863,18795.74270988663
Tropics,SAT3,155,790.0631448720683,845.4647405938816
Tropics,SAT3,1120,20937.745727058147,20992.815616899876
Tropics,SAT3,1021,10590.262520969613,10645.543249911536
Tropics,SAT3,297,7977.309588637254,8030.298764567788
Tropics,SAT3,862,20315.87868470265,20370.248161534953
Tropics,SAT3,1175,20945.284664919112,20999.812691930973
Tropics,SAT3,356,19362.88589563577,19415.388882075044
Tropics,SAT3,42,6847.955022816789,6903.091727643327
Tropics,SAT3,42,12790.873623665175,12845.405741185405
Tropics,SAT3,42,18725.47041843991,18781.224739974874
Tropics,SAT3,757,11106.220158718577,11161.95552929006
Tropics,SAT3,752,16749.739940049392,16805.071069691283
Tropics,SAT3,894,10850.512372376708,10905.811381795098
Tropics,SAT3,1138,4523.605311577117,4579.220735258568
Tropics,SAT3,571,19722.360361652653,19775.048576341138
Tropics,SAT3,715,19837.358829579527,19891.215789471855
Tropics,SAT3,646,19955.724113290024,20009.015236776944
Tropics,SAT3,874,3237.894418525654,3290.314501006193
Tropics,SAT3,1018,16328.26445637223,16384.971784909794
Tropics,SAT3,1137,4442.937026299713,4499.42048149367
Tropics,SAT3,1137,10388.658793165425,10445.329201607718
Tropics,SAT3,294,13731.899002919057,13785.235502072364
Tropics,SAT3,359,13605.664452244371,13659.983162160439
Tropics,SAT3,619,5586.685776030944,5618.699053060123
Tropics,SAT3,870,8930.392937489427,8982.86650916226
Tropics,SAT3,482,172.41044035403675,227.85184997374483
Tropics,SAT3,540,17131.373475126547,17188.38054330149
Tropics,SAT3,955,16421.73435367162,16477.44408208182
Tropics,SAT3,1078,10322.445330931094,10379.618202324853
Tropics,SAT3,203,17605.44706860959,17661.615942855176
Tropics,SAT3,1070,3684.540483206723,3738.178122203187
Tropics,SAT3,147,12097.601449030431,12153.268984763505
Tropics,SAT3,893,10786.233983019158,10842.606116953919
Tropics,SAT3,1084,4818.471901745579,4873.919048903224
Tropics,SAT3,960,10799.537317917922,10856.882931012373
Tropics,SAT3,1075,16052.459119512923,16108.182641448311
Tropics,SAT3,209,12069.272216809664,12125.612543672369
Tropics,SAT3,157,937.8925674842376,994.990083783237
Tropics,SAT3,157,18886.185930676893,18940.264827502855
Tropics,SAT3,1024,4847.433334594779,4904.070737084419
Tropics,SAT3,1069,3612.321259226394,3665.695548933908
Tropics,SAT3,1008,3556.1453488196717,3609.854993920999
Tropics,SAT3,148,12169.883526161386,12225.272686937065
Tropics,SAT3,271,11883.678896344114,11939.053630112514
Tropics,SAT3,266,17503.842121929098,17559.43724538833
Tropics,SAT3,963,5052.447528474064,5107.754553662267
Tropics,SAT3,407,5913.41926059744,5969.968180718869
Tropics,SAT3,1066,9338.139279385487,9391.642431058328
Tropics,SAT3,228,13616.235350796072,13669.837054790525
Tropics,SAT3,151,6443.816346154625,6499.3342403407605
Tropics,SAT3,1020,10520.366897441903,10576.710338057926
Tropics,SAT3,232,7932.268958245781,7985.248539361803
Tropics,SAT3,929,20375.756740276505,20428.43806683021
Tropics,SAT3,362,13845.94670578633,13899.145394962032
Tropics,SAT3,790,20131.994063687416,20184.18412885251
Tropics,SAT3,1126,9506.75428481872,9560.608597287335
Tropics,SAT3,1126,21432.970987614648,21489.41648098885
Tropics,SAT3,890,16542.666949395294,16598.428646399912
Tropics,SAT3,52,1672.7163926504352,1727.5790573857075
Tropics,SAT3,105,7466.213850741966,7519.94993982115
Tropics,SAT3,549,5777.344627787138,5833.1246520477225
Tropics,SAT3,91,12293.329041526586,12348.582512745657
Tropics,SAT3,437,8258.145334621398,8310.251344906967
Tropics,SAT3,53,1751.7519470304903,1805.700966369409
Tropics,SAT3,104,7389.038205019532,7443.241333653048
Tropics,SAT3,514,2720.7332858593104,2773.034464101715
Tropics,SAT3,1133,10078.971301606278,10135.747048635161
Tropics,SAT3,1133,16028.050928770184,16084.089157697683
Tropics,SAT3,860,20190.60021283843,20243.839601149433
Tropics,SAT3,626,27.463964244163417,84.29630108430122
Tropics,SAT3,472,11458.468009364935,11515.31854015912
Tropics,SAT3,1139,4601.853286009114,4657.011341157225
Tropics,SAT3,644,19781.27261808354,19833.264052554976
Tropics,SAT3,302,2347.9680400144834,2400.369967212482
Tropics,SAT3,803,3093.3606793130507,3146.2481321391256
Tropics,SAT3,112,1998.237929310386,2051.6831414609724
Tropics,SAT3,1057,20574.025863468327,20627.774270621754
Tropics,SAT3,171,2017.6140148704103,2072.257694330437
Tropics,SAT3,508,8308.857683649272,8361.846974872493
Tropics,SAT3,733,3083.703283945152,3137.3648958856857
Tropics,SAT3,995,20505.219990081398,20558.198585320468
Tropics,SAT3,160,13156.135140222907,13211.901427011151
Tropics,SAT3,280,578.8119872025318,634.4716222009004
Tropics,SAT3,727,8667.475982568247,8719.664264399742
Tropics,SAT3,938,9070.64106919108,9123.678307640468
Tropics,SAT3,221,19036.26074564081,19090.049773115566
Tropics,SAT3,1140,4677.095992854834,4732.702423058277
Tropics,SAT3,223,19170.17336138557,19224.554774891458
Tropics,SAT3,173,2154.5821581621653,2208.0601493114305
Tropics,SAT3,1059,20718.97992002131,20773.477709784038
Tropics,SAT3,158,18959.83644671292,19013.149593494356
Tropics,SAT3,431,13840.022590366185,13894.079213487763
Tropics,SAT3,1080,10472.316733943095,10527.660209529415
Tropics,SAT3,172,2087.973491462323,2141.0021533792697
Tropics,SAT3,996,20573.9150187115,20628.464014354642
Tropics,SAT3,222,19105.0936991689,19158.053429940297
Tropics,SAT3,998,14766.01860261413,14819.761178912177
Tropics,SAT3,403,11613.50907655606,11668.937919295826
Tropics,SAT3,831,5323.298044175597,5378.857061254408
Tropics,SAT3,1123,15221.786924323245,15276.141658015958
Tropics,SAT3,235,2182.4631526100166,2235.907080482481
Tropics,SAT3,932,14627.133412233756,14681.277931341954
Tropics,SAT3,413,335.8269640922628,391.4719471506587
Tropics,SAT3,94,6579.946113747654,6635.716114231711
Tropics,SAT3,94,12529.936023479955,12586.960114204749
Tropics,SAT3,98,941.5537567457546,996.9801705897364
Tropics,SAT3,98,6893.904606332931,6951.187868028382
Tropics,SAT3,98,18817.911039481132,18871.730295654357
Tropics,SAT3,1119,20859.175200392816,20913.231788026726
Tropics,SAT3,344,362.07834407002434,418.7269672995247
Tropics,SAT3,399,17313.514105629838,17368.946622199608
Tropics,SAT3,827,11022.052938766783,11078.981348286912
Tropics,SAT3,279,513.9184949833965,569.5065479286011
Tropics,SAT3,804,3154.0616997402685,3206.3894996347876
Tropics,SAT3,1085,4887.312191278231,4944.684569910985
Tropics,SAT3,1083,4745.795457459341,4801.274742364243
Tropics,SAT3,102,7227.2810494508385,7283.733093978739
Tropics,SAT3,102,13179.233167054668,13233.245891643626
Tropics,SAT3,366,8147.074564901579,8199.328153482144
Tropics,SAT3,794,14432.229867636634,14484.743490336317
Tropics,SAT3,1065,9266.190885037448,9319.654679396614
Tropics,SAT3,1082,4669.526435861828,4726.44541179729
Tropics,SAT3,152,6516.361302398652,6571.8274677491245
Tropics,SAT3,55,1900.7010127224803,1955.6016076472558
Tropics,SAT3,96,6732.949582219257,6788.511477106097
Tropics,SAT3,96,18662.74587812929,18717.632415423708
Tropics,SAT3,1079,10399.15730392178,10454.747356423139
Tropics,SAT3,1121,15069.571613365259,15123.630462320663
Tropics,SAT3,1121,21018.246899546404,21074.51326125988
Tropics,SAT3,1077,16195.953941120266,16252.586121528297
Tropics,SAT3,898,5157.62586696544,5213.095749571502
Tropics,SAT3,156,862.8756381947768,918.443378532937
Tropics,SAT3,144,17823.442853468474,17878.779701233343
Tropics,SAT3,1061,14920.092625678562,14973.680804433814
Tropics,SAT3,504,14016.186522757924,14068.155697126334
Tropics,SAT3,303,2409.2009229681867,2462.6780469696223
Tropics,SAT3,360,13723.38273978847,13777.638337587341
Tropics,SAT3,554,129.72684247612307,186.0970741416848
Tropics,SAT3,1178,15255.057722698479,15309.81336993306
Tropics,SAT3,1178,21194.35369714908,21248.95006075684
Tropics,SAT3,429,13723.38273978847,13777.638337587337
Tropics,SAT3,371,2507.525179188552,2560.2659416630922
Tropics,SAT3,799,8793.153506179708,8845.33629778823
Tropics,SAT3,1185,3955.274506932519,4009.837961666155
Tropics,SAT3,1185,9895.761295999075,9950.4297124771
Tropics,SAT3,1185,15834.23770763153,15890.154715496628
Tropics,SAT3,39,12538.822075824708,12593.84970785511
Tropics,SAT3,39,18482.190243364097,18536.672650927892
Tropics,SAT3,538,17012.331652760913,17069.09295173767
Tropics,SAT3,682,16896.04037716395,16952.3641297636
Tropics,SAT3,539,17072.4042668218,17127.669552270432
Tropics,SAT3,44,1076.2606149374317,1132.5072572358865
Tropics,SAT3,44,7015.09449941828,7069.836296792359
Tropics,SAT3,44,12956.532312471749,13011.036897486023
Tropics,SAT3,871,8993.398822815474,9047.97887356513
Tropics,SAT3,686,11189.762780304014,11245.026228384297
Tropics,SAT3,92,12370.187624408612,12425.55928859735
Tropics,SAT3,861,20252.930609791878,20305.351859085098
Tropics,SAT3,1125,9431.007892668302,9484.822264788314
Tropics,SAT3,1125,15382.100021643038,15438.746044321733
Tropics,SAT3,1125,21350.577648633764,21407.880350177184
Tropics,SAT3,153,6591.077756837472,6647.92865068696
Tropics,SAT3,331,17377.09562558152,17432.845196205788
Tropics,SAT3,287,19172.525821527684,19225.97328777819
Tropics,SAT3,35,18147.20356780616,18202.525004159157
Tropics,SAT3,236,2247.9085664281147,2300.5751789819437
Tropics,SAT3,270,11819.105288034169,11875.251078648187
Tropics,SAT3,933,14690.940801926232,14743.54888112905
Tropics,SAT3,621,5679.280766073386,5735.5505481952305
Tropics,SAT3,1182,9645.69960593757,9700.116845869032
Tropics,SAT3,1182,15587.168870190235,15641.871842723698
Tropics,SAT3,1182,21523.835395003483,21580.190636380037
Tropics,SAT3,615,11272.536037577633,11328.046015243592
Tropics,SAT3,1187,4120.29352808748,4174.742775810381
Tropics,SAT3,1187,10062.948179416606,10117.958955331842
Tropics,SAT3,293,13670.470416375994,13722.91061216233
Tropics,SAT3,103,7309.179807419473,7364.43832727475
Tropics,SAT3,1128,3718.3375133245922,3772.8485237278032
Tropics,SAT3,1128,9664.508751021522,9720.395001734907
Tropics,SAT3,1128,21591.836633269388,21600.0
Tropics,SAT3,54,1827.9141753604333,1881.7013605431532
Tropics,SAT3,791,20192.751288339838,20246.774119126323
Tropics,SAT3,426,19485.72228428123,19538.1780430801
Tropics,SAT3,717,19953.96944240802,20007.506299861812
Tropics,SAT3,215,588.9172498873411,646.1156595635937
Tropics,SAT3,787,19953.969442408015,20007.506299861812
Tropics,SAT3,869,8868.039371022747,8921.155176482445
Tropics,SAT3,1003,9160.500474930443,9213.406039485557
Tropics,SAT3,361,13786.173227891237,13838.418403544334
Tropics,SAT3,789,20071.253764759018,20124.587639201527
Tropics,SAT3,1074,15975.310718491146,16032.750346440609
Tropics,SAT3,51,1591.4180872599243,1647.4731968755925
Tropics,SAT3,51,7540.167711938262,7594.534257594556
Tropics,SAT3,89,18085.909960706882,18141.750372317823
Tropics,SAT3,88,18007.65194897085,18062.901309339315
Tropics,SAT3,1016,16193.23160725649,16249.312406294275
Tropics,SAT3,553,70.57035205894843,125.87567088202894
Tropics,SAT3,207,11933.250858579651,11989.713299888932
Tropics,SAT3,106,1591.4180872599227,1647.4731968755907
Tropics,SAT3,106,7540.167711938259,7594.534257594554
Tropics,SAT3,1067,9412.264353417124,9467.290522403215
Tropics,SAT3,1129,3792.675112579518,3846.3910097273924
Tropics,SAT3,1129,15714.842516608227,15771.895372729246
Tropics,SAT3,87,17931.48893321994,17986.937581484613
Tropics,SAT3,216,655.7947693703697,711.1757265233405
Tropics,SAT3,292,13553.190195233123,13605.855038793616
Tropics,SAT3,954,16357.160141290464,16412.666535693956
Tropics,SAT3,581,8419.131708589726,8472.08172722703
Tropics,SAT3,1026,4984.50722732667,5040.5958354307795
Tropics,SAT3,1130,3869.129940247097,3923.21053742843
Tropics,SAT3,1130,15796.739686317425,15852.890851064383
Tropics,SAT3,1,1656.7523637753393,1711.392991111114
Tropics,SAT3,49,1492.2071725460653,1546.6580420229636
Tropics,SAT3,365,8085.526491498919,8138.638501398777
Tropics,SAT3,645,19897.12396332897,19949.08896102208
Tropics,SAT3,716,19897.123963328966,19949.088961022073
Tropics,SAT3,1002,9093.856436459382,9147.908683444686
Tropics,SAT3,513,2661.635801342522,2714.0599436495677
Tropics,SAT3,341,6117.635390866921,6173.3015232874795
Tropics,SAT3,409,6035.91780129761,6092.970365136776
Tropics,SAT3,1118,20782.70937637785,20836.395094792028
Tropics,SAT3,93,12449.116855377844,12505.231737627837
Tropics,SAT3,99,1017.6969794352724,1072.9134183644182
Tropics,SAT3,99,12945.417762102918,13001.086885808976
Tropics,SAT3,99,18890.675441975513,18945.617735665237
Tropics,SAT3,625,0.0,24.76834675658013
Tropics,SAT3,1124,9357.349150061085,9412.462078168579
Tropics,SAT3,1124,15301.02536803626,15356.501058241362
Tropics,SAT3,578,14187.057236915452,14240.575606022867
Tropics,SAT3,159,19029.688986620924,19084.023024784834
Tropics,SAT3,1058,20645.451811375413,20698.76155826475
Tropics,SAT3,611,16982.774527573776,17038.289697857403
Tropics,SAT3,497,19544.731079761652,19597.12596407657
Tropics,SAT3,212,6328.120799926345,6383.449558032582
Tropics,SAT3,1131,3947.6903669702865,4002.781182991363
Tropics,SAT3,1131,15876.65629351484,15932.026959025288
Tropics,SAT3,610,16923.94524911117,16979.767672794576
Tropics,SAT3,483,232.6476420162674,288.62692653694495
Tropics,SAT3,474,11579.263609231823,11636.142478006652
Tropics,SAT3,761,5403.054995496889,5458.343971067235
Tropics,SAT3,143,17751.41728230139,17807.26938320984
Tropics,SAT3,1006,3421.7138092375767,3476.124891525257
Tropics,SAT3,941,3321.6222477994816,3374.9706791417534
Tropics,SAT3,288,19237.94087120486,19290.630893648562
Tropics,SAT3,86,17857.387007254896,17914.358731490895
Tropics,SAT3,930,20441.001081499726,20495.4980142101
Tropics,SAT3,937,9006.236282088568,9059.061949707202
Tropics,SAT3,211,6261.074891358141,6317.879926387498
Tropics,SAT3,204,17672.85831422577,17728.20664945854
Tropics,SAT3,231,7868.032445395898,7920.953726293603
Tropics,SAT3,928,20311.67842125248,20364.990040563403
Tropics,SAT3,1007,3488.1842541118826,3541.1140231604395
Tropics,SAT3,149,12244.305031137843,12300.922301813725
Tropics,SAT3,46,1239.8824505258779,1294.8064485243199
Tropics,SAT3,46,7183.412826287917,7237.8232478690015
Tropics,SAT3,433,13960.519205498229,14013.759696438141
Tropics,SAT3,208,12000.474858045085,12055.793198293697
Tropics,SAT3,1192,4533.889724107889,4590.267056205097
Tropics,SAT3,655,8601.779202663829,8654.049101762108
Tropics,SAT3,276,6264.024911733697,6320.258302160855
Tropics,SAT3,100,1095.9341620031673,1151.7357810313733
Tropics,SAT3,100,13026.029031728182,13080.549797531095
Tropics,SAT3,942,3385.696133096707,3438.390975701801
Tropics,SAT3,161,13232.870673121608,13286.757666736014
Tropics,SAT3,1174,20865.24637214312,20920.73620734993
Tropics,SAT3,111,1926.0544079392473,1979.6271492674714
Tropics,SAT3,337,11810.570257777968,11867.194952101478
Tropics,SAT3,1117,20708.361241823644,20762.83133917332
Tropics,SAT3,34,18066.187169395078,18122.453580450318
Tropics,SAT3,650,14249.486836106087,14301.49297678857
Tropics,SAT3,953,16288.949034457894,16346.620540376018
Tropics,SAT3,958,10671.50742440278,10727.50375638783
Tropics,SAT3,962,4985.437139052417,5042.177430391769
Tropics,SAT3,441,2554.6622699540076,2607.0620839151534
Tropics,SAT3,582,8477.836026784329,8529.82823172216
Tropics,SAT3,728,8727.21520039795,8779.99858262252
Tropics,SAT3,301,2283.3752098795085,2337.4946480858407
Tropics,SAT3,866,14623.034864604402,14676.167446583979
Tropics,SAT3,47,1323.67899564708,1378.4523318544686
Tropics,SAT3,47,7266.077623156716,7320.481958381785
Tropics,SAT3,291,13486.549691603841,13540.767550442335
Tropics,SAT3,825,10899.830231863263,10956.475656886485
Tropics,SAT3,355,19299.70085069554,19352.815108629144
Tropics,SAT3,0,1575.388400577345,1629.7476910907178
Tropics,SAT3,154,719.1582932517044,776.3069534342767
Tropics,SAT3,298,8040.289040582562,8092.835669067985
Tropics,SAT3,895,10911.484001677465,10968.578819596873
Tropics,SAT3,1063,15065.601617632343,15120.355174552682
Tropics,SAT3,335,11684.512030460646,11741.347679753273
Tropics,SAT3,50,1575.3884005773446,1629.7476910907171
Tropics,SAT3,346,488.1986132747512,544.9745336167583
Tropics,SAT3,145,17897.571149516003,17953.971728521137
Tropics,SAT3,432,13901.581188954915,13953.660259711087
Tropics,SAT3,719,20073.763023953386,20127.447077265315
Tropics,SAT3,1176,21027.100559362243,21081.407022483163
Tropics,SAT3,498,19604.484650882838,19656.988407760342
Tropics,SAT3,41,6766.370203511133,6822.21482168731
Tropics,SAT3,41,12706.549209158882,12761.254403277653
Tropics,SAT3,41,18646.72312722186,18701.398580453602
Tropics,SAT1,609,19838.08239819686,19892.754198858736
Tropics,SAT1,33,20948.399758762534,21003.457298077654
Tropics,SAT1,471,14370.677812910897,14424.577404804575
Tropics,SAT1,758,8195.458713522314,8250.159005153117
Tropics,SAT1,1184,6844.451797933711,6899.180971302446
Tropics,SAT1,1184,12786.959400283282,12841.602909213329
Tropics,SAT1,1184,18721.503554051418,18777.863405024767
Tropics,SAT1,798,11704.467835981744,11760.27963388694
Tropics,SAT1,1191,1488.3693655361697,1543.007085572966
Tropics,SAT1,272,8975.532685405791,9030.698988673163
Tropics,SAT1,764,2612.7780577857347,2666.930582528201
Tropics,SAT1,1141,1786.4481299174533,1840.9218133957322
Tropics,SAT1,832,2413.4479469303224,2468.372070993624
Tropics,SAT1,536,19866.60864909997,19920.82355816481
Tropics,SAT1,1190,1404.2530115627058,1458.9105784984654
Tropics,SAT1,1190,7342.76392921437,7398.193831329358
Tropics,SAT1,692,2629.627929114053,2685.0001649938895
Tropics,SAT1,1136,7345.499200716964,7400.72781867987
Tropics,SAT1,755,13958.788065750308,14013.708039754236
Tropics,SAT1,406,8824.023141869187,8878.049513224489
Tropics,SAT1,834,2534.7087749574503,2590.417161803652
Tropics,SAT1,1188,1236.318645188841,1290.948991113289
Tropics,SAT1,1188,7179.5160344396945,7234.155142448039
Tropics,SAT1,820,19512.9049572327,19568.0034258054
Tropics,SAT1,1194,1731.706962407799,1788.057194900978
Tropics,SAT1,396,20101.843632315067,20155.845652673735
Tropics,SAT1,824,13814.14579017648,13868.080788922436
Tropics,SAT1,36,15258.174312736552,15313.497378712485
Tropics,SAT1,36,21197.887430431067,21252.54737495018
Tropics,SAT1,1181,12535.227516363277,12589.888057696075
Tropics,SAT1,1181,18478.212347964134,18532.84879349287
Tropics,SAT1,435,11107.807760025462,11161.8529825306
Tropics,SAT1,730,5875.7487976839975,5929.528329433041
Tropics,SAT1,749,19542.624207854198,19596.657043320112
Tropics,SAT1,402,14523.921388982899,14579.203749640206
Tropics,SAT1,547,8630.678349885362,8685.748122521458
Tropics,SAT1,936,11914.606795941807,11969.173099142496
Tropics,SAT1,476,8727.344986862625,8781.780597470199
Tropics,SAT1,763,2552.768758354652,2606.8158154167395
Tropics,SAT1,510,5453.136648007225,5508.854669135429
Tropics,SAT1,1142,1861.0651879434101,1916.0711990918255
Tropics,SAT1,85,20747.877803099058,20802.65315052582
Tropics,SAT1,1183,6763.039653632705,6818.32793522141
Tropics,SAT1,1183,12702.708345502533,12757.36406827564
Tropics,SAT1,1183,18642.720615648974,18697.857790888193
Tropics,SAT1,43,3958.5759036247637,4013.637601206313
Tropics,SAT1,43,9899.43493027288,9954.09116828514
Tropics,SAT1,43,15837.932685231412,15893.329621631292
Tropics,SAT1,1135,7264.513933128815,7320.772723527265
Tropics,SAT1,1135,13211.70223509384,13267.20863847083
Tropics,SAT1,1132,1053.3621337539719,1108.1690377956936
Tropics,SAT1,1132,12982.02439598594,13037.577752726032
Tropics,SAT1,299,5127.830401062191,5182.666982075086
Tropics,SAT1,864,17470.399453165435,17525.456419686678
Tropics,SAT1,1000,11931.429944196152,11986.554125872592
Tropics,SAT1,901,2376.4806050766024,2430.572657740134
Tropics,SAT1,1177,18143.67920683278,18198.521538769925
Tropics,SAT1,110,4821.92450563783,4876.308010244693
Tropics,SAT1,40,9648.996567254144,9703.873058825002
Tropics,SAT1,40,15590.812390989271,15645.460073343782
Tropics,SAT1,40,21527.471243100426,21583.2684210677
Tropics,SAT1,750,19602.606725041718,19656.77558787994
Tropics,SAT1,162,10326.103047278442,10382.46288097973
Tropics,SAT1,647,17042.994907719178,17096.86897743505
Tropics,SAT1,169,4850.846450252137,4906.362432755785
Tropics,SAT1,224,16265.759264461161,16319.826815389208
Tropics,SAT1,367,5232.462086973596,5287.844494218095
Tropics,SAT1,170,4921.096275195385,4975.203601818483
Tropics,SAT1,95,9627.594403329284,9683.380152385938
Tropics,SAT1,95,21556.704818696922,21600.0
Tropics,SAT1,107,10544.960161171524,10600.795423783184
Tropics,SAT1,590,28.100167455948096,83.19226213381413
Tropics,SAT1,165,10544.960161171524,10600.795423783184
Tropics,SAT1,1179,12373.048798587828,12429.172084562773
Tropics,SAT1,1179,18309.83615239912,18364.474018903762
Tropics,SAT1,38,15422.550546486318,15477.189469697398
Tropics,SAT1,38,21365.706340511475,21420.3453877542
Tropics,SAT1,225,16331.244231053297,16386.646532110226
Tropics,SAT1,1122,18122.300675005146,18178.05592632046
Tropics,SAT1,541,14219.274881491538,14273.101121380669
Tropics,SAT1,661,41.15043587737879,95.40654446301671
Tropics,SAT1,467,20073.828157663233,20129.166467571136
Tropics,SAT1,754,13899.622622692235,13953.350177400518
Tropics,SAT1,729,5815.573995769249,5869.838340232438
Tropics,SAT1,897,8068.071413857644,8123.018942983603
Tropics,SAT1,167,10659.457591741215,10714.530732151678
Tropics,SAT1,753,13837.830106028394,13893.517140959555
Tropics,SAT1,164,10475.74793036907,10530.050287185644
Tropics,SAT1,481,3083.991069387896,3139.297588885943
Tropics,SAT1,227,10523.721279292195,10578.939841399353
Tropics,SAT1,343,3270.1915734954523,3324.1904906901314
Tropics,SAT1,886,19263.768913391246,19319.613504128196
Tropics,SAT1,512,5572.469774590269,5627.133265259529
Tropics,SAT1,656,5688.356575171724,5743.2959055687
Tropics,SAT1,805,243.6768606223771,298.87067840214866
Tropics,SAT1,951,19135.0689243132,19191.02929120198
Tropics,SAT1,891,13635.64708673767,13690.152344680084
Tropics,SAT1,1189,1319.9908509533484,1374.6292572754924
Tropics,SAT1,1189,7262.167487857461,7316.95521929764
Tropics,SAT1,109,4749.375504430955,4803.899277329153
Tropics,SAT1,163,10402.71135512068,10457.3702042935
Tropics,SAT1,1180,12453.25961051055,12508.28401251538
Tropics,SAT1,1180,18394.100349411445,18448.75608236691
Tropics,SAT1,37,15339.604276846243,15394.360450255894
Tropics,SAT1,37,21282.142933907566,21336.779159460148
Tropics,SAT1,274,9104.983998508871,9160.348875123904
Tropics,SAT1,1186,1073.0290572448887,1128.681631025708
Tropics,SAT1,1186,7011.329142915814,7065.9783326027855
Tropics,SAT1,1186,12952.575015441353,13007.502306304421
Tropics,SAT1,300,5191.800463037889,5245.59488305981
Tropics,SAT1,1081,7575.801554043098,7630.4545477468355
Tropics,SAT1,623,2825.223061795345,2879.1117686777416
Tropics,SAT1,944,544.696921518816,598.6092042659003
Tropics,SAT1,964,2145.182385146879,2201.1692904889087
Tropics,SAT1,334,14592.564529133851,14646.51905426206
Tropics,SAT1,1001,11998.398873083312,12052.463619675435
Tropics,SAT1,537,19925.97184642634,19979.90187907613
Tropics,SAT1,108,4673.215195780107,4729.294806130153
Tropics,SAT1,819,19453.207140387996,19506.99077729094
Tropics,SAT1,1134,1213.360713694489,1270.1562424423566
Tropics,SAT1,1134,13138.247295484043,13192.761810284917
Tropics,SAT1,1193,1652.9030247462224,1708.0371017084644
Tropics,SAT1,873,6148.0617438246,6203.280407673301
Tropics,SAT1,411,3185.1391455361068,3239.874487746428
Tropics,SAT1,806,304.6974264531948,358.3639503441352
Tropics,SAT1,269,14724.613544487485,14778.816922956334
Tropics,SAT1,966,2276.479151295978,2331.138166514332
Tropics,SAT1,90,15185.884393759703,15240.528912256508
Tropics,SAT1,585,5679.939277766793,5734.470901073289
Tropics,SAT1,45,4123.891529523518,4178.532008560068
Tropics,SAT1,45,10066.708894917776,10121.388794409546
Tropics,SAT1,1023,7757.0619021658995,7811.227223107612
Tropics,SAT1,339,8962.891939716998,9017.57180533605
Tropics,SAT1,1127,6614.453511724048,6668.957162023997
Tropics,SAT1,1127,18536.155688611823,18593.081660436692
Tropics,SAT1,48,4375.869818890665,4430.507115533058
Tropics,SAT1,546,8571.851646244364,8625.513821731669
Tropics,SAT1,622,2766.6064238538543,2820.8302681065743
Tropics,SAT1,214,3490.1061646840426,3544.282436821878
Tropics,SAT1,201,20439.758309865432,20494.557684010302
Tropics,SAT1,364,10994.59074739487,11048.671416056115
Tropics,SAT1,792,17282.364337804724,17336.082271912044
Tropics,SAT1,1005,6326.107360242459,6380.178569560678
Tropics,SAT1,1004,6259.316087222402,6314.778409902386
Tropics,SAT1,101,10123.640156008765,10179.51358299735
Tropics,SAT1,101,16067.266147208986,16123.400417216404
Tropics,SAT1,213,3423.3830610725195,3479.1250554661087
Tropics,SAT1,653,11454.537466686468,11509.122446997266
Tropics,SAT1,205,14767.612796800182,14822.677729867262
Tropics,SAT1,688,8337.477170004262,8391.276523033368
Tropics,SAT1,1022,7687.055565604649,7742.4958312363815
Tropics,SAT1,438,5343.032670831282,5398.623703188964
Tropics,SAT1,725,11519.045974838024,11572.633563316565
Tropics,SAT1,475,8667.350653783995,8721.211970767774
Tropics,SAT1,956,13517.138270572414,13571.613091290383
Tropics,SAT1,1076,13152.268370969137,13208.828248124519
Tropics,SAT1,146,14994.172661767738,15048.579211015489
Tropics,SAT1,943,480.5267882192544,535.604504508324
Tropics,SAT1,892,13698.93285352553,13752.962262885834
Tropics,SAT1,400,14401.903022509272,14457.185067117329
Tropics,SAT1,828,8114.354034408142,8168.246662288017
Tropics,SAT1,1071,787.641033521012,841.9710595112152
Tropics,SAT1,97,3833.6469019270394,3888.1560454924643
Tropics,SAT1,97,15759.723053275175,15815.951835618709
Tropics,SAT1,155,3761.7889306963043,3817.9586359188397
Tropics,SAT1,141,20576.077247456935,20630.964087787554
Tropics,SAT1,1086,1994.749265413516,2049.259385173272
Tropics,SAT1,1120,17966.210295209643,18020.63176391783
Tropics,SAT1,862,17344.89385120722,17400.2304563098
Tropics,SAT1,42,3878.3589240677447,3934.5329402319708
Tropics,SAT1,42,9815.165511180825,9869.813809399086
Tropics,SAT1,42,15757.34628065263,15812.108931630553
Tropics,SAT1,470,14310.489709566216,14364.860086591845
Tropics,SAT1,465,19953.521671508737,20008.75679989624
Tropics,SAT1,329,20222.415623885303,20276.42162332087
Tropics,SAT1,584,5621.958860280876,5675.547200624846
Tropics,SAT1,614,14186.245844739595,14241.483621934862
Tropics,SAT1,580,11331.733175317855,11385.827745675846
Tropics,SAT1,1138,1546.2616316817293,1603.1942246438418
Tropics,SAT1,1138,7499.844173850303,7554.530010631427
Tropics,SAT1,502,16868.033294808807,16921.723141210645
Tropics,SAT1,1018,13359.896696160971,13415.055230931634
Tropics,SAT1,1137,7424.14176957547,7478.684925235285
Tropics,SAT1,427,16571.840214662578,16626.63625887518
Tropics,SAT1,589,0.0,23.913992777306007
Tropics,SAT1,359,16575.06853268691,16630.493072772522
Tropics,SAT1,684,14044.10238095947,14098.068373486307
Tropics,SAT1,1078,13302.392267670857,13356.736771802469
Tropics,SAT1,203,20575.970880034925,20631.67256147883
Tropics,SAT1,1027,2084.6598134144615,2138.884644532167
Tropics,SAT1,142,20647.747168495134,20702.09332369403
Tropics,SAT1,1070,716.9828802976298,772.9559639510171
Tropics,SAT1,147,15068.229082177548,15123.886323641915
Tropics,SAT1,735,232.4095112399105,286.72042629639515
Tropics,SAT1,1084,1846.4950320677888,1902.498505810219
Tropics,SAT1,952,19202.49162617507,19256.59380981107
Tropics,SAT1,960,7831.369945317214,7886.477896901572
Tropics,SAT1,1015,19101.656335461834,19155.822670730944
Tropics,SAT1,210,9162.38477877177,9216.533272771541
Tropics,SAT1,1075,19026.1012294644,19081.537396801697
Tropics,SAT1,209,9095.48815468898,9150.866526682228
Tropics,SAT1,1009,653.8431570382601,707.9631319823071
Tropics,SAT1,823,13752.692124215315,13807.14511117004
Tropics,SAT1,1024,7823.323311615944,7878.338932885421
Tropics,SAT1,1060,17820.783436295416,17875.0855767634
Tropics,SAT1,1069,6588.189119789433,6644.165116166653
Tropics,SAT1,1008,587.2211076798606,643.0711152644791
Tropics,SAT1,405,8763.078791454012,8817.389039202637
Tropics,SAT1,833,2475.534653389316,2529.331691024012
Tropics,SAT1,1019,13429.393981430847,13483.539517877862
Tropics,SAT1,228,10640.344901167173,10696.23006624803
Tropics,SAT1,151,9414.988670740344,9470.894260866207
Tropics,SAT1,1020,13495.145040024903,13550.465711701003
Tropics,SAT1,289,16326.523547503097,16381.531777391961
Tropics,SAT1,575,16983.47791460173,17037.25868655796
Tropics,SAT1,1126,6540.251860570428,6595.907052045989
Tropics,SAT1,1126,12485.797797782187,12541.907633845922
Tropics,SAT1,52,4643.587114517072,4698.048246781345
Tropics,SAT1,105,4487.350785045918,4542.873522550936
Tropics,SAT1,693,2690.088606817351,2743.7465452075467
Tropics,SAT1,91,15264.300252653335,15319.746424688057
Tropics,SAT1,724,11458.611449873806,11513.745281648151
Tropics,SAT1,53,4717.049039343168,4772.488852657494
Tropics,SAT1,104,4405.732484144101,4462.3145267838845
Tropics,SAT1,104,10356.22694227359,10411.178569177044
Tropics,SAT1,551,2924.3483621574533,2978.070712421683
Tropics,SAT1,662,100.5923523512812,154.31100097429484
Tropics,SAT1,658,5806.837775891643,5862.21282693041
Tropics,SAT1,1133,1132.427902714499,1188.1745954078804
Tropics,SAT1,1133,13061.512950525477,13116.21599707769
Tropics,SAT1,479,2963.668318997836,3018.9351955572556
Tropics,SAT1,295,10821.397680587641,10875.406495316887
Tropics,SAT1,358,16514.204303249986,16567.983493464162
Tropics,SAT1,759,8256.335058561994,8310.100909384431
Tropics,SAT1,1139,1628.434311760437,1684.3412739017226
Tropics,SAT1,1139,7572.118119738814,7628.306692039019
Tropics,SAT1,574,16924.893622139465,16978.982884485857
Tropics,SAT1,867,11714.928729482603,11769.065298122106
Tropics,SAT1,338,8900.026426471288,8953.985798442254
Tropics,SAT1,545,8511.868062632335,8567.35381025745
Tropics,SAT1,689,8396.325399424844,8450.77849971696
Tropics,SAT1,171,4987.601798369447,5042.394317299909
Tropics,SAT1,160,16129.506029444607,16183.75956959264
Tropics,SAT1,440,5463.986464896898,5518.776743131871
Tropics,SAT1,1140,1708.7170306358385,1763.6585176219187
Tropics,SAT1,223,16196.527447891443,16251.4798010745
Tropics,SAT1,997,17670.720532029958,17724.818288917195
Tropics,SAT1,1059,17749.002847598433,17803.716208447684
Tropics,SAT1,818,19390.52598105544,19445.990856601205
Tropics,SAT1,158,15978.93618519762,16035.589883332388
Tropics,SAT1,1080,7499.409222490314,7555.683624927165
Tropics,SAT1,996,17603.564012283638,17658.39900206514
Tropics,SAT1,876,392.53157472645114,446.58600984718737
Tropics,SAT1,499,16690.52963028703,16745.104760704122
Tropics,SAT1,998,17739.51799647769,17794.98247055164
Tropics,SAT1,1123,12252.769848457832,12307.48949499459
Tropics,SAT1,1123,18203.24643252147,18260.049948971904
Tropics,SAT1,939,6165.11224902558,6219.493672696456
Tropics,SAT1,342,3207.5670137954207,3262.1726031290814
Tropics,SAT1,932,17599.79215638627,17655.076824067128
Tropics,SAT1,94,9548.508674961415,9603.362704004276
Tropics,SAT1,94,21477.228242331585,21532.74546253189
Tropics,SAT1,550,2864.724292469386,2919.41199040359
Tropics,SAT1,694,2748.4270348592536,2803.5948713155717
Tropics,SAT1,98,3911.3605511092505,3966.483966070262
Tropics,SAT1,98,15840.699393922534,15895.888077694268
Tropics,SAT1,268,14660.123136243714,14714.59633189859
Tropics,SAT1,1119,17891.31244471914,17946.40339045094
Tropics,SAT1,344,3333.4821695985574,3389.619562298618
Tropics,SAT1,278,3419.796439037447,3474.4474867801714
Tropics,SAT1,827,8092.155610376694,8107.1753419074685
Tropics,SAT1,940,6229.581266666554,6283.685519315348
Tropics,SAT1,678,19631.77751108812,19686.525486016126
Tropics,SAT1,410,3124.1910395311174,3178.0252225999975
Tropics,SAT1,1085,1922.4366667763757,1976.9681306611078
Tropics,SAT1,1083,7717.56947807278,7773.662916892468
Tropics,SAT1,1073,935.006655810205,991.2560518991071
Tropics,SAT1,1073,18882.348228647985,18937.31370237835
Tropics,SAT1,102,10203.912918286234,10258.81093732609
Tropics,SAT1,807,365.6643558848351,420.81433676984886
Tropics,SAT1,1065,12241.412439368227,12297.13026969589
Tropics,SAT1,1082,7648.603552429078,7703.014355112002
Tropics,SAT1,152,3551.5363250560313,3600.3571575464116
Tropics,SAT1,96,3758.048282047505,3812.830726812391
Tropics,SAT1,96,9708.54489276114,9765.368543769346
Tropics,SAT1,1079,13371.869170227625,13427.61345442831
Tropics,SAT1,1121,18043.219917690905,18098.032550754986
Tropics,SAT1,1077,13229.105260570188,13283.903247822756
Tropics,SAT1,333,14529.962496168251,14584.699204318713
Tropics,SAT1,1061,17894.676314963595,17950.152465955278
Tropics,SAT1,648,17102.19201085689,17156.206602942035
Tropics,SAT1,868,11777.624069346622,11831.743948626518
Tropics,SAT1,166,10593.46259898418,10647.530064455163
Tropics,SAT1,32,20868.170187765754,20924.332094603822
Tropics,SAT1,360,16693.02117147676,16748.64412543883
Tropics,SAT1,1178,18226.158582018357,18280.78682430327
Tropics,SAT1,429,16693.021171476757,16748.644125438826
Tropics,SAT1,1185,6927.383795688248,6982.004992966144
Tropics,SAT1,1185,12870.52416202449,12925.180847879816
Tropics,SAT1,39,9568.15815725662,9623.846814159471
Tropics,SAT1,39,15506.506227438362,15561.1625100149
Tropics,SAT1,39,21447.75116816513,21502.651204384987
Tropics,SAT1,683,13984.70975657265,14038.872927250673
Tropics,SAT1,439,5404.823930248368,5458.439385633461
Tropics,SAT1,726,11578.890683307038,11634.098963106833
Tropics,SAT1,44,4040.54969237894,4095.2354974314694
Tropics,SAT1,44,9983.553401334439,10038.178709983482
Tropics,SAT1,871,6022.493685121921,6077.650571724282
Tropics,SAT1,542,14278.350529779877,14332.740059158208
Tropics,SAT1,92,9396.58692395771,9451.746167032363
Tropics,SAT1,92,15344.66684908996,15401.160888349787
Tropics,SAT1,296,10883.783578714447,10938.060798494582
Tropics,SAT1,1125,12406.069300193501,12461.155811498684
Tropics,SAT1,357,16450.02673434337,16505.012713837314
Tropics,SAT1,612,14069.229819910879,14124.458440533734
Tropics,SAT1,153,3614.678542250805,3669.1255739733438
Tropics,SAT1,368,5295.154935174469,5348.831100926632
Tropics,SAT1,796,11582.48128462204,11637.101676940712
Tropics,SAT1,234,5087.4272164865715,5141.514869259239
Tropics,SAT1,931,17534.543701599865,17588.456704767657
Tropics,SAT1,1064,12167.22376329962,12221.601149207292
Tropics,SAT1,896,8006.537521059843,8060.443791029289
Tropics,SAT1,35,21113.7342676721,21168.37560236075
Tropics,SAT1,270,14790.35016877261,14846.67045692729
Tropics,SAT1,679,19691.74897443303,19745.45384840895
Tropics,SAT1,1182,12618.563999873746,12673.190506725443
Tropics,SAT1,1182,18561.361170284774,18616.063132956482
Tropics,SAT1,1187,1153.849149634895,1208.6964102503778
Tropics,SAT1,1187,7095.629277350567,7150.281426564337
Tropics,SAT1,1187,13032.306394659043,13088.138091404659
Tropics,SAT1,103,10281.628826284545,10336.052307238751
Tropics,SAT1,1128,6690.746154909637,6745.340380756688
Tropics,SAT1,1128,18618.316612517807,18674.21576660893
Tropics,SAT1,363,10933.743987777936,10987.751056494018
Tropics,SAT1,430,16751.37584330084,16805.030069573106
Tropics,SAT1,215,3558.3134988092675,3613.185008070717
Tropics,SAT1,500,16751.37584330084,16805.030069573102
Tropics,SAT1,206,14834.692228993255,14888.85373878385
Tropics,SAT1,1074,18956.116165473264,19010.425851072167
Tropics,SAT1,428,16633.885314629628,16687.575106604538
Tropics,SAT1,957,13582.144890736503,13636.332933180645
Tropics,SAT1,51,4566.845919692533,4621.507488463887
Tropics,SAT1,89,15109.569255989618,15164.128264377818
Tropics,SAT1,887,19328.884673506833,19382.820078101617
Tropics,SAT1,88,15035.345839825251,15091.057377639072
Tropics,SAT1,88,20980.969028193223,21037.116162132144
Tropics,SAT1,1016,19166.897675335353,19222.572445126025
Tropics,SAT1,207,14903.381233806147,14958.775096539242
Tropics,SAT1,106,4566.845919692531,4621.507488463886
Tropics,SAT1,1067,6441.396259528762,6495.819978134785
Tropics,SAT1,1129,6769.140973069978,6824.54438932865
Tropics,SAT1,1129,18698.58204237516,18753.51700157903
Tropics,SAT1,87,20901.22091475359,20956.353704353394
Tropics,SAT1,229,10707.772122921964,10761.785052153262
Tropics,SAT1,202,20507.029480645495,20561.24382788267
Tropics,SAT1,1026,2014.1458606732697,2069.898528882386
Tropics,SAT1,264,20344.793432821578,20398.88649480179
Tropics,SAT1,961,7897.594440076067,7951.59864851207
Tropics,SAT1,1130,901.4843378754301,956.5880479004982
Tropics,SAT1,1130,6849.488998288673,6905.949935063262
Tropics,SAT1,1130,18776.290919783783,18830.76310113734
Tropics,SAT1,49,4457.927578299367,4512.823738543513
Tropics,SAT1,793,17343.29392558804,17397.939592454168
Tropics,SAT1,501,16808.37217318828,16862.68344414172
Tropics,SAT1,572,16808.372173188276,16862.683444141716
Tropics,SAT1,1002,12066.948113950868,12122.119487484042
Tropics,SAT1,657,5748.13780803004,5801.684630241414
Tropics,SAT1,93,9471.492392825485,9525.968136519168
Tropics,SAT1,93,21395.623144944642,21452.20042175099
Tropics,SAT1,99,3991.0940102904865,4047.230124589061
Tropics,SAT1,99,15919.3281425649,15973.823943051257
Tropics,SAT1,877,455.25960500621505,509.4673352917542
Tropics,SAT1,507,11220.314471748516,11274.377766476126
Tropics,SAT1,1124,12328.361707676766,12382.821308677694
Tropics,SAT1,617,8417.956958026576,8472.621444759674
Tropics,SAT1,273,9039.723212274492,9093.73192573027
Tropics,SAT1,945,609.9353209889324,665.1970410681234
Tropics,SAT1,159,16055.986134442011,16110.803098593735
Tropics,SAT1,613,14128.533791289923,14182.174373937756
Tropics,SAT1,150,9340.634749610794,9395.128099351066
Tropics,SAT1,1131,976.3674662791249,1030.7905432630248
Tropics,SAT1,1131,12900.412178841836,12957.014943450291
Tropics,SAT1,1131,18850.881631729633,18905.89504527821
Tropics,SAT1,608,19780.099326816897,19833.800495996988
Tropics,SAT1,143,20721.50966035981,20776.935701074595
Tropics,SAT1,277,3354.9539680790385,3409.0527125310264
Tropics,SAT1,1006,6394.415318548186,6449.3252587941115
Tropics,SAT1,941,6295.294947354069,6351.509722077105
Tropics,SAT1,86,20823.492051692356,20878.004106503926
Tropics,SAT1,369,5354.861976030248,5409.825947540935
Tropics,SAT1,797,11643.440699359926,11697.173755281201
Tropics,SAT1,233,5022.416512114966,5076.806334739281
Tropics,SAT1,930,17470.3683489477,17525.421739287565
Tropics,SAT1,211,9230.82915691156,9285.945833089321
Tropics,SAT1,1028,2151.4323410174898,2206.190810917224
Tropics,SAT1,434,11047.827829570137,11101.754010314837
Tropics,SAT1,721,17222.252694366896,17276.584506886466
Tropics,SAT1,290,16392.71840486752,16446.62853965633
Tropics,SAT1,1014,19032.66899759836,19087.577672375897
Tropics,SAT1,1068,6513.701263879794,6568.1795285057215
Tropics,SAT1,149,9268.446772680045,9323.005456328467
Tropics,SAT1,46,4208.041770665098,4262.700140226377
Tropics,SAT1,46,10148.075645867038,10203.17830083133
Tropics,SAT1,1010,721.9184483961754,776.6000033696616
Tropics,SAT1,720,17162.27926034585,17216.019987303247
Tropics,SAT1,618,8476.90709671815,8530.610135508145
Tropics,SAT1,1192,1571.5279936306497,1626.2305611859165
Tropics,SAT1,511,5513.897052379479,5567.480674519279
Tropics,SAT1,100,10041.473919313466,10098.38348489482
Tropics,SAT1,100,15995.013026627234,16049.646328891107
Tropics,SAT1,161,16199.228085836607,16254.736212142858
Tropics,SAT1,111,4890.624438688518,4908.71285813307
Tropics,SAT1,34,21030.38437516554,21085.069890630133
Tropics,SAT1,506,11161.214822995778,11215.05143108248
Tropics,SAT1,801,5943.611672094688,5997.511392505774
Tropics,SAT1,953,19266.297474756495,19320.972451593454
Tropics,SAT1,265,20409.644878973308,20464.313305930176
Tropics,SAT1,962,7960.251468133009,8015.706458536181
Tropics,SAT1,579,11273.460937042211,11327.23814490328
Tropics,SAT1,401,14462.936814623388,14516.714266821264
Tropics,SAT1,829,8174.638526348355,8229.210331906039
Tropics,SAT1,301,5252.474794108266,5308.096973873373
Tropics,SAT1,47,4292.298715790427,4346.93396527879
Tropics,SAT1,47,10226.86644158144,10283.178601377253
Tropics,SAT1,480,3024.1262838291605,3077.8287403628697
Tropics,SAT1,230,10771.582375209913,10826.15151302476
Tropics,SAT1,291,16455.34623322415,16510.71432066985
Tropics,SAT1,397,20162.776442131682,20217.115870773814
Tropics,SAT1,0,4537.666468152388,4593.454443175137
Tropics,SAT1,154,3687.134585824252,3741.739354224564
Tropics,SAT1,872,6085.021488938542,6138.796669496526
Tropics,SAT1,330,20285.24155692495,20339.80167937027
Tropics,SAT1,895,7941.6331668543635,7997.289108018127
Tropics,SAT1,1063,12095.183876118728,12149.734986007474
Tropics,SAT1,335,14655.79689692902,14711.733845952338
Tropics,SAT1,900,2313.397389595427,2367.796326510122
Tropics,SAT1,50,4537.666468152387,4593.4544431751365
Tropics,SAT1,802,6004.528626269072,6058.743446840924
Tropics,SAT1,145,14922.24653391926,14976.951568841065
Tropics,SAT1,1072,860.2162752967059,914.8200187746271
Tropics,SAT1,1072,18805.0733775102,18861.93168536654
Tropics,SAT1,1176,18062.847352898963,18118.488685096338
Tropics,SAT1,41,9731.481626669936,9786.132215273159
Tropics,SAT1,41,15674.699929488295,15729.323415952891
Tropics,GEO3,594,21355.71799017511,21600.0
Tropics,GEO3,590,4199.003417811306,5318.905080294052
Tropics,GEO3,589,0.0,1026.7527189727396
Tropics,GEO3,592,12774.459488103106,13905.386569296612
Tropics,GEO3,593,17063.91833956383,18196.40748299998
Tropics,GEO3,591,8486.709274237612,9612.386184276851
Tropics,GEO2,641,17069.87148090527,18189.980214441388
Tropics,GEO2,642,21362.110919606803,21600.0
Tropics,GEO2,638,4192.5128575147255,5324.961946699448
Tropics,GEO2,637,0.0,1033.0699767396634
Tropics,GEO2,640,12776.372195909651,13902.311346621143
Tropics,GEO2,639,8483.432115229567,9614.517702513529
