0,Soil Moisture,-35.0,80.68965517241375,38.793438671243244,38.93623879301606,43238.793438671244,Accuracy,0.01,0.017,0.05,%,Temporal,6.0,10.0,12.0,hrs,Spatial,0.5,0.75,1.0,km
1,Soil Moisture,-35.0,-6.206896551724182,93.54355088971599,94.41524354692066,43293.54355088971,Accuracy,0.01,0.017,0.05,%,Temporal,6.0,10.0,12.0,hrs,Spatial,0.5,0.75,1.0,km
2,Soil Moisture,-30.000000000000004,81.29032258064525,247.28938974103184,247.35224042949147,43447.28938974103,Accuracy,0.01,0.017,0.05,%,Temporal,6.0,10.0,12.0,hrs,Spatial,0.5,0.75,1.0,km
3,Soil Moisture,10.0,-159.42857142857144,289.50461630464224,289.7561120666591,43489.50461630464,Accuracy,0.01,0.017,0.05,%,Temporal,6.0,10.0,12.0,hrs,Spatial,0.5,0.75,1.0,km
4,Soil Moisture,-15.000000000000002,91.30434782608691,305.3292183299489,305.49875998501574,43505.32921832995,Accuracy,0.01,0.017,0.05,%,Temporal,6.0,10.0,12.0,hrs,Spatial,0.5,0.75,1.0,km
5,Soil Moisture,-20.0,2.6865671641791646,361.9784205766933,362.13239209986375,43561.97842057669,Accuracy,0.01,0.017,0.05,%,Temporal,6.0,10.0,12.0,hrs,Spatial,0.5,0.75,1.0,km
6,Soil Moisture,35.0,12.413793103448231,383.6886433314655,383.99123078098785,43583.688643331465,Accuracy,0.01,0.017,0.05,%,Temporal,6.0,10.0,12.0,hrs,Spatial,0.5,0.75,1.0,km
7,Soil Moisture,10.0,71.99999999999994,393.1269826062074,393.3281511597372,43593.126982606205,Accuracy,0.01,0.017,0.05,%,Temporal,6.0,10.0,12.0,hrs,Spatial,0.5,0.75,1.0,km
8,Soil Moisture,-35.0,-117.93103448275869,455.439823686999,456.1168654408415,43655.439823687,Accuracy,0.01,0.017,0.05,%,Temporal,6.0,10.0,12.0,hrs,Spatial,0.5,0.75,1.0,km
9,Soil Moisture,10.0,143.9999999999999,458.32611981658494,458.7662851602346,43658.326119816586,Accuracy,0.01,0.017,0.05,%,Temporal,6.0,10.0,12.0,hrs,Spatial,0.5,0.75,1.0,km
10,Soil Moisture,15.000000000000002,13.043478260869495,604.1984997418411,604.7110830552366,43804.19849974184,Accuracy,0.01,0.017,0.05,%,Temporal,6.0,10.0,12.0,hrs,Spatial,0.5,0.75,1.0,km
11,Soil Moisture,40.0,88.3636363636363,666.744608103184,667.9861595834749,43866.74460810318,Accuracy,0.01,0.017,0.05,%,Temporal,6.0,10.0,12.0,hrs,Spatial,0.5,0.75,1.0,km
12,Soil Moisture,-15.000000000000002,91.30434782608691,790.8825619222278,790.975345213144,43990.882561922226,Accuracy,0.01,0.017,0.05,%,Temporal,6.0,10.0,12.0,hrs,Spatial,0.5,0.75,1.0,km
13,Soil Moisture,-10.0,82.28571428571422,823.1720186302978,823.4709407012452,44023.1720186303,Accuracy,0.01,0.017,0.05,%,Temporal,6.0,10.0,12.0,hrs,Spatial,0.5,0.75,1.0,km
14,Soil Moisture,-25.0,91.3846153846154,867.9728458502337,868.2192955599651,44067.972845850236,Accuracy,0.01,0.017,0.05,%,Temporal,6.0,10.0,12.0,hrs,Spatial,0.5,0.75,1.0,km
15,Soil Moisture,5.0,88.73239436619706,878.7523933437236,879.2054334833009,44078.752393343726,Accuracy,0.01,0.017,0.05,%,Temporal,6.0,10.0,12.0,hrs,Spatial,0.5,0.75,1.0,km
16,Soil Moisture,25.0,152.30769230769232,958.0482879732106,958.500009475477,44158.04828797321,Accuracy,0.01,0.017,0.05,%,Temporal,6.0,10.0,12.0,hrs,Spatial,0.5,0.75,1.0,km
17,Soil Moisture,-20.0,-67.16417910447757,1022.5606296695862,1022.6957779809588,44222.560629669584,Accuracy,0.01,0.017,0.05,%,Temporal,6.0,10.0,12.0,hrs,Spatial,0.5,0.75,1.0,km
18,Soil Moisture,30.000000000000004,63.87096774193556,1093.6780036195555,1094.2668326011908,44293.678003619556,Accuracy,0.01,0.017,0.05,%,Temporal,6.0,10.0,12.0,hrs,Spatial,0.5,0.75,1.0,km
19,Soil Moisture,-15.000000000000002,75.65217391304343,1210.3009708529084,1210.7369849582478,44410.300970852906,Accuracy,0.01,0.017,0.05,%,Temporal,6.0,10.0,12.0,hrs,Spatial,0.5,0.75,1.0,km
20,Soil Moisture,45.0,-21.600000000000044,1288.8415616259504,1289.23496366515,44488.84156162595,Accuracy,0.01,0.017,0.05,%,Temporal,6.0,10.0,12.0,hrs,Spatial,0.5,0.75,1.0,km
21,Soil Moisture,-5.0,-159.71830985915494,1336.8032865542204,1337.1142684338536,44536.80328655422,Accuracy,0.01,0.017,0.05,%,Temporal,6.0,10.0,12.0,hrs,Spatial,0.5,0.75,1.0,km
22,Soil Moisture,45.0,-28.800000000000047,1372.0661655970089,1372.316707646643,44572.06616559701,Accuracy,0.01,0.017,0.05,%,Temporal,6.0,10.0,12.0,hrs,Spatial,0.5,0.75,1.0,km
23,Soil Moisture,-25.0,-91.38461538461534,1405.370259542723,1405.8458484101213,44605.370259542724,Accuracy,0.01,0.017,0.05,%,Temporal,6.0,10.0,12.0,hrs,Spatial,0.5,0.75,1.0,km
24,Soil Moisture,-20.0,-34.9253731343283,1525.9131308183476,1526.1063611527043,44725.91313081835,Accuracy,0.01,0.017,0.05,%,Temporal,6.0,10.0,12.0,hrs,Spatial,0.5,0.75,1.0,km
25,Soil Moisture,-40.0,-134.18181818181827,1537.3619532112164,1537.392595054755,44737.36195321121,Accuracy,0.01,0.017,0.05,%,Temporal,6.0,10.0,12.0,hrs,Spatial,0.5,0.75,1.0,km
26,Soil Moisture,-15.000000000000002,96.52173913043474,1557.5212441731362,1558.2311357782862,44757.521244173135,Accuracy,0.01,0.017,0.05,%,Temporal,6.0,10.0,12.0,hrs,Spatial,0.5,0.75,1.0,km
27,Soil Moisture,-35.0,-117.93103448275869,1598.5682191280846,1598.5748146791082,44798.56821912809,Accuracy,0.01,0.017,0.05,%,Temporal,6.0,10.0,12.0,hrs,Spatial,0.5,0.75,1.0,km
28,Soil Moisture,45.0,-7.200000000000045,1647.5849066790581,1647.920382145412,44847.58490667906,Accuracy,0.01,0.017,0.05,%,Temporal,6.0,10.0,12.0,hrs,Spatial,0.5,0.75,1.0,km
29,Soil Moisture,-40.0,75.27272727272721,1884.817506403902,1885.1581733434682,45084.8175064039,Accuracy,0.01,0.017,0.05,%,Temporal,6.0,10.0,12.0,hrs,Spatial,0.5,0.75,1.0,km
30,Soil Moisture,10.0,15.428571428571354,2164.1487468841256,2164.5538950189757,45364.14874688412,Accuracy,0.01,0.017,0.05,%,Temporal,6.0,10.0,12.0,hrs,Spatial,0.5,0.75,1.0,km
31,Soil Moisture,-35.0,-111.72413793103455,2172.188092569598,2172.288754632727,45372.188092569595,Accuracy,0.01,0.017,0.05,%,Temporal,6.0,10.0,12.0,hrs,Spatial,0.5,0.75,1.0,km
32,Soil Moisture,-45.0,-115.20000000000009,2196.8167127455417,2196.971898996818,45396.816712745545,Accuracy,0.01,0.017,0.05,%,Temporal,6.0,10.0,12.0,hrs,Spatial,0.5,0.75,1.0,km
33,Soil Moisture,-45.0,179.99999999999991,2226.7066022206754,2227.104701250702,45426.70660222068,Accuracy,0.01,0.017,0.05,%,Temporal,6.0,10.0,12.0,hrs,Spatial,0.5,0.75,1.0,km
34,Soil Moisture,5.0,-119.15492957746483,2248.2346982807867,2248.7556667347308,45448.23469828079,Accuracy,0.01,0.017,0.05,%,Temporal,6.0,10.0,12.0,hrs,Spatial,0.5,0.75,1.0,km
35,Soil Moisture,-15.000000000000002,127.82608695652169,2283.670207921334,2284.2241304899117,45483.670207921336,Accuracy,0.01,0.017,0.05,%,Temporal,6.0,10.0,12.0,hrs,Spatial,0.5,0.75,1.0,km
36,Soil Moisture,-5.0,-114.08450704225356,2297.682492051254,2298.0495271793147,45497.68249205125,Accuracy,0.01,0.017,0.05,%,Temporal,6.0,10.0,12.0,hrs,Spatial,0.5,0.75,1.0,km
37,Soil Moisture,-10.0,-159.42857142857144,2323.845590850328,2324.260718604961,45523.84559085033,Accuracy,0.01,0.017,0.05,%,Temporal,6.0,10.0,12.0,hrs,Spatial,0.5,0.75,1.0,km
38,Soil Moisture,-10.0,41.142857142857075,2480.4286316639673,2481.105099412425,45680.42863166397,Accuracy,0.01,0.017,0.05,%,Temporal,6.0,10.0,12.0,hrs,Spatial,0.5,0.75,1.0,km
39,Soil Moisture,30.000000000000004,-81.29032258064507,2504.7606595277166,2504.963311332083,45704.76065952772,Accuracy,0.01,0.017,0.05,%,Temporal,6.0,10.0,12.0,hrs,Spatial,0.5,0.75,1.0,km
40,Soil Moisture,-35.0,-80.68965517241384,2509.926548990595,2510.3387822516543,45709.926548990596,Accuracy,0.01,0.017,0.05,%,Temporal,6.0,10.0,12.0,hrs,Spatial,0.5,0.75,1.0,km
41,Soil Moisture,15.000000000000002,122.60869565217389,2651.480981518205,2652.0261565736773,45851.48098151821,Accuracy,0.01,0.017,0.05,%,Temporal,6.0,10.0,12.0,hrs,Spatial,0.5,0.75,1.0,km
42,Soil Moisture,0.0,155.0,2667.387855425897,2667.898335737936,45867.3878554259,Accuracy,0.01,0.017,0.05,%,Temporal,6.0,10.0,12.0,hrs,Spatial,0.5,0.75,1.0,km
43,Soil Moisture,-45.0,-57.60000000000005,2715.633793967685,2715.978563434471,45915.63379396768,Accuracy,0.01,0.017,0.05,%,Temporal,6.0,10.0,12.0,hrs,Spatial,0.5,0.75,1.0,km
44,Soil Moisture,-5.0,159.71830985915477,2797.1192976008474,2797.800849322071,45997.119297600846,Accuracy,0.01,0.017,0.05,%,Temporal,6.0,10.0,12.0,hrs,Spatial,0.5,0.75,1.0,km
45,Soil Moisture,-10.0,-61.7142857142858,2833.5314910806205,2833.957464810573,46033.53149108062,Accuracy,0.01,0.017,0.05,%,Temporal,6.0,10.0,12.0,hrs,Spatial,0.5,0.75,1.0,km
46,Soil Moisture,-30.000000000000004,81.29032258064525,2878.9560265620776,2879.1994818842877,46078.956026562075,Accuracy,0.01,0.017,0.05,%,Temporal,6.0,10.0,12.0,hrs,Spatial,0.5,0.75,1.0,km
47,Soil Moisture,5.0,-83.66197183098598,2882.906131757195,2883.123239018218,46082.9061317572,Accuracy,0.01,0.017,0.05,%,Temporal,6.0,10.0,12.0,hrs,Spatial,0.5,0.75,1.0,km
48,Soil Moisture,-20.0,120.89552238805975,2897.842425682127,2898.7534579951393,46097.84242568212,Accuracy,0.01,0.017,0.05,%,Temporal,6.0,10.0,12.0,hrs,Spatial,0.5,0.75,1.0,km
49,Soil Moisture,10.0,97.71428571428564,3017.1083626035515,3017.304802482785,46217.108362603554,Accuracy,0.01,0.017,0.05,%,Temporal,6.0,10.0,12.0,hrs,Spatial,0.5,0.75,1.0,km
50,Soil Moisture,-15.000000000000002,-86.08695652173922,3077.3452488918865,3077.406629832351,46277.345248891885,Accuracy,0.01,0.017,0.05,%,Temporal,6.0,10.0,12.0,hrs,Spatial,0.5,0.75,1.0,km
51,Soil Moisture,25.0,91.3846153846154,3086.3711230705503,3086.4082191911643,46286.37112307055,Accuracy,0.01,0.017,0.05,%,Temporal,6.0,10.0,12.0,hrs,Spatial,0.5,0.75,1.0,km
52,Soil Moisture,-25.0,69.23076923076927,3178.280174570597,3178.547123195082,46378.280174570595,Accuracy,0.01,0.017,0.05,%,Temporal,6.0,10.0,12.0,hrs,Spatial,0.5,0.75,1.0,km
53,Soil Moisture,15.000000000000002,-86.08695652173922,3178.6653882727705,3179.710504998577,46378.66538827277,Accuracy,0.01,0.017,0.05,%,Temporal,6.0,10.0,12.0,hrs,Spatial,0.5,0.75,1.0,km
54,Soil Moisture,-40.0,55.636363636363576,3275.9180759915557,3276.0225692659355,46475.918075991554,Accuracy,0.01,0.017,0.05,%,Temporal,6.0,10.0,12.0,hrs,Spatial,0.5,0.75,1.0,km
55,Soil Moisture,0.0,65.0,3350.9265418282516,3351.182257646974,46550.92654182825,Accuracy,0.01,0.017,0.05,%,Temporal,6.0,10.0,12.0,hrs,Spatial,0.5,0.75,1.0,km
56,Soil Moisture,20.0,-18.80597014925367,3432.894843548457,3433.2595805454803,46632.894843548456,Accuracy,0.01,0.017,0.05,%,Temporal,6.0,10.0,12.0,hrs,Spatial,0.5,0.75,1.0,km
57,Soil Moisture,-45.0,-4.440892098500626E-14,3442.137164002307,3442.64405505746,46642.137164002306,Accuracy,0.01,0.017,0.05,%,Temporal,6.0,10.0,12.0,hrs,Spatial,0.5,0.75,1.0,km
58,Soil Moisture,-20.0,-61.791044776119364,3510.204713476293,3510.5846744054465,46710.20471347629,Accuracy,0.01,0.017,0.05,%,Temporal,6.0,10.0,12.0,hrs,Spatial,0.5,0.75,1.0,km
59,Soil Moisture,-40.0,-147.27272727272734,3525.987053158427,3526.132735492312,46725.987053158424,Accuracy,0.01,0.017,0.05,%,Temporal,6.0,10.0,12.0,hrs,Spatial,0.5,0.75,1.0,km
60,Soil Moisture,-20.0,-88.65671641791039,3650.3690735957293,3650.4169923578684,46850.36907359573,Accuracy,0.01,0.017,0.05,%,Temporal,6.0,10.0,12.0,hrs,Spatial,0.5,0.75,1.0,km
61,Soil Moisture,-45.0,-64.80000000000005,3750.211274194712,3751.108079372032,46950.21127419471,Accuracy,0.01,0.017,0.05,%,Temporal,6.0,10.0,12.0,hrs,Spatial,0.5,0.75,1.0,km
62,Soil Moisture,25.0,-91.38461538461534,3873.3799504294375,3874.731030900839,47073.37995042944,Accuracy,0.01,0.017,0.05,%,Temporal,6.0,10.0,12.0,hrs,Spatial,0.5,0.75,1.0,km
63,Soil Moisture,25.0,-41.53846153846151,3903.5750307649973,3903.9848559232337,47103.575030764994,Accuracy,0.01,0.017,0.05,%,Temporal,6.0,10.0,12.0,hrs,Spatial,0.5,0.75,1.0,km
64,Soil Moisture,-35.0,80.68965517241375,3935.7785971322487,3935.809972390859,47135.77859713225,Accuracy,0.01,0.017,0.05,%,Temporal,6.0,10.0,12.0,hrs,Spatial,0.5,0.75,1.0,km
65,Soil Moisture,20.0,142.38805970149258,4008.9576269297677,4008.994110409744,47208.95762692977,Accuracy,0.01,0.017,0.05,%,Temporal,6.0,10.0,12.0,hrs,Spatial,0.5,0.75,1.0,km
66,Soil Moisture,-15.000000000000002,-174.7826086956522,4149.924184646967,4149.93498831696,47349.92418464697,Accuracy,0.01,0.017,0.05,%,Temporal,6.0,10.0,12.0,hrs,Spatial,0.5,0.75,1.0,km
67,Soil Moisture,-30.000000000000004,-127.74193548387092,4157.536245900282,4158.177728539353,47357.53624590028,Accuracy,0.01,0.017,0.05,%,Temporal,6.0,10.0,12.0,hrs,Spatial,0.5,0.75,1.0,km
68,Soil Moisture,-20.0,99.40298507462691,4172.654850205176,4172.657386166221,47372.654850205174,Accuracy,0.01,0.017,0.05,%,Temporal,6.0,10.0,12.0,hrs,Spatial,0.5,0.75,1.0,km
69,Soil Moisture,-10.0,46.28571428571422,4195.326570715295,4195.3378182191755,47395.3265707153,Accuracy,0.01,0.017,0.05,%,Temporal,6.0,10.0,12.0,hrs,Spatial,0.5,0.75,1.0,km
70,Soil Moisture,35.0,111.72413793103446,4239.840713199177,4239.8501343845655,47439.84071319918,Accuracy,0.01,0.017,0.05,%,Temporal,6.0,10.0,12.0,hrs,Spatial,0.5,0.75,1.0,km
71,Soil Moisture,-10.0,-46.28571428571436,4283.742065963459,4284.001260958138,47483.74206596346,Accuracy,0.01,0.017,0.05,%,Temporal,6.0,10.0,12.0,hrs,Spatial,0.5,0.75,1.0,km
72,Soil Moisture,20.0,-94.0298507462686,4553.505648160901,4553.632686219634,47753.5056481609,Accuracy,0.01,0.017,0.05,%,Temporal,6.0,10.0,12.0,hrs,Spatial,0.5,0.75,1.0,km
73,Soil Moisture,-40.0,88.3636363636363,4652.763409430547,4652.807524110366,47852.76340943055,Accuracy,0.01,0.017,0.05,%,Temporal,6.0,10.0,12.0,hrs,Spatial,0.5,0.75,1.0,km
74,Soil Moisture,5.0,124.2253521126759,4656.140260578723,4656.17091679205,47856.14026057872,Accuracy,0.01,0.017,0.05,%,Temporal,6.0,10.0,12.0,hrs,Spatial,0.5,0.75,1.0,km
75,Soil Moisture,-45.0,-79.20000000000006,4728.831007162707,4728.914921764421,47928.831007162706,Accuracy,0.01,0.017,0.05,%,Temporal,6.0,10.0,12.0,hrs,Spatial,0.5,0.75,1.0,km
76,Soil Moisture,-35.0,-18.62068965517246,4746.920078253687,4747.309487601813,47946.92007825369,Accuracy,0.01,0.017,0.05,%,Temporal,6.0,10.0,12.0,hrs,Spatial,0.5,0.75,1.0,km
77,Soil Moisture,-30.000000000000004,150.967741935484,4803.828113992092,4803.836815222496,48003.828113992095,Accuracy,0.01,0.017,0.05,%,Temporal,6.0,10.0,12.0,hrs,Spatial,0.5,0.75,1.0,km
78,Soil Moisture,-35.0,-18.62068965517246,4838.291841471278,4838.334980933146,48038.29184147128,Accuracy,0.01,0.017,0.05,%,Temporal,6.0,10.0,12.0,hrs,Spatial,0.5,0.75,1.0,km
79,Soil Moisture,-5.0,78.59154929577453,4848.46457952973,4848.918810030483,48048.46457952973,Accuracy,0.01,0.017,0.05,%,Temporal,6.0,10.0,12.0,hrs,Spatial,0.5,0.75,1.0,km
80,Soil Moisture,-5.0,17.746478873239347,4849.0381854451925,4849.1886659929605,48049.03818544519,Accuracy,0.01,0.017,0.05,%,Temporal,6.0,10.0,12.0,hrs,Spatial,0.5,0.75,1.0,km
81,Soil Moisture,35.0,-80.68965517241384,4925.406335599858,4925.486521943008,48125.40633559986,Accuracy,0.01,0.017,0.05,%,Temporal,6.0,10.0,12.0,hrs,Spatial,0.5,0.75,1.0,km
82,Soil Moisture,0.0,-135.0,4967.254512194257,4967.263092109158,48167.25451219425,Accuracy,0.01,0.017,0.05,%,Temporal,6.0,10.0,12.0,hrs,Spatial,0.5,0.75,1.0,km
83,Soil Moisture,5.0,-129.29577464788736,4990.918819938636,4991.343753047638,48190.91881993863,Accuracy,0.01,0.017,0.05,%,Temporal,6.0,10.0,12.0,hrs,Spatial,0.5,0.75,1.0,km
84,Soil Moisture,-25.0,-180.0,4992.2453138991195,4992.5742652578,48192.24531389912,Accuracy,0.01,0.017,0.05,%,Temporal,6.0,10.0,12.0,hrs,Spatial,0.5,0.75,1.0,km
85,Soil Moisture,45.0,-136.80000000000007,5051.134730505807,5051.400916719156,48251.13473050581,Accuracy,0.01,0.017,0.05,%,Temporal,6.0,10.0,12.0,hrs,Spatial,0.5,0.75,1.0,km
86,Soil Moisture,10.0,-77.14285714285722,5064.928849648261,5065.463772129327,48264.92884964826,Accuracy,0.01,0.017,0.05,%,Temporal,6.0,10.0,12.0,hrs,Spatial,0.5,0.75,1.0,km
87,Soil Moisture,-5.0,-22.816901408450796,5075.514592916091,5075.544127354757,48275.51459291609,Accuracy,0.01,0.017,0.05,%,Temporal,6.0,10.0,12.0,hrs,Spatial,0.5,0.75,1.0,km
88,Soil Moisture,20.0,-2.6865671641790447,5188.846887388319,5189.2298327851095,48388.84688738832,Accuracy,0.01,0.017,0.05,%,Temporal,6.0,10.0,12.0,hrs,Spatial,0.5,0.75,1.0,km
89,Soil Moisture,15.000000000000002,143.47826086956516,5559.098957282788,5559.49063861775,48759.09895728279,Accuracy,0.01,0.017,0.05,%,Temporal,6.0,10.0,12.0,hrs,Spatial,0.5,0.75,1.0,km
90,Soil Moisture,0.0,-50.0,5619.458750437471,5619.6658056401975,48819.45875043747,Accuracy,0.01,0.017,0.05,%,Temporal,6.0,10.0,12.0,hrs,Spatial,0.5,0.75,1.0,km
91,Soil Moisture,35.0,93.10344827586204,5645.922233593038,5646.10255984329,48845.92223359304,Accuracy,0.01,0.017,0.05,%,Temporal,6.0,10.0,12.0,hrs,Spatial,0.5,0.75,1.0,km
92,Soil Moisture,-45.0,43.19999999999996,5687.213326304054,5687.6609817964,48887.21332630405,Accuracy,0.01,0.017,0.05,%,Temporal,6.0,10.0,12.0,hrs,Spatial,0.5,0.75,1.0,km
93,Soil Moisture,-40.0,9.818181818181753,5737.972217178863,5738.065933225289,48937.97221717886,Accuracy,0.01,0.017,0.05,%,Temporal,6.0,10.0,12.0,hrs,Spatial,0.5,0.75,1.0,km
94,Soil Moisture,30.000000000000004,110.32258064516141,5754.789294316373,5754.8571204408345,48954.789294316375,Accuracy,0.01,0.017,0.05,%,Temporal,6.0,10.0,12.0,hrs,Spatial,0.5,0.75,1.0,km
95,Soil Moisture,30.000000000000004,-11.612903225806361,5818.078953257568,5818.17259348551,49018.078953257565,Accuracy,0.01,0.017,0.05,%,Temporal,6.0,10.0,12.0,hrs,Spatial,0.5,0.75,1.0,km
96,Soil Moisture,15.000000000000002,179.99999999999986,5855.162527932805,5855.271369544291,49055.16252793281,Accuracy,0.01,0.017,0.05,%,Temporal,6.0,10.0,12.0,hrs,Spatial,0.5,0.75,1.0,km
97,Soil Moisture,10.0,20.5714285714285,5869.424621223547,5869.511787945949,49069.424621223545,Accuracy,0.01,0.017,0.05,%,Temporal,6.0,10.0,12.0,hrs,Spatial,0.5,0.75,1.0,km
98,Soil Moisture,-15.000000000000002,-33.913043478260946,5944.101373320332,5944.792472963304,49144.10137332033,Accuracy,0.01,0.017,0.05,%,Temporal,6.0,10.0,12.0,hrs,Spatial,0.5,0.75,1.0,km
99,Soil Moisture,-10.0,143.9999999999999,5975.44567666152,5975.520570795376,49175.44567666152,Accuracy,0.01,0.017,0.05,%,Temporal,6.0,10.0,12.0,hrs,Spatial,0.5,0.75,1.0,km
100,Soil Moisture,35.0,12.413793103448231,6106.249024847984,6106.554033206749,49306.24902484798,Accuracy,0.01,0.017,0.05,%,Temporal,6.0,10.0,12.0,hrs,Spatial,0.5,0.75,1.0,km
101,Soil Moisture,-25.0,-157.8461538461538,6124.725509550964,6124.863982229121,49324.72550955096,Accuracy,0.01,0.017,0.05,%,Temporal,6.0,10.0,12.0,hrs,Spatial,0.5,0.75,1.0,km
102,Soil Moisture,10.0,-113.1428571428572,6198.520600978923,6198.549454460875,49398.520600978925,Accuracy,0.01,0.017,0.05,%,Temporal,6.0,10.0,12.0,hrs,Spatial,0.5,0.75,1.0,km
103,Soil Moisture,10.0,87.42857142857136,6202.7509800552725,6203.00969019742,49402.75098005527,Accuracy,0.01,0.017,0.05,%,Temporal,6.0,10.0,12.0,hrs,Spatial,0.5,0.75,1.0,km
104,Soil Moisture,35.0,-4.440892098500626E-14,6247.739603823044,6247.894185237314,49447.73960382304,Accuracy,0.01,0.017,0.05,%,Temporal,6.0,10.0,12.0,hrs,Spatial,0.5,0.75,1.0,km
105,Soil Moisture,-35.0,-6.206896551724182,6252.352485547664,6252.776244282183,49452.352485547664,Accuracy,0.01,0.017,0.05,%,Temporal,6.0,10.0,12.0,hrs,Spatial,0.5,0.75,1.0,km
106,Soil Moisture,25.0,130.15384615384613,6309.187477140336,6309.673379138998,49509.18747714034,Accuracy,0.01,0.017,0.05,%,Temporal,6.0,10.0,12.0,hrs,Spatial,0.5,0.75,1.0,km
107,Soil Moisture,30.000000000000004,-87.0967741935483,6323.868323533382,6324.00503405114,49523.86832353338,Accuracy,0.01,0.017,0.05,%,Temporal,6.0,10.0,12.0,hrs,Spatial,0.5,0.75,1.0,km
108,Soil Moisture,-35.0,-6.206896551724182,6450.4629964187825,6450.701821206724,49650.462996418784,Accuracy,0.01,0.017,0.05,%,Temporal,6.0,10.0,12.0,hrs,Spatial,0.5,0.75,1.0,km
109,Soil Moisture,35.0,117.93103448275862,6455.500180059462,6455.941519082724,49655.50018005946,Accuracy,0.01,0.017,0.05,%,Temporal,6.0,10.0,12.0,hrs,Spatial,0.5,0.75,1.0,km
110,Soil Moisture,25.0,36.000000000000036,6544.745104674707,6544.943302554371,49744.74510467471,Accuracy,0.01,0.017,0.05,%,Temporal,6.0,10.0,12.0,hrs,Spatial,0.5,0.75,1.0,km
111,Soil Moisture,35.0,105.51724137931032,6596.557118016957,6597.189481443542,49796.55711801696,Accuracy,0.01,0.017,0.05,%,Temporal,6.0,10.0,12.0,hrs,Spatial,0.5,0.75,1.0,km
112,Soil Moisture,-35.0,-142.75862068965523,6615.570358864953,6615.726685004202,49815.570358864956,Accuracy,0.01,0.017,0.05,%,Temporal,6.0,10.0,12.0,hrs,Spatial,0.5,0.75,1.0,km
113,Soil Moisture,-30.000000000000004,-52.25806451612893,6686.437639218459,6686.971892764412,49886.43763921846,Accuracy,0.01,0.017,0.05,%,Temporal,6.0,10.0,12.0,hrs,Spatial,0.5,0.75,1.0,km
114,Soil Moisture,-35.0,167.58620689655166,6765.2454452195025,6765.513585111578,49965.2454452195,Accuracy,0.01,0.017,0.05,%,Temporal,6.0,10.0,12.0,hrs,Spatial,0.5,0.75,1.0,km
115,Soil Moisture,-10.0,-133.71428571428575,6981.027233352205,6981.1205665536145,50181.02723335221,Accuracy,0.01,0.017,0.05,%,Temporal,6.0,10.0,12.0,hrs,Spatial,0.5,0.75,1.0,km
116,Soil Moisture,-40.0,-29.454545454545524,6982.962221354933,6983.185268835756,50182.96222135493,Accuracy,0.01,0.017,0.05,%,Temporal,6.0,10.0,12.0,hrs,Spatial,0.5,0.75,1.0,km
117,Soil Moisture,-5.0,2.5352112676055434,7074.38908047868,7074.527864998292,50274.38908047868,Accuracy,0.01,0.017,0.05,%,Temporal,6.0,10.0,12.0,hrs,Spatial,0.5,0.75,1.0,km
118,Soil Moisture,15.000000000000002,59.99999999999994,7184.977298358492,7185.466365380176,50384.97729835849,Accuracy,0.01,0.017,0.05,%,Temporal,6.0,10.0,12.0,hrs,Spatial,0.5,0.75,1.0,km
119,Soil Moisture,-20.0,-56.417910447761145,7215.945859058755,7216.393039162355,50415.94585905875,Accuracy,0.01,0.017,0.05,%,Temporal,6.0,10.0,12.0,hrs,Spatial,0.5,0.75,1.0,km
120,Soil Moisture,-5.0,-164.7887323943662,7246.68365581544,7246.8713249432085,50446.68365581544,Accuracy,0.01,0.017,0.05,%,Temporal,6.0,10.0,12.0,hrs,Spatial,0.5,0.75,1.0,km
121,Soil Moisture,0.0,105.0,7312.65098830353,7312.8372105664075,50512.65098830353,Accuracy,0.01,0.017,0.05,%,Temporal,6.0,10.0,12.0,hrs,Spatial,0.5,0.75,1.0,km
122,Soil Moisture,30.000000000000004,-133.54838709677415,7332.485552826195,7333.144911292733,50532.4855528262,Accuracy,0.01,0.017,0.05,%,Temporal,6.0,10.0,12.0,hrs,Spatial,0.5,0.75,1.0,km
123,Soil Moisture,20.0,174.6268656716419,7384.554057097843,7384.683430091703,50584.55405709784,Accuracy,0.01,0.017,0.05,%,Temporal,6.0,10.0,12.0,hrs,Spatial,0.5,0.75,1.0,km
124,Soil Moisture,0.0,-55.0,7470.550485438958,7471.084327312879,50670.55048543896,Accuracy,0.01,0.017,0.05,%,Temporal,6.0,10.0,12.0,hrs,Spatial,0.5,0.75,1.0,km
125,Soil Moisture,20.0,-51.04477611940293,7727.625133429183,7727.722256924334,50927.62513342918,Accuracy,0.01,0.017,0.05,%,Temporal,6.0,10.0,12.0,hrs,Spatial,0.5,0.75,1.0,km
126,Soil Moisture,25.0,-80.30769230769228,7778.297425133797,7778.943955471928,50978.297425133795,Accuracy,0.01,0.017,0.05,%,Temporal,6.0,10.0,12.0,hrs,Spatial,0.5,0.75,1.0,km
127,Soil Moisture,5.0,-180.0,7814.649411614741,7814.713722076899,51014.649411614744,Accuracy,0.01,0.017,0.05,%,Temporal,6.0,10.0,12.0,hrs,Spatial,0.5,0.75,1.0,km
128,Soil Moisture,-35.0,24.82758620689651,7884.17211535364,7884.229046905595,51084.17211535364,Accuracy,0.01,0.017,0.05,%,Temporal,6.0,10.0,12.0,hrs,Spatial,0.5,0.75,1.0,km
129,Soil Moisture,0.0,-50.0,7901.530731408923,7901.65071115205,51101.53073140892,Accuracy,0.01,0.017,0.05,%,Temporal,6.0,10.0,12.0,hrs,Spatial,0.5,0.75,1.0,km
130,Soil Moisture,5.0,-63.38028169014092,7922.63617012578,7922.642184401319,51122.63617012578,Accuracy,0.01,0.017,0.05,%,Temporal,6.0,10.0,12.0,hrs,Spatial,0.5,0.75,1.0,km
131,Soil Moisture,-15.000000000000002,143.47826086956516,8069.034839862315,8070.308392788256,51269.03483986232,Accuracy,0.01,0.017,0.05,%,Temporal,6.0,10.0,12.0,hrs,Spatial,0.5,0.75,1.0,km
132,Soil Moisture,5.0,73.52112676056326,8099.162040508599,8099.316054952658,51299.1620405086,Accuracy,0.01,0.017,0.05,%,Temporal,6.0,10.0,12.0,hrs,Spatial,0.5,0.75,1.0,km
133,Soil Moisture,20.0,137.01492537313436,8186.4385721252775,8186.460443437858,51386.43857212528,Accuracy,0.01,0.017,0.05,%,Temporal,6.0,10.0,12.0,hrs,Spatial,0.5,0.75,1.0,km
134,Soil Moisture,-5.0,-144.50704225352115,8187.940577350432,8188.40641240579,51387.94057735043,Accuracy,0.01,0.017,0.05,%,Temporal,6.0,10.0,12.0,hrs,Spatial,0.5,0.75,1.0,km
135,Soil Moisture,-40.0,166.9090909090908,8238.310044528758,8238.394574549915,51438.31004452876,Accuracy,0.01,0.017,0.05,%,Temporal,6.0,10.0,12.0,hrs,Spatial,0.5,0.75,1.0,km
136,Soil Moisture,-25.0,-91.38461538461534,8291.345856902566,8291.92296924676,51491.34585690257,Accuracy,0.01,0.017,0.05,%,Temporal,6.0,10.0,12.0,hrs,Spatial,0.5,0.75,1.0,km
137,Soil Moisture,15.000000000000002,-106.95652173913054,8320.006605162844,8320.276748587103,51520.006605162846,Accuracy,0.01,0.017,0.05,%,Temporal,6.0,10.0,12.0,hrs,Spatial,0.5,0.75,1.0,km
138,Soil Moisture,-5.0,48.16901408450694,8335.418934092113,8335.567032224575,51535.418934092115,Accuracy,0.01,0.017,0.05,%,Temporal,6.0,10.0,12.0,hrs,Spatial,0.5,0.75,1.0,km
139,Soil Moisture,-45.0,143.99999999999997,8347.054683745928,8347.267305144404,51547.054683745926,Accuracy,0.01,0.017,0.05,%,Temporal,6.0,10.0,12.0,hrs,Spatial,0.5,0.75,1.0,km
140,Soil Moisture,-15.000000000000002,-122.60869565217402,8370.039966930375,8370.850456195027,51570.03996693037,Accuracy,0.01,0.017,0.05,%,Temporal,6.0,10.0,12.0,hrs,Spatial,0.5,0.75,1.0,km
141,Soil Moisture,0.0,15.000000000000002,8386.432527932668,8386.775657662374,51586.432527932666,Accuracy,0.01,0.017,0.05,%,Temporal,6.0,10.0,12.0,hrs,Spatial,0.5,0.75,1.0,km
142,Soil Moisture,-30.000000000000004,110.32258064516141,8498.378148570464,8498.742921205827,51698.37814857047,Accuracy,0.01,0.017,0.05,%,Temporal,6.0,10.0,12.0,hrs,Spatial,0.5,0.75,1.0,km
143,Soil Moisture,-25.0,119.07692307692308,8520.443269766885,8520.77925908976,51720.44326976688,Accuracy,0.01,0.017,0.05,%,Temporal,6.0,10.0,12.0,hrs,Spatial,0.5,0.75,1.0,km
144,Soil Moisture,-10.0,113.14285714285705,8619.953477055638,8619.995888666757,51819.95347705564,Accuracy,0.01,0.017,0.05,%,Temporal,6.0,10.0,12.0,hrs,Spatial,0.5,0.75,1.0,km
145,Soil Moisture,30.000000000000004,17.41935483870977,8646.050726718633,8646.857390048506,51846.05072671863,Accuracy,0.01,0.017,0.05,%,Temporal,6.0,10.0,12.0,hrs,Spatial,0.5,0.75,1.0,km
146,Soil Moisture,-20.0,142.38805970149258,8806.039231552124,8806.109750038366,52006.039231552124,Accuracy,0.01,0.017,0.05,%,Temporal,6.0,10.0,12.0,hrs,Spatial,0.5,0.75,1.0,km
147,Soil Moisture,5.0,-129.29577464788736,8817.739551754528,8817.780119705954,52017.73955175453,Accuracy,0.01,0.017,0.05,%,Temporal,6.0,10.0,12.0,hrs,Spatial,0.5,0.75,1.0,km
148,Soil Moisture,-20.0,126.26865671641794,8822.054767100499,8822.095766533039,52022.0547671005,Accuracy,0.01,0.017,0.05,%,Temporal,6.0,10.0,12.0,hrs,Spatial,0.5,0.75,1.0,km
149,Soil Moisture,15.000000000000002,-80.8695652173914,8886.32266597004,8886.851896260909,52086.32266597004,Accuracy,0.01,0.017,0.05,%,Temporal,6.0,10.0,12.0,hrs,Spatial,0.5,0.75,1.0,km
150,Soil Moisture,35.0,80.68965517241375,8999.31679578699,8999.620604190677,52199.31679578699,Accuracy,0.01,0.017,0.05,%,Temporal,6.0,10.0,12.0,hrs,Spatial,0.5,0.75,1.0,km
151,Soil Moisture,30.000000000000004,5.806451612903317,9008.430857812818,9008.833752956552,52208.43085781282,Accuracy,0.01,0.017,0.05,%,Temporal,6.0,10.0,12.0,hrs,Spatial,0.5,0.75,1.0,km
152,Soil Moisture,30.000000000000004,-69.6774193548386,9031.599266823008,9031.696151688737,52231.59926682301,Accuracy,0.01,0.017,0.05,%,Temporal,6.0,10.0,12.0,hrs,Spatial,0.5,0.75,1.0,km
153,Soil Moisture,25.0,130.15384615384613,9033.048431206078,9033.166959683049,52233.04843120608,Accuracy,0.01,0.017,0.05,%,Temporal,6.0,10.0,12.0,hrs,Spatial,0.5,0.75,1.0,km
154,Soil Moisture,25.0,-30.46153846153843,9041.563739178036,9041.61081937539,52241.56373917803,Accuracy,0.01,0.017,0.05,%,Temporal,6.0,10.0,12.0,hrs,Spatial,0.5,0.75,1.0,km
155,Soil Moisture,-20.0,45.67164179104484,9043.353422172802,9043.358022099259,52243.353422172804,Accuracy,0.01,0.017,0.05,%,Temporal,6.0,10.0,12.0,hrs,Spatial,0.5,0.75,1.0,km
156,Soil Moisture,20.0,-126.26865671641781,9092.230430502133,9092.591093317771,52292.23043050213,Accuracy,0.01,0.017,0.05,%,Temporal,6.0,10.0,12.0,hrs,Spatial,0.5,0.75,1.0,km
157,Soil Moisture,-25.0,-19.38461538461535,9096.18364813974,9096.367526553331,52296.18364813974,Accuracy,0.01,0.017,0.05,%,Temporal,6.0,10.0,12.0,hrs,Spatial,0.5,0.75,1.0,km
158,Soil Moisture,-25.0,-119.076923076923,9121.120447145653,9121.127457196471,52321.12044714565,Accuracy,0.01,0.017,0.05,%,Temporal,6.0,10.0,12.0,hrs,Spatial,0.5,0.75,1.0,km
159,Soil Moisture,45.0,14.399999999999956,9287.042796315991,9287.1291294705,52487.04279631599,Accuracy,0.01,0.017,0.05,%,Temporal,6.0,10.0,12.0,hrs,Spatial,0.5,0.75,1.0,km
160,Soil Moisture,10.0,164.57142857142844,9347.160593988046,9347.196354184067,52547.16059398805,Accuracy,0.01,0.017,0.05,%,Temporal,6.0,10.0,12.0,hrs,Spatial,0.5,0.75,1.0,km
161,Soil Moisture,-15.000000000000002,-91.30434782608705,9454.586981795039,9454.87320327958,52654.58698179504,Accuracy,0.01,0.017,0.05,%,Temporal,6.0,10.0,12.0,hrs,Spatial,0.5,0.75,1.0,km
162,Soil Moisture,30.000000000000004,-58.06451612903216,9539.965620645897,9541.010500969443,52739.9656206459,Accuracy,0.01,0.017,0.05,%,Temporal,6.0,10.0,12.0,hrs,Spatial,0.5,0.75,1.0,km
163,Soil Moisture,-45.0,107.99999999999999,9552.327020130904,9552.681492807877,52752.327020130906,Accuracy,0.01,0.017,0.05,%,Temporal,6.0,10.0,12.0,hrs,Spatial,0.5,0.75,1.0,km
164,Soil Moisture,40.0,-49.090909090909165,9640.591013155106,9640.639555814872,52840.591013155106,Accuracy,0.01,0.017,0.05,%,Temporal,6.0,10.0,12.0,hrs,Spatial,0.5,0.75,1.0,km
165,Soil Moisture,-40.0,3.2727272727272076,9789.88417035436,9789.90336432175,52989.88417035436,Accuracy,0.01,0.017,0.05,%,Temporal,6.0,10.0,12.0,hrs,Spatial,0.5,0.75,1.0,km
166,Soil Moisture,30.000000000000004,-156.77419354838707,9816.409527168858,9816.885782803352,53016.40952716886,Accuracy,0.01,0.017,0.05,%,Temporal,6.0,10.0,12.0,hrs,Spatial,0.5,0.75,1.0,km
167,Soil Moisture,20.0,29.55223880597021,9874.694036788493,9875.485883991756,53074.69403678849,Accuracy,0.01,0.017,0.05,%,Temporal,6.0,10.0,12.0,hrs,Spatial,0.5,0.75,1.0,km
168,Soil Moisture,-15.000000000000002,-169.56521739130437,9971.228357596916,9971.870134094368,53171.22835759691,Accuracy,0.01,0.017,0.05,%,Temporal,6.0,10.0,12.0,hrs,Spatial,0.5,0.75,1.0,km
169,Soil Moisture,-5.0,159.71830985915477,10070.234283914679,10070.24029417433,53270.23428391468,Accuracy,0.01,0.017,0.05,%,Temporal,6.0,10.0,12.0,hrs,Spatial,0.5,0.75,1.0,km
170,Soil Moisture,-25.0,-13.846153846153813,10107.013541491402,10108.284548499227,53307.013541491404,Accuracy,0.01,0.017,0.05,%,Temporal,6.0,10.0,12.0,hrs,Spatial,0.5,0.75,1.0,km
171,Soil Moisture,0.0,135.0,10128.05437406744,10128.107455482825,53328.05437406744,Accuracy,0.01,0.017,0.05,%,Temporal,6.0,10.0,12.0,hrs,Spatial,0.5,0.75,1.0,km
172,Soil Moisture,30.000000000000004,-162.5806451612903,10229.959766941281,10230.476105941952,53429.95976694128,Accuracy,0.01,0.017,0.05,%,Temporal,6.0,10.0,12.0,hrs,Spatial,0.5,0.75,1.0,km
173,Soil Moisture,-10.0,-66.85714285714295,10236.770875582288,10237.007914953645,53436.77087558229,Accuracy,0.01,0.017,0.05,%,Temporal,6.0,10.0,12.0,hrs,Spatial,0.5,0.75,1.0,km
174,Soil Moisture,35.0,-86.89655172413798,10259.882180247769,10259.888487417535,53459.88218024777,Accuracy,0.01,0.017,0.05,%,Temporal,6.0,10.0,12.0,hrs,Spatial,0.5,0.75,1.0,km
175,Soil Moisture,25.0,-52.61538461538459,10326.584144169328,10326.731365510157,53526.58414416933,Accuracy,0.01,0.017,0.05,%,Temporal,6.0,10.0,12.0,hrs,Spatial,0.5,0.75,1.0,km
176,Soil Moisture,40.0,-153.81818181818187,10413.352802702531,10413.464615436435,53613.35280270253,Accuracy,0.01,0.017,0.05,%,Temporal,6.0,10.0,12.0,hrs,Spatial,0.5,0.75,1.0,km
177,Soil Moisture,-25.0,-141.23076923076917,10489.719013611504,10489.82408326242,53689.7190136115,Accuracy,0.01,0.017,0.05,%,Temporal,6.0,10.0,12.0,hrs,Spatial,0.5,0.75,1.0,km
178,Soil Moisture,30.000000000000004,-69.6774193548386,10528.089006124754,10528.394626746498,53728.089006124756,Accuracy,0.01,0.017,0.05,%,Temporal,6.0,10.0,12.0,hrs,Spatial,0.5,0.75,1.0,km
179,Soil Moisture,-35.0,-37.241379310344875,10568.408402046034,10568.855404264083,53768.408402046036,Accuracy,0.01,0.017,0.05,%,Temporal,6.0,10.0,12.0,hrs,Spatial,0.5,0.75,1.0,km
180,Soil Moisture,-10.0,154.28571428571416,10609.888241254026,10610.34598429144,53809.888241254026,Accuracy,0.01,0.017,0.05,%,Temporal,6.0,10.0,12.0,hrs,Spatial,0.5,0.75,1.0,km
181,Soil Moisture,15.000000000000002,148.69565217391298,10661.11021313506,10661.474913331744,53861.110213135056,Accuracy,0.01,0.017,0.05,%,Temporal,6.0,10.0,12.0,hrs,Spatial,0.5,0.75,1.0,km
182,Soil Moisture,-40.0,-29.454545454545524,10667.553149479607,10667.759609981169,53867.55314947961,Accuracy,0.01,0.017,0.05,%,Temporal,6.0,10.0,12.0,hrs,Spatial,0.5,0.75,1.0,km
183,Soil Moisture,5.0,68.450704225352,10739.814759665862,10739.875955320926,53939.81475966586,Accuracy,0.01,0.017,0.05,%,Temporal,6.0,10.0,12.0,hrs,Spatial,0.5,0.75,1.0,km
184,Soil Moisture,15.000000000000002,-143.4782608695653,10779.279695836567,10779.29237331945,53979.279695836565,Accuracy,0.01,0.017,0.05,%,Temporal,6.0,10.0,12.0,hrs,Spatial,0.5,0.75,1.0,km
185,Soil Moisture,20.0,110.14925373134332,10950.572225359309,10950.69923581295,54150.57222535931,Accuracy,0.01,0.017,0.05,%,Temporal,6.0,10.0,12.0,hrs,Spatial,0.5,0.75,1.0,km
186,Soil Moisture,-35.0,-80.68965517241384,11025.659858283787,11025.978107919917,54225.65985828378,Accuracy,0.01,0.017,0.05,%,Temporal,6.0,10.0,12.0,hrs,Spatial,0.5,0.75,1.0,km
187,Soil Moisture,15.000000000000002,-28.695652173913114,11124.422369128853,11125.2094154688,54324.42236912885,Accuracy,0.01,0.017,0.05,%,Temporal,6.0,10.0,12.0,hrs,Spatial,0.5,0.75,1.0,km
188,Soil Moisture,40.0,55.636363636363576,11304.523905202534,11305.191386995808,54504.523905202535,Accuracy,0.01,0.017,0.05,%,Temporal,6.0,10.0,12.0,hrs,Spatial,0.5,0.75,1.0,km
189,Soil Moisture,-10.0,113.14285714285705,11369.520335519075,11369.578242463458,54569.520335519075,Accuracy,0.01,0.017,0.05,%,Temporal,6.0,10.0,12.0,hrs,Spatial,0.5,0.75,1.0,km
190,Soil Moisture,20.0,137.01492537313436,11437.090046489582,11437.278338397991,54637.09004648958,Accuracy,0.01,0.017,0.05,%,Temporal,6.0,10.0,12.0,hrs,Spatial,0.5,0.75,1.0,km
191,Soil Moisture,-25.0,24.923076923076955,11454.794023310675,11456.054869218595,54654.79402331068,Accuracy,0.01,0.017,0.05,%,Temporal,6.0,10.0,12.0,hrs,Spatial,0.5,0.75,1.0,km
192,Soil Moisture,-40.0,68.72727272727266,11484.61159798037,11484.75090855402,54684.61159798037,Accuracy,0.01,0.017,0.05,%,Temporal,6.0,10.0,12.0,hrs,Spatial,0.5,0.75,1.0,km
193,Soil Moisture,35.0,-18.62068965517246,11733.86958389004,11735.278072244624,54933.86958389004,Accuracy,0.01,0.017,0.05,%,Temporal,6.0,10.0,12.0,hrs,Spatial,0.5,0.75,1.0,km
194,Soil Moisture,0.0,55.0,11841.965244791105,11842.684458045625,55041.96524479111,Accuracy,0.01,0.017,0.05,%,Temporal,6.0,10.0,12.0,hrs,Spatial,0.5,0.75,1.0,km
195,Soil Moisture,20.0,120.89552238805975,11867.394598599532,11867.64211017152,55067.39459859953,Accuracy,0.01,0.017,0.05,%,Temporal,6.0,10.0,12.0,hrs,Spatial,0.5,0.75,1.0,km
196,Soil Moisture,0.0,-165.0,11891.051289442086,11891.142283460778,55091.05128944208,Accuracy,0.01,0.017,0.05,%,Temporal,6.0,10.0,12.0,hrs,Spatial,0.5,0.75,1.0,km
197,Soil Moisture,-20.0,-8.059701492537254,11919.53539606366,11919.570703183712,55119.535396063664,Accuracy,0.01,0.017,0.05,%,Temporal,6.0,10.0,12.0,hrs,Spatial,0.5,0.75,1.0,km
198,Soil Moisture,-40.0,88.3636363636363,11946.578381312469,11946.634836722189,55146.57838131247,Accuracy,0.01,0.017,0.05,%,Temporal,6.0,10.0,12.0,hrs,Spatial,0.5,0.75,1.0,km
199,Soil Moisture,-5.0,-68.45070422535218,12075.632874693176,12075.901599860827,55275.632874693176,Accuracy,0.01,0.017,0.05,%,Temporal,6.0,10.0,12.0,hrs,Spatial,0.5,0.75,1.0,km
200,Soil Moisture,30.000000000000004,34.838709677419445,12146.633544066508,12146.792232396087,55346.633544066506,Accuracy,0.01,0.017,0.05,%,Temporal,6.0,10.0,12.0,hrs,Spatial,0.5,0.75,1.0,km
201,Soil Moisture,20.0,158.50746268656724,12154.97425644718,12155.253510601236,55354.97425644718,Accuracy,0.01,0.017,0.05,%,Temporal,6.0,10.0,12.0,hrs,Spatial,0.5,0.75,1.0,km
202,Soil Moisture,25.0,113.53846153846153,12205.121720632651,12205.31085940036,55405.12172063265,Accuracy,0.01,0.017,0.05,%,Temporal,6.0,10.0,12.0,hrs,Spatial,0.5,0.75,1.0,km
203,Soil Moisture,-25.0,-80.30769230769228,12258.965847040452,12259.06941544687,55458.965847040454,Accuracy,0.01,0.017,0.05,%,Temporal,6.0,10.0,12.0,hrs,Spatial,0.5,0.75,1.0,km
204,Soil Moisture,0.0,125.0,12404.806652764692,12405.184270284857,55604.80665276469,Accuracy,0.01,0.017,0.05,%,Temporal,6.0,10.0,12.0,hrs,Spatial,0.5,0.75,1.0,km
205,Soil Moisture,20.0,61.79104477611948,12508.20415943589,12508.259699132217,55708.20415943589,Accuracy,0.01,0.017,0.05,%,Temporal,6.0,10.0,12.0,hrs,Spatial,0.5,0.75,1.0,km
206,Soil Moisture,45.0,136.79999999999998,12516.985227416357,12517.001823649845,55716.98522741636,Accuracy,0.01,0.017,0.05,%,Temporal,6.0,10.0,12.0,hrs,Spatial,0.5,0.75,1.0,km
207,Soil Moisture,-45.0,-57.60000000000005,12581.137074644314,12582.342149126569,55781.13707464431,Accuracy,0.01,0.017,0.05,%,Temporal,6.0,10.0,12.0,hrs,Spatial,0.5,0.75,1.0,km
208,Soil Moisture,-15.000000000000002,-91.30434782608705,12679.41467742765,12679.62303326032,55879.41467742765,Accuracy,0.01,0.017,0.05,%,Temporal,6.0,10.0,12.0,hrs,Spatial,0.5,0.75,1.0,km
209,Soil Moisture,20.0,120.89552238805975,12775.387219001845,12776.104141158306,55975.387219001845,Accuracy,0.01,0.017,0.05,%,Temporal,6.0,10.0,12.0,hrs,Spatial,0.5,0.75,1.0,km
210,Soil Moisture,20.0,-8.059701492537254,12791.238069247334,12791.53891932884,55991.23806924733,Accuracy,0.01,0.017,0.05,%,Temporal,6.0,10.0,12.0,hrs,Spatial,0.5,0.75,1.0,km
211,Soil Moisture,10.0,82.28571428571422,12891.177839375941,12891.44231186468,56091.17783937594,Accuracy,0.01,0.017,0.05,%,Temporal,6.0,10.0,12.0,hrs,Spatial,0.5,0.75,1.0,km
212,Soil Moisture,20.0,29.55223880597021,12907.74971862535,12908.234157326526,56107.74971862535,Accuracy,0.01,0.017,0.05,%,Temporal,6.0,10.0,12.0,hrs,Spatial,0.5,0.75,1.0,km
213,Soil Moisture,45.0,-64.80000000000005,12974.709900791193,12975.384484565533,56174.7099007912,Accuracy,0.01,0.017,0.05,%,Temporal,6.0,10.0,12.0,hrs,Spatial,0.5,0.75,1.0,km
214,Soil Moisture,30.000000000000004,174.19354838709694,13103.272528868894,13103.520626598705,56303.272528868896,Accuracy,0.01,0.017,0.05,%,Temporal,6.0,10.0,12.0,hrs,Spatial,0.5,0.75,1.0,km
215,Soil Moisture,30.000000000000004,11.612903225806543,13153.273679138296,13153.278869940224,56353.27367913829,Accuracy,0.01,0.017,0.05,%,Temporal,6.0,10.0,12.0,hrs,Spatial,0.5,0.75,1.0,km
216,Soil Moisture,15.000000000000002,86.08695652173908,13424.964168063096,13424.966187431488,56624.964168063096,Accuracy,0.01,0.017,0.05,%,Temporal,6.0,10.0,12.0,hrs,Spatial,0.5,0.75,1.0,km
217,Soil Moisture,-35.0,37.24137931034478,13456.55081320779,13457.063618387243,56656.55081320779,Accuracy,0.01,0.017,0.05,%,Temporal,6.0,10.0,12.0,hrs,Spatial,0.5,0.75,1.0,km
218,Soil Moisture,20.0,-45.67164179104472,13457.933479331947,13458.18295553315,56657.93347933194,Accuracy,0.01,0.017,0.05,%,Temporal,6.0,10.0,12.0,hrs,Spatial,0.5,0.75,1.0,km
219,Soil Moisture,5.0,-78.59154929577471,13677.654087008807,13677.751800436516,56877.65408700881,Accuracy,0.01,0.017,0.05,%,Temporal,6.0,10.0,12.0,hrs,Spatial,0.5,0.75,1.0,km
220,Soil Moisture,30.000000000000004,23.225806451612996,13696.92398845102,13697.18912382811,56896.923988451024,Accuracy,0.01,0.017,0.05,%,Temporal,6.0,10.0,12.0,hrs,Spatial,0.5,0.75,1.0,km
221,Soil Moisture,-25.0,119.07692307692308,13784.474731303275,13784.724660215174,56984.47473130328,Accuracy,0.01,0.017,0.05,%,Temporal,6.0,10.0,12.0,hrs,Spatial,0.5,0.75,1.0,km
222,Soil Moisture,15.000000000000002,-13.043478260869636,13856.79929436982,13857.043400565193,57056.79929436982,Accuracy,0.01,0.017,0.05,%,Temporal,6.0,10.0,12.0,hrs,Spatial,0.5,0.75,1.0,km
223,Soil Moisture,-40.0,-114.54545454545463,13874.172350940904,13874.561110144354,57074.172350940906,Accuracy,0.01,0.017,0.05,%,Temporal,6.0,10.0,12.0,hrs,Spatial,0.5,0.75,1.0,km
224,Soil Moisture,40.0,114.54545454545449,13959.558698979357,13959.652617724138,57159.55869897936,Accuracy,0.01,0.017,0.05,%,Temporal,6.0,10.0,12.0,hrs,Spatial,0.5,0.75,1.0,km
225,Soil Moisture,45.0,-50.40000000000005,13968.380918156974,13969.29080355849,57168.380918156974,Accuracy,0.01,0.017,0.05,%,Temporal,6.0,10.0,12.0,hrs,Spatial,0.5,0.75,1.0,km
226,Soil Moisture,40.0,147.2727272727272,13987.215358463638,13987.366937663028,57187.21535846364,Accuracy,0.01,0.017,0.05,%,Temporal,6.0,10.0,12.0,hrs,Spatial,0.5,0.75,1.0,km
227,Soil Moisture,15.000000000000002,-44.3478260869566,13996.048237108635,13996.089427828734,57196.04823710863,Accuracy,0.01,0.017,0.05,%,Temporal,6.0,10.0,12.0,hrs,Spatial,0.5,0.75,1.0,km
228,Soil Moisture,10.0,174.85714285714272,14005.053665921872,14005.199738062776,57205.05366592187,Accuracy,0.01,0.017,0.05,%,Temporal,6.0,10.0,12.0,hrs,Spatial,0.5,0.75,1.0,km
229,Soil Moisture,20.0,-142.38805970149247,14032.863639254127,14032.881422643703,57232.86363925413,Accuracy,0.01,0.017,0.05,%,Temporal,6.0,10.0,12.0,hrs,Spatial,0.5,0.75,1.0,km
230,Soil Moisture,35.0,105.51724137931032,14063.05973815588,14063.464116477844,57263.059738155884,Accuracy,0.01,0.017,0.05,%,Temporal,6.0,10.0,12.0,hrs,Spatial,0.5,0.75,1.0,km
231,Soil Moisture,-45.0,-7.200000000000045,14164.454641066384,14164.525419689417,57364.45464106638,Accuracy,0.01,0.017,0.05,%,Temporal,6.0,10.0,12.0,hrs,Spatial,0.5,0.75,1.0,km
232,Soil Moisture,-15.000000000000002,174.78260869565204,14252.463609708151,14252.753418601158,57452.46360970815,Accuracy,0.01,0.017,0.05,%,Temporal,6.0,10.0,12.0,hrs,Spatial,0.5,0.75,1.0,km
233,Soil Moisture,30.000000000000004,127.7419354838711,14328.240205317807,14328.29490287857,57528.24020531781,Accuracy,0.01,0.017,0.05,%,Temporal,6.0,10.0,12.0,hrs,Spatial,0.5,0.75,1.0,km
234,Soil Moisture,10.0,-118.28571428571433,14447.498618231726,14447.866348012041,57647.49861823172,Accuracy,0.01,0.017,0.05,%,Temporal,6.0,10.0,12.0,hrs,Spatial,0.5,0.75,1.0,km
235,Soil Moisture,25.0,-113.53846153846148,14506.706919179178,14506.886961332953,57706.706919179174,Accuracy,0.01,0.017,0.05,%,Temporal,6.0,10.0,12.0,hrs,Spatial,0.5,0.75,1.0,km
236,Soil Moisture,20.0,8.059701492537375,14513.46893065674,14513.500469798995,57713.46893065674,Accuracy,0.01,0.017,0.05,%,Temporal,6.0,10.0,12.0,hrs,Spatial,0.5,0.75,1.0,km
237,Soil Moisture,15.000000000000002,86.08695652173908,14582.877175101208,14583.006250666545,57782.87717510121,Accuracy,0.01,0.017,0.05,%,Temporal,6.0,10.0,12.0,hrs,Spatial,0.5,0.75,1.0,km
238,Soil Moisture,25.0,36.000000000000036,14705.538874174044,14705.539093587318,57905.538874174046,Accuracy,0.01,0.017,0.05,%,Temporal,6.0,10.0,12.0,hrs,Spatial,0.5,0.75,1.0,km
239,Soil Moisture,-5.0,169.8591549295773,14717.237515957731,14719.508916441255,57917.23751595773,Accuracy,0.01,0.017,0.05,%,Temporal,6.0,10.0,12.0,hrs,Spatial,0.5,0.75,1.0,km
240,Soil Moisture,45.0,57.599999999999966,14796.149918629384,14796.259094569466,57996.14991862939,Accuracy,0.01,0.017,0.05,%,Temporal,6.0,10.0,12.0,hrs,Spatial,0.5,0.75,1.0,km
241,Soil Moisture,5.0,78.59154929577453,14817.666560415659,14818.361948421398,58017.66656041566,Accuracy,0.01,0.017,0.05,%,Temporal,6.0,10.0,12.0,hrs,Spatial,0.5,0.75,1.0,km
242,Soil Moisture,30.000000000000004,92.90322580645172,14971.35007819073,14971.723648572699,58171.35007819073,Accuracy,0.01,0.017,0.05,%,Temporal,6.0,10.0,12.0,hrs,Spatial,0.5,0.75,1.0,km
243,Soil Moisture,0.0,35.0,15005.080569551434,15006.126224114005,58205.080569551435,Accuracy,0.01,0.017,0.05,%,Temporal,6.0,10.0,12.0,hrs,Spatial,0.5,0.75,1.0,km
244,Soil Moisture,-5.0,27.887323943661883,15015.50711824247,15015.710332985136,58215.50711824247,Accuracy,0.01,0.017,0.05,%,Temporal,6.0,10.0,12.0,hrs,Spatial,0.5,0.75,1.0,km
245,Soil Moisture,40.0,-140.7272727272728,15087.728743394378,15087.748928895617,58287.72874339438,Accuracy,0.01,0.017,0.05,%,Temporal,6.0,10.0,12.0,hrs,Spatial,0.5,0.75,1.0,km
246,Soil Moisture,10.0,179.99999999999986,15186.952792355834,15186.989522042328,58386.952792355834,Accuracy,0.01,0.017,0.05,%,Temporal,6.0,10.0,12.0,hrs,Spatial,0.5,0.75,1.0,km
247,Soil Moisture,-40.0,127.63636363636358,15205.788880109905,15205.794360162252,58405.7888801099,Accuracy,0.01,0.017,0.05,%,Temporal,6.0,10.0,12.0,hrs,Spatial,0.5,0.75,1.0,km
248,Soil Moisture,-40.0,134.18181818181813,15352.157662548665,15352.224372297982,58552.15766254866,Accuracy,0.01,0.017,0.05,%,Temporal,6.0,10.0,12.0,hrs,Spatial,0.5,0.75,1.0,km
249,Soil Moisture,35.0,-80.68965517241384,15418.016455340738,15418.264580676088,58618.01645534074,Accuracy,0.01,0.017,0.05,%,Temporal,6.0,10.0,12.0,hrs,Spatial,0.5,0.75,1.0,km
250,Soil Moisture,45.0,-122.40000000000006,15476.072177168568,15476.130902122735,58676.07217716857,Accuracy,0.01,0.017,0.05,%,Temporal,6.0,10.0,12.0,hrs,Spatial,0.5,0.75,1.0,km
251,Soil Moisture,15.000000000000002,-86.08695652173922,15632.2363048462,15632.638036452632,58832.2363048462,Accuracy,0.01,0.017,0.05,%,Temporal,6.0,10.0,12.0,hrs,Spatial,0.5,0.75,1.0,km
252,Soil Moisture,5.0,-48.169014084507126,15677.339393691278,15677.502435200044,58877.339393691276,Accuracy,0.01,0.017,0.05,%,Temporal,6.0,10.0,12.0,hrs,Spatial,0.5,0.75,1.0,km
253,Soil Moisture,-20.0,-131.64179104477603,15754.056552115251,15755.481398227646,58954.05655211525,Accuracy,0.01,0.017,0.05,%,Temporal,6.0,10.0,12.0,hrs,Spatial,0.5,0.75,1.0,km
254,Soil Moisture,-25.0,2.769230769230802,15767.987827777855,15768.613160667453,58967.987827777855,Accuracy,0.01,0.017,0.05,%,Temporal,6.0,10.0,12.0,hrs,Spatial,0.5,0.75,1.0,km
255,Soil Moisture,20.0,-110.14925373134321,15795.552338323892,15795.805709660912,58995.55233832389,Accuracy,0.01,0.017,0.05,%,Temporal,6.0,10.0,12.0,hrs,Spatial,0.5,0.75,1.0,km
256,Soil Moisture,40.0,22.909090909090846,15989.909328161106,15990.394616297202,59189.909328161106,Accuracy,0.01,0.017,0.05,%,Temporal,6.0,10.0,12.0,hrs,Spatial,0.5,0.75,1.0,km
257,Soil Moisture,40.0,147.2727272727272,16043.181638480706,16044.883850353763,59243.1816384807,Accuracy,0.01,0.017,0.05,%,Temporal,6.0,10.0,12.0,hrs,Spatial,0.5,0.75,1.0,km
258,Soil Moisture,10.0,30.857142857142787,16089.299992102191,16089.33650706004,59289.29999210219,Accuracy,0.01,0.017,0.05,%,Temporal,6.0,10.0,12.0,hrs,Spatial,0.5,0.75,1.0,km
259,Soil Moisture,-5.0,-149.5774647887324,16179.014112600753,16179.123800172843,59379.01411260075,Accuracy,0.01,0.017,0.05,%,Temporal,6.0,10.0,12.0,hrs,Spatial,0.5,0.75,1.0,km
260,Soil Moisture,-30.000000000000004,-174.19354838709677,16224.61306730485,16224.93970945068,59424.61306730485,Accuracy,0.01,0.017,0.05,%,Temporal,6.0,10.0,12.0,hrs,Spatial,0.5,0.75,1.0,km
261,Soil Moisture,-20.0,-99.4029850746268,16256.394115030042,16256.81285876913,59456.39411503004,Accuracy,0.01,0.017,0.05,%,Temporal,6.0,10.0,12.0,hrs,Spatial,0.5,0.75,1.0,km
262,Soil Moisture,5.0,149.57746478873224,16278.434318404366,16278.62314071562,59478.43431840437,Accuracy,0.01,0.017,0.05,%,Temporal,6.0,10.0,12.0,hrs,Spatial,0.5,0.75,1.0,km
263,Soil Moisture,25.0,113.53846153846153,16287.316677305618,16287.428476439407,59487.316677305615,Accuracy,0.01,0.017,0.05,%,Temporal,6.0,10.0,12.0,hrs,Spatial,0.5,0.75,1.0,km
264,Soil Moisture,-10.0,92.5714285714285,16299.379968571297,16299.59996170296,59499.379968571295,Accuracy,0.01,0.017,0.05,%,Temporal,6.0,10.0,12.0,hrs,Spatial,0.5,0.75,1.0,km
265,Soil Moisture,-10.0,159.4285714285713,16326.888564361598,16327.672015188231,59526.888564361594,Accuracy,0.01,0.017,0.05,%,Temporal,6.0,10.0,12.0,hrs,Spatial,0.5,0.75,1.0,km
266,Soil Moisture,-45.0,-72.00000000000006,16391.745046527052,16392.07938693782,59591.74504652705,Accuracy,0.01,0.017,0.05,%,Temporal,6.0,10.0,12.0,hrs,Spatial,0.5,0.75,1.0,km
267,Soil Moisture,0.0,-140.0,16433.464475641067,16433.644216507648,59633.46447564107,Accuracy,0.01,0.017,0.05,%,Temporal,6.0,10.0,12.0,hrs,Spatial,0.5,0.75,1.0,km
268,Soil Moisture,-15.000000000000002,-65.21739130434791,16494.757435083076,16494.782487893153,59694.75743508308,Accuracy,0.01,0.017,0.05,%,Temporal,6.0,10.0,12.0,hrs,Spatial,0.5,0.75,1.0,km
269,Soil Moisture,15.000000000000002,-60.000000000000085,16510.601771389076,16511.486734771745,59710.601771389076,Accuracy,0.01,0.017,0.05,%,Temporal,6.0,10.0,12.0,hrs,Spatial,0.5,0.75,1.0,km
270,Soil Moisture,25.0,63.69230769230773,16581.18864961043,16581.273509107425,59781.188649610434,Accuracy,0.01,0.017,0.05,%,Temporal,6.0,10.0,12.0,hrs,Spatial,0.5,0.75,1.0,km
271,Soil Moisture,-5.0,32.95774647887315,16606.127950624727,16606.322985339964,59806.12795062472,Accuracy,0.01,0.017,0.05,%,Temporal,6.0,10.0,12.0,hrs,Spatial,0.5,0.75,1.0,km
272,Soil Moisture,-35.0,130.3448275862069,16714.88882717979,16715.043706692424,59914.88882717979,Accuracy,0.01,0.017,0.05,%,Temporal,6.0,10.0,12.0,hrs,Spatial,0.5,0.75,1.0,km
273,Soil Moisture,-30.000000000000004,110.32258064516141,16862.285711653996,16862.91554727855,60062.285711653996,Accuracy,0.01,0.017,0.05,%,Temporal,6.0,10.0,12.0,hrs,Spatial,0.5,0.75,1.0,km
274,Soil Moisture,20.0,-137.01492537313425,16901.083059317392,16901.674075403305,60101.08305931739,Accuracy,0.01,0.017,0.05,%,Temporal,6.0,10.0,12.0,hrs,Spatial,0.5,0.75,1.0,km
275,Soil Moisture,35.0,-43.44827586206901,16936.5805874962,16936.593558795877,60136.5805874962,Accuracy,0.01,0.017,0.05,%,Temporal,6.0,10.0,12.0,hrs,Spatial,0.5,0.75,1.0,km
276,Soil Moisture,0.0,-60.00000000000001,16939.533343420248,16941.469102305546,60139.53334342025,Accuracy,0.01,0.017,0.05,%,Temporal,6.0,10.0,12.0,hrs,Spatial,0.5,0.75,1.0,km
277,Soil Moisture,-5.0,-159.71830985915494,16951.10323797772,16951.236121472488,60151.10323797772,Accuracy,0.01,0.017,0.05,%,Temporal,6.0,10.0,12.0,hrs,Spatial,0.5,0.75,1.0,km
278,Soil Moisture,-25.0,58.1538461538462,16972.681022486748,16972.87894491356,60172.68102248675,Accuracy,0.01,0.017,0.05,%,Temporal,6.0,10.0,12.0,hrs,Spatial,0.5,0.75,1.0,km
279,Soil Moisture,35.0,130.3448275862069,17000.243406895097,17000.313574850024,60200.2434068951,Accuracy,0.01,0.017,0.05,%,Temporal,6.0,10.0,12.0,hrs,Spatial,0.5,0.75,1.0,km
280,Soil Moisture,-30.000000000000004,40.64516129032267,17067.189198061464,17067.346146817486,60267.18919806147,Accuracy,0.01,0.017,0.05,%,Temporal,6.0,10.0,12.0,hrs,Spatial,0.5,0.75,1.0,km
281,Soil Moisture,-25.0,36.000000000000036,17168.775053539124,17168.99385413644,60368.775053539124,Accuracy,0.01,0.017,0.05,%,Temporal,6.0,10.0,12.0,hrs,Spatial,0.5,0.75,1.0,km
282,Soil Moisture,5.0,-149.5774647887324,17233.28160170683,17234.028588361733,60433.281601706825,Accuracy,0.01,0.017,0.05,%,Temporal,6.0,10.0,12.0,hrs,Spatial,0.5,0.75,1.0,km
283,Soil Moisture,15.000000000000002,39.13043478260863,17251.26594635031,17251.38861312768,60451.26594635031,Accuracy,0.01,0.017,0.05,%,Temporal,6.0,10.0,12.0,hrs,Spatial,0.5,0.75,1.0,km
284,Soil Moisture,25.0,102.46153846153847,17432.88180706085,17432.95488336906,60632.88180706085,Accuracy,0.01,0.017,0.05,%,Temporal,6.0,10.0,12.0,hrs,Spatial,0.5,0.75,1.0,km
285,Soil Moisture,-30.000000000000004,-110.32258064516122,17504.134661875127,17504.668412383675,60704.13466187513,Accuracy,0.01,0.017,0.05,%,Temporal,6.0,10.0,12.0,hrs,Spatial,0.5,0.75,1.0,km
286,Soil Moisture,5.0,-38.0281690140846,17548.771854691804,17548.924115295606,60748.771854691804,Accuracy,0.01,0.017,0.05,%,Temporal,6.0,10.0,12.0,hrs,Spatial,0.5,0.75,1.0,km
287,Soil Moisture,45.0,-14.400000000000045,17635.249113442336,17635.287958996385,60835.24911344234,Accuracy,0.01,0.017,0.05,%,Temporal,6.0,10.0,12.0,hrs,Spatial,0.5,0.75,1.0,km
288,Soil Moisture,-15.000000000000002,148.69565217391298,17708.061938078397,17708.091327857244,60908.0619380784,Accuracy,0.01,0.017,0.05,%,Temporal,6.0,10.0,12.0,hrs,Spatial,0.5,0.75,1.0,km
289,Soil Moisture,-30.000000000000004,-5.806451612903135,17709.011693623273,17709.354787901604,60909.01169362327,Accuracy,0.01,0.017,0.05,%,Temporal,6.0,10.0,12.0,hrs,Spatial,0.5,0.75,1.0,km
290,Soil Moisture,-5.0,124.2253521126759,17828.526202236037,17828.837157507543,61028.52620223604,Accuracy,0.01,0.017,0.05,%,Temporal,6.0,10.0,12.0,hrs,Spatial,0.5,0.75,1.0,km
291,Soil Moisture,20.0,-8.059701492537254,17943.196395967534,17943.2578184668,61143.196395967534,Accuracy,0.01,0.017,0.05,%,Temporal,6.0,10.0,12.0,hrs,Spatial,0.5,0.75,1.0,km
292,Soil Moisture,15.000000000000002,164.34782608695642,18118.952570623347,18119.510857230816,61318.95257062335,Accuracy,0.01,0.017,0.05,%,Temporal,6.0,10.0,12.0,hrs,Spatial,0.5,0.75,1.0,km
293,Soil Moisture,-15.000000000000002,-2.6086956521739832,18195.544009675512,18195.619179002086,61395.54400967551,Accuracy,0.01,0.017,0.05,%,Temporal,6.0,10.0,12.0,hrs,Spatial,0.5,0.75,1.0,km
294,Soil Moisture,30.000000000000004,-180.0,18294.290923002474,18295.997784411156,61494.290923002474,Accuracy,0.01,0.017,0.05,%,Temporal,6.0,10.0,12.0,hrs,Spatial,0.5,0.75,1.0,km
295,Soil Moisture,30.000000000000004,-58.06451612903216,18299.518955967123,18299.90192947753,61499.51895596713,Accuracy,0.01,0.017,0.05,%,Temporal,6.0,10.0,12.0,hrs,Spatial,0.5,0.75,1.0,km
296,Soil Moisture,-20.0,77.91044776119409,18536.665185176418,18536.799538156418,61736.66518517642,Accuracy,0.01,0.017,0.05,%,Temporal,6.0,10.0,12.0,hrs,Spatial,0.5,0.75,1.0,km
297,Soil Moisture,10.0,61.71428571428566,18854.28082120885,18854.464099851546,62054.28082120885,Accuracy,0.01,0.017,0.05,%,Temporal,6.0,10.0,12.0,hrs,Spatial,0.5,0.75,1.0,km
298,Soil Moisture,35.0,62.068965517241324,18878.239975244996,18878.345713089704,62078.23997524499,Accuracy,0.01,0.017,0.05,%,Temporal,6.0,10.0,12.0,hrs,Spatial,0.5,0.75,1.0,km
299,Soil Moisture,-25.0,-130.15384615384608,18980.136446963214,18980.176148716542,62180.13644696321,Accuracy,0.01,0.017,0.05,%,Temporal,6.0,10.0,12.0,hrs,Spatial,0.5,0.75,1.0,km
300,Soil Moisture,-20.0,163.88059701492546,19022.95344156216,19023.08337741116,62222.95344156216,Accuracy,0.01,0.017,0.05,%,Temporal,6.0,10.0,12.0,hrs,Spatial,0.5,0.75,1.0,km
301,Soil Moisture,0.0,-180.0,19105.659930050224,19106.15618033644,62305.65993005022,Accuracy,0.01,0.017,0.05,%,Temporal,6.0,10.0,12.0,hrs,Spatial,0.5,0.75,1.0,km
302,Soil Moisture,20.0,45.67164179104484,19300.994839356412,19301.046610142206,62500.99483935641,Accuracy,0.01,0.017,0.05,%,Temporal,6.0,10.0,12.0,hrs,Spatial,0.5,0.75,1.0,km
303,Soil Moisture,-20.0,67.16417910447768,19355.86148011962,19355.921095244616,62555.86148011962,Accuracy,0.01,0.017,0.05,%,Temporal,6.0,10.0,12.0,hrs,Spatial,0.5,0.75,1.0,km
304,Soil Moisture,30.000000000000004,145.16129032258078,19447.970404886983,19447.977507531585,62647.97040488698,Accuracy,0.01,0.017,0.05,%,Temporal,6.0,10.0,12.0,hrs,Spatial,0.5,0.75,1.0,km
305,Soil Moisture,-20.0,8.059701492537375,19567.225421377043,19567.414284731043,62767.22542137704,Accuracy,0.01,0.017,0.05,%,Temporal,6.0,10.0,12.0,hrs,Spatial,0.5,0.75,1.0,km
306,Soil Moisture,20.0,-104.776119402985,19574.907048529793,19575.026747717624,62774.90704852979,Accuracy,0.01,0.017,0.05,%,Temporal,6.0,10.0,12.0,hrs,Spatial,0.5,0.75,1.0,km
307,Soil Moisture,-40.0,75.27272727272721,19634.307343742737,19634.368724457112,62834.30734374274,Accuracy,0.01,0.017,0.05,%,Temporal,6.0,10.0,12.0,hrs,Spatial,0.5,0.75,1.0,km
308,Soil Moisture,-5.0,-17.74647887323953,19670.05569262419,19670.059903829264,62870.05569262419,Accuracy,0.01,0.017,0.05,%,Temporal,6.0,10.0,12.0,hrs,Spatial,0.5,0.75,1.0,km
309,Soil Moisture,-30.000000000000004,-98.70967741935476,19698.59136262382,19698.743326206375,62898.591362623825,Accuracy,0.01,0.017,0.05,%,Temporal,6.0,10.0,12.0,hrs,Spatial,0.5,0.75,1.0,km
310,Soil Moisture,40.0,-180.0,19702.53673762772,19702.572108647597,62902.53673762772,Accuracy,0.01,0.017,0.05,%,Temporal,6.0,10.0,12.0,hrs,Spatial,0.5,0.75,1.0,km
311,Soil Moisture,0.0,100.0,19779.507525758545,19779.78328108348,62979.50752575854,Accuracy,0.01,0.017,0.05,%,Temporal,6.0,10.0,12.0,hrs,Spatial,0.5,0.75,1.0,km
312,Soil Moisture,-15.000000000000002,-7.8260869565218085,19779.60565379376,19779.690848853308,62979.60565379376,Accuracy,0.01,0.017,0.05,%,Temporal,6.0,10.0,12.0,hrs,Spatial,0.5,0.75,1.0,km
313,Soil Moisture,-30.000000000000004,5.806451612903317,20057.58805955305,20057.662665807286,63257.588059553054,Accuracy,0.01,0.017,0.05,%,Temporal,6.0,10.0,12.0,hrs,Spatial,0.5,0.75,1.0,km
314,Soil Moisture,25.0,69.23076923076927,20067.12230478197,20067.71584100348,63267.12230478197,Accuracy,0.01,0.017,0.05,%,Temporal,6.0,10.0,12.0,hrs,Spatial,0.5,0.75,1.0,km
315,Soil Moisture,30.000000000000004,-17.419354838709587,20121.007092640935,20121.07816023425,63321.00709264093,Accuracy,0.01,0.017,0.05,%,Temporal,6.0,10.0,12.0,hrs,Spatial,0.5,0.75,1.0,km
316,Soil Moisture,-35.0,12.413793103448231,20129.23864647307,20129.605053774863,63329.23864647307,Accuracy,0.01,0.017,0.05,%,Temporal,6.0,10.0,12.0,hrs,Spatial,0.5,0.75,1.0,km
317,Soil Moisture,35.0,-111.72413793103455,20282.592185783134,20282.765833001813,63482.592185783134,Accuracy,0.01,0.017,0.05,%,Temporal,6.0,10.0,12.0,hrs,Spatial,0.5,0.75,1.0,km
318,Soil Moisture,15.000000000000002,-44.3478260869566,20378.398312829944,20378.43308246703,63578.398312829944,Accuracy,0.01,0.017,0.05,%,Temporal,6.0,10.0,12.0,hrs,Spatial,0.5,0.75,1.0,km
319,Soil Moisture,10.0,-41.14285714285722,20435.95065914133,20436.15856108306,63635.95065914133,Accuracy,0.01,0.017,0.05,%,Temporal,6.0,10.0,12.0,hrs,Spatial,0.5,0.75,1.0,km
320,Soil Moisture,0.0,120.00000000000001,20447.583446203982,20447.9429738236,63647.58344620398,Accuracy,0.01,0.017,0.05,%,Temporal,6.0,10.0,12.0,hrs,Spatial,0.5,0.75,1.0,km
321,Soil Moisture,45.0,-64.80000000000005,20470.834994303863,20470.836321003655,63670.83499430386,Accuracy,0.01,0.017,0.05,%,Temporal,6.0,10.0,12.0,hrs,Spatial,0.5,0.75,1.0,km
322,Soil Moisture,-45.0,100.79999999999998,20523.225045609724,20523.33391175491,63723.225045609724,Accuracy,0.01,0.017,0.05,%,Temporal,6.0,10.0,12.0,hrs,Spatial,0.5,0.75,1.0,km
323,Soil Moisture,0.0,-160.0,20639.569479954553,20639.63236736035,63839.56947995455,Accuracy,0.01,0.017,0.05,%,Temporal,6.0,10.0,12.0,hrs,Spatial,0.5,0.75,1.0,km
324,Soil Moisture,15.000000000000002,-164.34782608695656,20703.51368132242,20704.081580677223,63903.51368132242,Accuracy,0.01,0.017,0.05,%,Temporal,6.0,10.0,12.0,hrs,Spatial,0.5,0.75,1.0,km
325,Soil Moisture,15.000000000000002,59.99999999999994,20845.801993317353,20846.286524648393,64045.80199331736,Accuracy,0.01,0.017,0.05,%,Temporal,6.0,10.0,12.0,hrs,Spatial,0.5,0.75,1.0,km
326,Soil Moisture,15.000000000000002,138.26086956521735,20866.592990379977,20867.86358810087,64066.59299037998,Accuracy,0.01,0.017,0.05,%,Temporal,6.0,10.0,12.0,hrs,Spatial,0.5,0.75,1.0,km
327,Soil Moisture,30.000000000000004,-150.96774193548384,20956.833372784764,20956.86802452449,64156.833372784764,Accuracy,0.01,0.017,0.05,%,Temporal,6.0,10.0,12.0,hrs,Spatial,0.5,0.75,1.0,km
328,Soil Moisture,-30.000000000000004,-121.9354838709677,21046.938111635693,21047.273552024235,64246.93811163569,Accuracy,0.01,0.017,0.05,%,Temporal,6.0,10.0,12.0,hrs,Spatial,0.5,0.75,1.0,km
329,Soil Moisture,-30.000000000000004,133.54838709677432,21089.1552641439,21089.76416388397,64289.1552641439,Accuracy,0.01,0.017,0.05,%,Temporal,6.0,10.0,12.0,hrs,Spatial,0.5,0.75,1.0,km
330,Soil Moisture,-5.0,179.99999999999983,21111.180900331143,21111.45254571121,64311.18090033114,Accuracy,0.01,0.017,0.05,%,Temporal,6.0,10.0,12.0,hrs,Spatial,0.5,0.75,1.0,km
331,Soil Moisture,10.0,133.7142857142856,21132.63940465341,21132.84291694526,64332.63940465341,Accuracy,0.01,0.017,0.05,%,Temporal,6.0,10.0,12.0,hrs,Spatial,0.5,0.75,1.0,km
332,Soil Moisture,15.000000000000002,-28.695652173913114,21289.252901564854,21289.378209154653,64489.252901564854,Accuracy,0.01,0.017,0.05,%,Temporal,6.0,10.0,12.0,hrs,Spatial,0.5,0.75,1.0,km
333,Soil Moisture,30.000000000000004,92.90322580645172,21299.585099918768,21299.596402183237,64499.58509991877,Accuracy,0.01,0.017,0.05,%,Temporal,6.0,10.0,12.0,hrs,Spatial,0.5,0.75,1.0,km
334,Soil Moisture,-45.0,158.39999999999995,21316.85527842768,21316.971792877695,64516.855278427676,Accuracy,0.01,0.017,0.05,%,Temporal,6.0,10.0,12.0,hrs,Spatial,0.5,0.75,1.0,km
335,Soil Moisture,30.000000000000004,-75.48387096774184,21360.996139645875,21361.12759505116,64560.996139645875,Accuracy,0.01,0.017,0.05,%,Temporal,6.0,10.0,12.0,hrs,Spatial,0.5,0.75,1.0,km
336,Soil Moisture,-20.0,110.14925373134332,21374.535737589136,21374.65606467818,64574.53573758914,Accuracy,0.01,0.017,0.05,%,Temporal,6.0,10.0,12.0,hrs,Spatial,0.5,0.75,1.0,km
337,Soil Moisture,5.0,7.605633802816811,21390.53263359864,21390.873382466965,64590.53263359864,Accuracy,0.01,0.017,0.05,%,Temporal,6.0,10.0,12.0,hrs,Spatial,0.5,0.75,1.0,km
338,Soil Moisture,15.000000000000002,-7.8260869565218085,21555.455322188263,21556.06064813057,64755.45532218826,Accuracy,0.01,0.017,0.05,%,Temporal,6.0,10.0,12.0,hrs,Spatial,0.5,0.75,1.0,km
339,Soil Moisture,10.0,-7.283063041541027E-14,21636.195055912394,21636.334074028677,64836.195055912394,Accuracy,0.01,0.017,0.05,%,Temporal,6.0,10.0,12.0,hrs,Spatial,0.5,0.75,1.0,km
340,Soil Moisture,-10.0,138.85714285714275,21643.858570267817,21644.30459683349,64843.85857026782,Accuracy,0.01,0.017,0.05,%,Temporal,6.0,10.0,12.0,hrs,Spatial,0.5,0.75,1.0,km
341,Soil Moisture,25.0,108.0,21733.850655169437,21733.999048234135,64933.85065516944,Accuracy,0.01,0.017,0.05,%,Temporal,6.0,10.0,12.0,hrs,Spatial,0.5,0.75,1.0,km
342,Soil Moisture,25.0,135.69230769230768,21751.163652134317,21751.323214094708,64951.16365213432,Accuracy,0.01,0.017,0.05,%,Temporal,6.0,10.0,12.0,hrs,Spatial,0.5,0.75,1.0,km
343,Soil Moisture,45.0,172.79999999999993,21765.056303571913,21765.78724653761,64965.05630357192,Accuracy,0.01,0.017,0.05,%,Temporal,6.0,10.0,12.0,hrs,Spatial,0.5,0.75,1.0,km
344,Soil Moisture,-15.000000000000002,-112.17391304347836,21794.998680921424,21796.110924365512,64994.998680921424,Accuracy,0.01,0.017,0.05,%,Temporal,6.0,10.0,12.0,hrs,Spatial,0.5,0.75,1.0,km
345,Soil Moisture,15.000000000000002,-33.913043478260946,21814.507991196115,21814.740385445442,65014.507991196115,Accuracy,0.01,0.017,0.05,%,Temporal,6.0,10.0,12.0,hrs,Spatial,0.5,0.75,1.0,km
