Tropics,GEO2,573,34227.56347030913,35357.500688867825
Tropics,GEO2,577,51394.34352423451,52513.756276909415
Tropics,GEO2,641,17069.87192077263,18189.980214547715
Tropics,GEO2,585,85718.78082226799,86400.0
Tropics,GEO2,576,47100.92231221079,48225.94556434924
Tropics,GEO2,642,21362.110859606095,22479.256522056563
Tropics,GEO2,584,81425.47919185215,82549.58278615358
Tropics,GEO2,580,64263.63128720473,65388.77926192367
Tropics,GEO2,638,4192.5122862949165,5324.9619468106575
Tropics,GEO2,575,42807.7853755364,43938.28957271148
Tropics,GEO2,643,25652.028676977447,26770.903138174814
Tropics,GEO2,574,38516.515434936606,39649.06543410288
Tropics,GEO2,644,29939.993606185377,31064.223288629255
Tropics,GEO2,583,77132.18213598254,78262.02486998074
Tropics,GEO2,581,68551.30369386324,69681.89164703476
Tropics,GEO2,637,0.0,1033.0699777269383
Tropics,GEO2,578,55686.273541391885,56803.37134832819
Tropics,GEO2,640,12776.372195810698,13902.31134674571
Tropics,GEO2,582,72840.57188173744,73973.11450608079
Tropics,GEO2,579,59975.84198518205,61095.34426166742
Tropics,GEO2,639,8483.432115433112,9614.517707822462
Tropics,GEO1,624,47104.941173518084,48222.99861808452
Tropics,GEO1,620,29935.68272878008,31067.503239919275
Tropics,GEO1,631,77138.70427481132,78255.92572484203
Tropics,GEO1,628,64259.960504119284,65391.34156396577
Tropics,GEO1,616,12781.00396465922,13898.666551077682
Tropics,GEO1,623,42814.456755111285,43931.897736033316
Tropics,GEO1,632,81428.82776767189,82547.37639439991
Tropics,GEO1,633,85716.91035576773,86400.0
Tropics,GEO1,622,38521.782597080084,39643.1162429667
Tropics,GEO1,614,4197.247237815818,5319.425710649203
Tropics,GEO1,629,68552.77178062641,69679.23134156062
Tropics,GEO1,619,25645.325685208594,26777.399599654495
Tropics,GEO1,626,55680.74729450358,56809.51584505746
Tropics,GEO1,621,34228.24519462369,35355.58948287089
Tropics,GEO1,615,8490.15823042809,9607.924605681155
Tropics,GEO1,630,72846.29798134738,73966.83627536704
Tropics,GEO1,625,51393.25544227378,52516.05766355833
Tropics,GEO1,617,17069.581315952,18191.512697057075
Tropics,GEO1,613,0.0,1031.9343455318462
Tropics,GEO1,618,21357.07880967888,22485.031939323337
Tropics,GEO1,627,59969.246241283276,61101.588379792825
Tropics,SAT1,609,19838.082398196206,19892.75418841948
Tropics,SAT1,609,62312.7227743611,62367.34146041838
Tropics,SAT1,33,20948.399753620688,21003.45729807765
Tropics,SAT1,33,26889.28113551816,26943.937745990825
Tropics,SAT1,33,32827.74470223722,32883.148526588535
Tropics,SAT1,526,31160.962541589106,31216.637865610028
Tropics,SAT1,526,73520.24296569185,73574.51409620425
Tropics,SAT1,670,31045.567789872526,31099.903392649692
Tropics,SAT1,670,73635.68672650421,73691.15288442711
Tropics,SAT1,1200,63422.74153919505,63477.746182177245
Tropics,SAT1,1200,69363.64392604675,69418.29713153235
Tropics,SAT1,1200,75302.01134834766,75357.46097434608
Tropics,SAT1,419,27972.491421535327,28026.32414132995
Tropics,SAT1,419,76734.65884139488,76788.62474780114
Tropics,SAT1,847,34260.02663538892,34313.906329565725
Tropics,SAT1,847,70446.92293103795,70500.88912583089
Tropics,SAT1,17,49319.267703085934,49374.0216357769
Tropics,SAT1,17,55261.832101431355,55316.47064335019
Tropics,SAT1,17,61196.25943872084,61252.60716290198
Tropics,SAT1,471,14370.677827670555,14424.577404801617
Tropics,SAT1,471,50670.26988377687,50724.798452599854
Tropics,SAT1,758,8195.458734239022,8250.159004482686
Tropics,SAT1,758,56845.28491657279,56899.09768726046
Tropics,SAT1,1184,6844.452006081982,6899.180971300038
Tropics,SAT1,1184,12786.959061692283,12841.602909211351
Tropics,SAT1,1184,18721.502968071396,18777.863404997275
Tropics,SAT1,525,73461.36151722842,73515.07338594456
Tropics,SAT1,669,30986.614412414332,31040.469633724682
Tropics,SAT1,370,54179.13217877319,54235.140883232736
Tropics,SAT1,798,11704.467835972328,11760.2796288977
Tropics,SAT1,24,38020.21922921012,38074.90477333296
Tropics,SAT1,24,43963.23882958699,44017.86607418055
Tropics,SAT1,1191,1488.3693657605759,1543.0070855680535
Tropics,SAT1,1191,80494.57930624211,80549.23004764815
Tropics,SAT1,272,8975.53268540641,9030.698907873435
Tropics,SAT1,272,39002.149538454825,39056.51457249669
Tropics,SAT1,477,45087.47454766452,45141.55409455024
Tropics,SAT1,764,2612.7780577883577,2666.9305825265187
Tropics,SAT1,969,51450.052874541885,51505.057693786104
Tropics,SAT1,969,81476.5927621001,81531.01351349651
Tropics,SAT1,422,22244.28772584418,22265.45077107408
Tropics,SAT1,850,64683.957001412426,64740.006485677426
Tropics,SAT1,29,26557.973899526354,26613.653461770013
Tropics,SAT1,29,32496.35166370484,32551.009489402244
Tropics,SAT1,29,38437.5748567914,38492.4785714015
Tropics,SAT1,81,26386.411751110543,26441.560219301526
Tropics,SAT1,81,32334.54653525842,32391.051563892244
Tropics,SAT1,81,44261.31687070104,44315.74158513547
Tropics,SAT1,1141,1786.4481299127426,1840.9218133979305
Tropics,SAT1,1141,68860.8003166777,68915.85374326732
Tropics,SAT1,1141,74809.019442945,74865.5154272995
Tropics,SAT1,1196,69032.30573383081,69087.9137201255
Tropics,SAT1,1196,74970.71935179713,75025.36517054794
Tropics,SAT1,1196,80911.8720723586,80966.80619527547
Tropics,SAT1,393,25862.72565775281,25918.67550705203
Tropics,SAT1,821,68337.29705794297,68393.22399107814
Tropics,SAT1,404,44888.297726616685,44943.054694092105
Tropics,SAT1,832,2413.4481384737005,2468.372071331317
Tropics,SAT1,23,37938.22410880466,37993.27690828938
Tropics,SAT1,23,43879.12781509817,43933.786107187116
Tropics,SAT1,23,49817.5568073403,49872.96775108154
Tropics,SAT1,536,19866.60864738365,19920.82355816673
Tropics,SAT1,680,62341.2954600913,62395.34509177249
Tropics,SAT1,1190,1404.253053997069,1458.9105784997396
Tropics,SAT1,1190,7342.763929217561,7398.193830931023
Tropics,SAT1,1190,80412.56996765298,80467.56792588964
Tropics,SAT1,1190,86353.49315958231,86400.0
Tropics,SAT1,548,45104.421350007826,45159.59652478095
Tropics,SAT1,692,2629.6279294791257,2685.000164255512
Tropics,SAT1,76,37891.082004201424,37946.223373631976
Tropics,SAT1,76,49820.44362509944,49875.62236761903
Tropics,SAT1,1136,7345.4992162560975,7400.728019307508
Tropics,SAT1,1136,80365.5269040751,80420.64097605464
Tropics,SAT1,468,56433.46269224733,56488.33643678643
Tropics,SAT1,755,13958.788065745184,14013.70798024494
Tropics,SAT1,21,43711.15801615293,43765.8093032155
Tropics,SAT1,21,49654.38059956112,49709.00635719046
Tropics,SAT1,406,8824.023141863701,8878.049513220023
Tropics,SAT1,406,45009.37872634892,45063.53898614628
Tropics,SAT1,834,2534.708774956992,2590.4171617727775
Tropics,SAT1,834,51298.59851652785,51352.544652316574
Tropics,SAT1,1188,1236.3190019938636,1290.948991112393
Tropics,SAT1,1188,7179.516400749499,7234.1551424454865
Tropics,SAT1,1188,86185.52242196926,86240.14385278417
Tropics,SAT1,383,37140.42620909496,37194.47353823305
Tropics,SAT1,383,73325.73863590161,73351.43901083754
Tropics,SAT1,811,30851.05982391872,30906.823456506398
Tropics,SAT1,811,79615.01169779018,79668.97867879442
Tropics,SAT1,392,25801.68014891925,25855.5292776263
Tropics,SAT1,392,61987.59684658168,62042.65402304704
Tropics,SAT1,820,19512.904957305887,19568.004047607963
Tropics,SAT1,820,68276.26558638045,68330.0194716498
Tropics,SAT1,27,32329.435401560597,32384.190790605688
Tropics,SAT1,27,38271.98751742962,38326.62471911473
Tropics,SAT1,27,44206.46158039931,44262.79734695292
Tropics,SAT1,1194,1731.7069650487485,1788.0571949297405
Tropics,SAT1,1194,74803.79036469951,74858.50532990975
Tropics,SAT1,1194,80746.3431959153,80800.98153382729
Tropics,SAT1,396,20101.843656433743,20155.84565782907
Tropics,SAT1,396,56288.886975858484,56342.736620320065
Tropics,SAT1,824,13814.145790116587,13868.080788925008
Tropics,SAT1,824,62576.44264572798,62630.303227096934
Tropics,SAT1,36,15258.174313193516,15313.497378680571
Tropics,SAT1,36,21197.887678267365,21252.547374966234
Tropics,SAT1,36,27137.89353020427,27193.00161273369
Tropics,SAT1,1203,57732.50911374371,57787.77140430817
Tropics,SAT1,1203,63672.25151992939,63726.905011137045
Tropics,SAT1,1203,69612.17569768331,69667.3222950376
Tropics,SAT1,14,55010.055151511915,55064.74014457936
Tropics,SAT1,14,60953.08205433335,61007.71028844573
Tropics,SAT1,454,73423.28848066829,73478.19067843824
Tropics,SAT1,741,30948.60880419009,31003.556164371203
Tropics,SAT1,1181,12535.227179241365,12589.88805769632
Tropics,SAT1,1181,18478.211979452888,18532.84879349064
Tropics,SAT1,495,22394.674637704047,22448.286359468908
Tropics,SAT1,495,71043.34182947832,71098.77708060558
Tropics,SAT1,782,28568.733028803537,28623.972574779677
Tropics,SAT1,782,64869.16220866019,64922.87797040114
Tropics,SAT1,435,11107.807760027565,11161.852982531329
Tropics,SAT1,443,48350.3585228463,48404.28122080904
Tropics,SAT1,443,84650.01049924397,84704.49377578465
Tropics,SAT1,722,53582.264701340406,53636.46631964995
Tropics,SAT1,730,5875.748868049919,5929.528329432667
Tropics,SAT1,730,42175.19030958439,42229.84221337898
Tropics,SAT1,594,36793.305637398225,36847.01988960949
Tropics,SAT1,594,79267.98511827641,79321.59893465918
Tropics,SAT1,462,25717.183311790803,25771.6405726486
Tropics,SAT1,462,62017.40866678279,62071.29478597375
Tropics,SAT1,749,19542.62440958717,19596.657043321287
Tropics,SAT1,749,68191.784556482,68246.18094098089
Tropics,SAT1,402,14523.921388984547,14579.203599919216
Tropics,SAT1,830,56998.49019469078,57053.73632104511
Tropics,SAT1,453,37063.665645839465,37119.03600645451
Tropics,SAT1,453,73364.22754155261,73417.82997003365
Tropics,SAT1,740,30889.46897254015,30943.192319822945
Tropics,SAT1,740,79538.2624998509,79593.59767927253
Tropics,SAT1,547,8630.678349884063,8685.74812252252
Tropics,SAT1,691,51105.28744804623,51160.31562612748
Tropics,SAT1,282,27761.40422159926,27815.990683830183
Tropics,SAT1,282,82683.99781987024,82738.24269826726
Tropics,SAT1,979,40209.281493181414,40263.40296441885
Tropics,SAT1,979,70235.75357710707,70290.47757340586
Tropics,SAT1,239,54389.3432716735,54444.04699026221
Tropics,SAT1,239,84414.59028254705,84470.0641013374
Tropics,SAT1,936,11914.606795939115,11969.173099141868
Tropics,SAT1,936,41939.866637950196,41995.37081857746
Tropics,SAT1,476,8727.344837878363,8781.78059746979
Tropics,SAT1,476,45027.547921813224,45081.447432313405
Tropics,SAT1,763,2552.7687561080274,2606.8158154127127
Tropics,SAT1,763,51201.94021705712,51256.31476510351
Tropics,SAT1,510,5453.136646990165,5508.854637924254
Tropics,SAT1,654,47927.707058876076,47983.450438230815
Tropics,SAT1,563,28163.05718609068,28216.674310389684
Tropics,SAT1,707,70637.57608738949,70691.29253505866
Tropics,SAT1,82,26461.332248969487,26515.808444413
Tropics,SAT1,82,38385.51409275929,38442.086530325294
Tropics,SAT1,82,44335.86307888554,44390.833639670665
Tropics,SAT1,1142,1861.065187938859,1916.071199091904
Tropics,SAT1,1142,68935.7423486045,68990.15951920208
Tropics,SAT1,1142,80859.97861249861,80916.55288843185
Tropics,SAT1,85,20747.87780470984,20802.6532103044
Tropics,SAT1,85,26698.428506584492,26755.263431232655
Tropics,SAT1,85,38623.25876776532,38677.72586344283
Tropics,SAT1,1145,63222.27128334062,63276.96550697984
Tropics,SAT1,1145,69172.90630939367,69229.73525635398
Tropics,SAT1,1145,81097.58764539624,81152.10655782784
Tropics,SAT1,16,49237.81505717085,49293.125059715254
Tropics,SAT1,16,55177.58043915979,55232.24304577804
Tropics,SAT1,16,61117.530549922885,61172.64919773378
Tropics,SAT1,1183,6763.039653660505,6818.327935171575
Tropics,SAT1,1183,12702.708345240604,12757.36406827689
Tropics,SAT1,1183,18642.720465190185,18697.857790883052
Tropics,SAT1,43,3958.5757374381574,4013.637913836518
Tropics,SAT1,43,9899.435258361113,9954.091168283956
Tropics,SAT1,43,15837.932876770848,15893.329620946499
Tropics,SAT1,1210,46432.913677645774,46487.924826361894
Tropics,SAT1,1210,52373.7954168536,52428.44977058216
Tropics,SAT1,1210,58312.198933329186,58367.643582958786
Tropics,SAT1,354,22206.278970908883,22260.457602401308
Tropics,SAT1,919,64680.66956947675,64734.98698246605
Tropics,SAT1,75,37813.337458837086,37867.852864223394
Tropics,SAT1,75,49739.49747174428,49795.71551854263
Tropics,SAT1,75,55686.475628438886,55741.95495931985
Tropics,SAT1,1135,7264.513930725035,7320.772704967152
Tropics,SAT1,1135,13211.702235786943,13267.208633142633
Tropics,SAT1,1135,80287.7585488849,80342.22347639539
Tropics,SAT1,372,84543.97200421755,84598.24297922994
Tropics,SAT1,800,42069.132173321515,42123.55322575126
Tropics,SAT1,219,21869.26466041068,21923.98329785142
Tropics,SAT1,219,82835.09187270002,82889.82332396573
Tropics,SAT1,1043,40360.3214778729,40414.932322367975
Tropics,SAT1,1043,64343.70154986544,64398.46302828291
Tropics,SAT1,72,43528.2199174762,43583.08925246903
Tropics,SAT1,72,55456.983912691736,55512.490134918415
Tropics,SAT1,175,84264.78930014666,84319.41799570632
Tropics,SAT1,999,41790.00971948839,41844.68752459609
Tropics,SAT1,1132,1053.362149969879,1108.1690377956759
Tropics,SAT1,1132,12982.024395970291,13037.577752719822
Tropics,SAT1,1132,86002.65873266006,86057.49298216212
Tropics,SAT1,218,82767.04912713698,82821.27040389327
Tropics,SAT1,299,5127.830401040449,5182.666981625783
Tropics,SAT1,299,59945.10159780196,60000.32586055553
Tropics,SAT1,864,17470.39945314798,17525.456411429393
Tropics,SAT1,864,47602.32086193584,47657.20284456005
Tropics,SAT1,1042,40292.328174324866,40346.47127310993
Tropics,SAT1,176,54406.12915094703,54461.294777411065
Tropics,SAT1,1000,11931.429944196881,11986.554084963194
Tropics,SAT1,336,44851.235799522656,44905.25015036993
Tropics,SAT1,901,2376.480334972296,2430.572657737183
Tropics,SAT1,10,60618.48169797634,60673.35012552547
Tropics,SAT1,10,66560.35019212299,66615.00132493168
Tropics,SAT1,10,72496.88719996178,72552.7120120335
Tropics,SAT1,1177,18143.67914768449,18198.521540077018
Tropics,SAT1,1177,24085.47553987055,24140.126659313704
Tropics,SAT1,1177,30022.110804613203,30077.94956155381
Tropics,SAT1,449,79067.14201558798,79121.25715090326
Tropics,SAT1,736,36592.4355638795,36646.621081007725
Tropics,SAT1,110,4821.924505641166,4876.308010245368
Tropics,SAT1,110,65877.5789756363,65932.53695807447
Tropics,SAT1,1055,23402.852383473415,23457.764779151395
Tropics,SAT1,1055,47296.256625472466,47350.72500035399
Tropics,SAT1,40,9648.996566158705,9703.873058823954
Tropics,SAT1,40,15590.812390988282,15645.46007334513
Tropics,SAT1,40,21527.471242827774,21583.268421155688
Tropics,SAT1,1207,52123.341035769474,52178.17365331504
Tropics,SAT1,1207,58065.16987396005,58119.818534158
Tropics,SAT1,1207,64001.72050318942,64057.57385595933
Tropics,SAT1,463,62077.308191484895,62131.40537997165
Tropics,SAT1,750,19602.606724998248,19656.775587877924
Tropics,SAT1,313,73126.04488482639,73179.90404952844
Tropics,SAT1,878,30651.219789165272,30705.194499822046
Tropics,SAT1,162,10326.10303232285,10382.462880959085
Tropics,SAT1,162,77329.52748657596,77384.48894558953
Tropics,SAT1,1107,34854.70788214879,34909.56972083803
Tropics,SAT1,1107,52800.57553154403,52856.94837398821
Tropics,SAT1,457,31360.517993192534,31414.42899022831
Tropics,SAT1,457,67660.14015026636,67714.64591118718
Tropics,SAT1,744,25185.324451546592,25240.000398951815
Tropics,SAT1,744,73835.13128439778,73888.95551336615
Tropics,SAT1,570,65224.359320877884,65278.16659782911
Tropics,SAT1,714,22749.790033657,22803.455986271583
Tropics,SAT1,340,39158.97600481816,39212.75660435052
Tropics,SAT1,503,59517.578391912444,59571.534548847136
Tropics,SAT1,647,17042.994978739924,17096.868977427224
Tropics,SAT1,169,4850.846450251291,4906.3624187929445
Tropics,SAT1,169,65817.82497285354,65872.09794447978
Tropics,SAT1,993,23343.072525661264,23397.24255701469
Tropics,SAT1,993,47325.31398108535,47380.85782053025
Tropics,SAT1,224,16265.759257337699,16319.826815388278
Tropics,SAT1,224,77232.2812035864,77259.24767508035
Tropics,SAT1,317,37300.440326087606,37356.00289911497
Tropics,SAT1,317,67432.75386334515,67487.23186376572
Tropics,SAT1,882,24957.884272756557,25012.50552017166
Tropics,SAT1,882,79774.99625017919,79830.52686483659
Tropics,SAT1,1048,34757.45955935693,34813.98119071801
Tropics,SAT1,1048,58740.13362332204,58794.28576876999
Tropics,SAT1,598,31083.03089847036,31137.22189384858
Tropics,SAT1,598,73557.75971097563,73611.7871386329
Tropics,SAT1,494,22332.91305464896,22388.470718039483
Tropics,SAT1,494,70983.49755493252,71037.20483824532
Tropics,SAT1,781,28508.893511321196,28562.481518274453
Tropics,SAT1,781,64807.45900206956,64863.04488906079
Tropics,SAT1,367,5232.462087210483,5287.84449658635
Tropics,SAT1,795,47706.98823752816,47762.40358052889
Tropics,SAT1,170,4921.096275295917,4975.20360181814
Tropics,SAT1,170,65886.93329828592,65942.86046999853
Tropics,SAT1,994,23412.125919603557,23467.91395134846
Tropics,SAT1,994,47395.49158758801,47449.670831407275
Tropics,SAT1,631,33922.40900964259,33934.500714652415
Tropics,SAT1,631,76359.59484177167,76409.10672207213
Tropics,SAT1,461,25657.19599877702,25711.047678640207
Tropics,SAT1,748,68131.83244754846,68185.54392469492
Tropics,SAT1,95,9627.594229199178,9683.38015238599
Tropics,SAT1,95,21556.70481869504,21611.363288938093
Tropics,SAT1,1155,46195.579209142285,46215.2304493619
Tropics,SAT1,1155,52102.04803578336,52157.820357840195
Tropics,SAT1,1155,64031.088891405554,64085.77643165934
Tropics,SAT1,107,10544.959697971675,10600.795424880347
Tropics,SAT1,107,71602.78168084813,71657.09263333297
Tropics,SAT1,1052,29128.011131750554,29182.24502272976
Tropics,SAT1,1052,53019.22891244908,53075.191479811845
Tropics,SAT1,590,28.100167459649356,83.19226213176381
Tropics,SAT1,590,42502.62469319422,42557.9166872102
Tropics,SAT1,590,84977.26269699963,85032.5185303142
Tropics,SAT1,628,39648.129579713604,39702.25577146252
Tropics,SAT1,628,82122.65176315971,82176.9477122754
Tropics,SAT1,12,54847.79424921226,54903.93223328166
Tropics,SAT1,12,60784.6995556318,60839.352129552826
Tropics,SAT1,12,66726.83359534343,66781.60485286283
Tropics,SAT1,165,10544.959697971673,10600.795424880345
Tropics,SAT1,165,71602.78168084816,71657.09263333298
Tropics,SAT1,1110,29128.011131750558,29182.245022729756
Tropics,SAT1,1110,53019.22891244908,53075.191479811845
Tropics,SAT1,1179,12373.049440260516,12429.172084306623
Tropics,SAT1,1179,18309.83639871436,18364.474018907767
Tropics,SAT1,1179,24251.99623472744,24306.784539548626
Tropics,SAT1,38,15422.550546523353,15477.18946969765
Tropics,SAT1,38,21365.70630247914,21420.3453879827
Tropics,SAT1,1205,57896.912079426984,57951.5295889897
Tropics,SAT1,1205,63840.03737019479,63894.69191182068
Tropics,SAT1,556,82225.9628775055,82280.04706268456
Tropics,SAT1,700,39751.40002794247,39805.325835841664
Tropics,SAT1,521,79168.01475064212,79221.82405988459
Tropics,SAT1,665,36693.31972746948,36747.21443585583
Tropics,SAT1,62,54682.26822200958,54710.369825148126
Tropics,SAT1,62,60597.20746637782,60653.0253587612
Tropics,SAT1,62,72526.28281633026,72580.93226499298
Tropics,SAT1,225,16331.244216661184,16386.64653204047
Tropics,SAT1,1049,58805.545758273205,58861.08960012118
Tropics,SAT1,1122,18122.300706860733,18178.0559252341
Tropics,SAT1,1122,30051.370424118515,30106.069131493987
Tropics,SAT1,541,14219.27521668056,14273.10112137708
Tropics,SAT1,685,56693.94486953137,56747.627199760136
Tropics,SAT1,517,42515.74295908308,42570.06419125404
Tropics,SAT1,661,41.150435877216914,95.4065444627411
Tropics,SAT1,661,42398.9859553412,42454.68658363317
Tropics,SAT1,661,84990.44118024032,85044.59269618875
Tropics,SAT1,486,33741.21769117359,33794.87861822996
Tropics,SAT1,773,76215.68535207714,76269.4767541341
Tropics,SAT1,226,71422.60956068418,71477.07131714083
Tropics,SAT1,1050,28947.898002922597,29002.29630731584
Tropics,SAT1,467,20073.82815766078,20129.166466949857
Tropics,SAT1,467,56374.37602711242,56427.981652648814
Tropics,SAT1,754,13899.622622727036,13953.350177401791
Tropics,SAT1,754,62548.41893716902,62603.72193772882
Tropics,SAT1,332,50542.785256451585,50597.685906604325
Tropics,SAT1,442,48290.1883313668,48344.51840269688
Tropics,SAT1,729,5815.5739958846425,5869.838340234666
Tropics,SAT1,897,8068.071413874082,8123.018994294589
Tropics,SAT1,167,10659.457591730494,10714.530727766665
Tropics,SAT1,991,53133.76961009351,53188.97643601717
Tropics,SAT1,168,65750.42682772253,65805.07657948951
Tropics,SAT1,992,23275.71958691777,23330.312999034584
Tropics,SAT1,466,20013.96855853786,20067.671810960597
Tropics,SAT1,466,56312.6740273319,56368.16590808636
Tropics,SAT1,753,13837.830100324582,13893.517140932805
Tropics,SAT1,753,62488.58960353084,62542.17945716219
Tropics,SAT1,164,10475.74792224732,10530.05028718563
Tropics,SAT1,164,71531.45084713277,71586.64029772143
Tropics,SAT1,481,3083.9910693899474,3139.2975887365674
Tropics,SAT1,481,39384.5253762015,39438.13378211579
Tropics,SAT1,768,45558.57578018792,45613.84690140331
Tropics,SAT1,768,81859.00909704904,81912.7214801266
Tropics,SAT1,1109,29056.731593084438,29111.8802384296
Tropics,SAT1,1109,52950.08873570997,53004.46983949429
Tropics,SAT1,227,10523.72129905046,10578.939840813973
Tropics,SAT1,227,71490.21409415553,71544.60363136171
Tropics,SAT1,1051,29015.455839949063,29069.73637560631
Tropics,SAT1,1051,52998.17866061028,53053.429867636994
Tropics,SAT1,444,84710.74413196376,84764.42706538593
Tropics,SAT1,731,42236.00986167304,42289.787886444254
Tropics,SAT1,530,67813.9808974791,67867.52655788684
Tropics,SAT1,674,25339.25612713406,25392.924405827234
Tropics,SAT1,353,22143.69377559349,22197.776797741517
Tropics,SAT1,918,64618.15228643585,64672.305302369765
Tropics,SAT1,343,3270.1920880012517,3324.190490691502
Tropics,SAT1,908,45744.73739489972,45798.651433463565
Tropics,SAT1,321,31607.594582066366,31662.044673264812
Tropics,SAT1,321,61738.68425732177,61794.36032079855
Tropics,SAT1,886,19263.768873358884,19319.61355482945
Tropics,SAT1,886,74082.1484818662,74136.5360866352
Tropics,SAT1,512,5572.4697746086185,5627.133265259505
Tropics,SAT1,512,48162.95486384793,48217.93731556598
Tropics,SAT1,656,5688.356574702355,5743.29590552572
Tropics,SAT1,656,48046.95414172604,48101.803783489464
Tropics,SAT1,561,76578.31749209369,76632.9482246761
Tropics,SAT1,705,34103.7553172546,34158.20657047457
Tropics,SAT1,377,42718.31666830248,42773.548942118556
Tropics,SAT1,377,78905.57333333853,78959.32823554425
Tropics,SAT1,805,243.67685077961727,298.8706810537397
Tropics,SAT1,805,36430.77261448235,36484.65161306586
Tropics,SAT1,805,85192.94448528977,85247.98743677091
Tropics,SAT1,641,22576.252909385435,22630.777486109688
Tropics,SAT1,641,65050.82134950303,65105.40126284407
Tropics,SAT1,254,61610.01331545185,61665.82435521381
Tropics,SAT1,951,19135.068924312996,19191.02929183386
Tropics,SAT1,326,25978.11632181331,26033.861605118753
Tropics,SAT1,326,56110.50760676779,56164.87252355419
Tropics,SAT1,891,13635.647087266589,13690.151814760096
Tropics,SAT1,891,68452.6680132076,68508.38639084343
Tropics,SAT1,22,37857.9819630405,37914.13188488448
Tropics,SAT1,22,43794.854123545025,43849.5055954722
Tropics,SAT1,22,49737.00427802366,49791.77250741815
Tropics,SAT1,1189,1319.9908507883524,1374.6292572763143
Tropics,SAT1,1189,7262.167264647723,7316.955219296636
Tropics,SAT1,1189,80332.31094403498,80388.37754260638
Tropics,SAT1,1189,86269.22402452216,86323.85830097333
Tropics,SAT1,109,4749.375361117764,4803.899277327961
Tropics,SAT1,1054,47223.776646564154,47278.345955708995
Tropics,SAT1,13,54928.04891768156,54983.097378100916
Tropics,SAT1,13,60868.97468104139,60923.634157367516
Tropics,SAT1,13,66807.36919143838,66862.78729404793
Tropics,SAT1,163,10402.711338033085,10457.37020429554
Tropics,SAT1,163,77404.8836866013,77461.7327964838
Tropics,SAT1,1108,34930.00247298587,34986.73690251778
Tropics,SAT1,1108,52877.12096292436,52931.820328698544
Tropics,SAT1,1180,12453.259702542091,12508.284012517837
Tropics,SAT1,1180,18394.10009354373,18448.756493460594
Tropics,SAT1,1180,24332.57520619963,24388.010011868864
Tropics,SAT1,37,15339.604194676107,15394.360450253333
Tropics,SAT1,37,21282.142631846404,21336.77915946226
Tropics,SAT1,37,27216.66387824193,27272.98781362214
Tropics,SAT1,1204,57813.95493676438,57868.67334779729
Tropics,SAT1,1204,63756.49655816464,63811.136191460915
Tropics,SAT1,1204,69690.89490359036,69747.284437192
Tropics,SAT1,274,9104.983998499309,9160.348864279784
Tropics,SAT1,971,51579.50749973386,51634.83857965528
Tropics,SAT1,28,32412.39111145494,32467.0310365495
Tropics,SAT1,28,38355.54379532706,38410.183999770976
Tropics,SAT1,1195,74886.75591617796,74941.37222770274
Tropics,SAT1,1195,80829.87588440522,80884.52979110298
Tropics,SAT1,19,43547.79014863463,43603.460671847475
Tropics,SAT1,19,49486.197896092104,49540.85620304913
Tropics,SAT1,19,55427.39900357482,55482.307106436725
Tropics,SAT1,1186,1073.0290645331938,1128.6816277011567
Tropics,SAT1,1186,7011.329142913093,7065.9783326056695
Tropics,SAT1,1186,12952.574825395708,13007.50230630345
Tropics,SAT1,1186,86022.12636002738,86077.72342075556
Tropics,SAT1,300,5191.800503021819,5245.594883055567
Tropics,SAT1,865,47666.22070654473,47720.1261554965
Tropics,SAT1,136,50050.70980144522,50105.28161097881
Tropics,SAT1,1081,7575.801638745027,7630.4545477497795
Tropics,SAT1,623,2825.2232033478062,2879.1117686763896
Tropics,SAT1,623,45299.879681302475,45353.68235813421
Tropics,SAT1,31,26721.319474782616,26775.970522550917
Tropics,SAT1,31,32664.53972825976,32719.164713373928
Tropics,SAT1,1198,69195.6806422602,69250.30374330598
Tropics,SAT1,1198,75138.88106300255,75193.51532435395
Tropics,SAT1,247,43019.408236017174,43073.42162584066
Tropics,SAT1,247,73046.75908705303,73100.88480204482
Tropics,SAT1,267,44620.12379511507,44675.95935523086
Tropics,SAT1,944,544.6969433879195,598.6092042664668
Tropics,SAT1,944,30571.974422264353,30626.17044848356
Tropics,SAT1,944,85493.93563537794,85547.85428283268
Tropics,SAT1,964,2145.1823891881895,2201.16929084924
Tropics,SAT1,177,54473.140841585075,54527.29530516481
Tropics,SAT1,177,78454.35510153888,78510.44997183952
Tropics,SAT1,334,14592.564458567762,14646.519054255172
Tropics,SAT1,899,57067.11432207801,57120.97962130994
Tropics,SAT1,1001,11998.399439622928,12052.463619666392
Tropics,SAT1,1001,35979.37944044011,36035.59814328688
Tropics,SAT1,537,19925.971881721547,19979.90187906686
Tropics,SAT1,681,62400.60675485172,62454.45286973983
Tropics,SAT1,252,37399.49382276952,37454.179319933915
Tropics,SAT1,252,67424.77975575427,67480.22611917648
Tropics,SAT1,949,24950.05895393433,25005.538441272223
Tropics,SAT1,949,79874.02320240754,79928.65452770994
Tropics,SAT1,217,82700.4481583039,82756.46358006544
Tropics,SAT1,1041,40225.76627530771,40281.75543616671
Tropics,SAT1,108,4673.214884276141,4729.294619395701
Tropics,SAT1,108,71676.15285375777,71731.30171439874
Tropics,SAT1,1053,29201.32445609027,29256.371365138162
Tropics,SAT1,1053,47147.67994206541,47203.77639174557
Tropics,SAT1,391,25740.706562201976,25795.420418701717
Tropics,SAT1,391,61927.98511076266,61981.656650604455
Tropics,SAT1,819,19453.207140412906,19506.990777289535
Tropics,SAT1,819,68215.32088906121,68269.86146254759
Tropics,SAT1,74,37737.70761465542,37792.47677202236
Tropics,SAT1,74,43688.31263391144,43745.15807344246
Tropics,SAT1,74,55613.09478121545,55667.5650789662
Tropics,SAT1,1134,1213.3609114315339,1270.1565649423005
Tropics,SAT1,1134,13138.247328100819,13192.7618102773
Tropics,SAT1,1134,80212.10649920921,80266.79287733416
Tropics,SAT1,1134,86162.79402815043,86219.63151681633
Tropics,SAT1,26,32247.99442763844,32303.310942835935
Tropics,SAT1,26,38187.73398889685,38242.39501045975
Tropics,SAT1,26,44127.711960723,44182.8252452258
Tropics,SAT1,1193,1652.9030247534129,1708.0371017080497
Tropics,SAT1,1193,74722.33342872887,74777.58718947138
Tropics,SAT1,1193,80662.10102747138,80716.75298101334
Tropics,SAT1,345,33528.762985529575,33582.85409749899
Tropics,SAT1,568,22515.616850990275,22569.158810204004
Tropics,SAT1,712,64990.12588501647,65043.788547290234
Tropics,SAT1,910,76003.15579002757,76057.38040733125
Tropics,SAT1,308,48622.768791119044,48678.15767920978
Tropics,SAT1,308,78754.98750476212,78809.58908979289
Tropics,SAT1,873,6148.061743812712,6203.280351711669
Tropics,SAT1,873,36280.10888481686,36334.855728411436
Tropics,SAT1,411,3185.139143899744,3239.8744876711166
Tropics,SAT1,839,45659.70617522473,45714.390676447474
Tropics,SAT1,378,42779.34107179266,42833.120085320195
Tropics,SAT1,378,78965.72090276972,79020.27263725386
Tropics,SAT1,806,304.69742644345257,358.363950340542
Tropics,SAT1,806,36491.007838398735,36545.614481396944
Tropics,SAT1,806,85253.9367947293,85307.60580182578
Tropics,SAT1,83,26538.364175407187,26593.22570648635
Tropics,SAT1,83,38467.10595170475,38522.61766699405
Tropics,SAT1,1143,69012.79805159033,69067.6269151167
Tropics,SAT1,1143,80941.53585704396,80997.0584484892
Tropics,SAT1,269,14724.613544453214,14778.81692295243
Tropics,SAT1,269,44751.2261536323,44805.83019520958
Tropics,SAT1,966,2276.4791511654917,2331.1381665044773
Tropics,SAT1,966,57199.13222996919,57253.26282257197
Tropics,SAT1,632,33938.37803084133,33991.95579614432
Tropics,SAT1,632,76412.92246315797,76466.604138322
Tropics,SAT1,90,15185.884696082241,15240.528912259846
Tropics,SAT1,90,27113.523474372436,27169.39055332929
Tropics,SAT1,90,33057.06498348708,33113.21696612028
Tropics,SAT1,1150,57660.307650750474,57714.912606594655
Tropics,SAT1,1150,69587.96566056322,69643.84135732024
Tropics,SAT1,1150,75531.30821948321,75587.56077028331
Tropics,SAT1,527,31221.02104781701,31274.69826845874
Tropics,SAT1,671,73695.68561052265,73749.23628553077
Tropics,SAT1,585,5679.938879436628,5734.470899613059
Tropics,SAT1,585,48154.46593171039,48209.18126628751
Tropics,SAT1,633,33996.33067198155,34050.90533351899
Tropics,SAT1,633,76470.85029535278,76525.60997600279
Tropics,SAT1,5,72083.26417893563,72137.90894432717
Tropics,SAT1,5,78026.0434881917,78080.7314132952
Tropics,SAT1,1172,29608.40841554321,29663.03396865305
Tropics,SAT1,1172,35551.1944497909,35605.89685838012
Tropics,SAT1,516,84815.65522034394,84869.22846109048
Tropics,SAT1,660,42340.93997105097,42394.61894707237
Tropics,SAT1,314,73187.87529436073,73242.4839837801
Tropics,SAT1,879,30713.143813455004,30767.805827236654
Tropics,SAT1,381,73204.7553817011,73259.47409311977
Tropics,SAT1,809,30729.899002377333,30784.78180060914
Tropics,SAT1,45,4123.890851706716,4178.532008563775
Tropics,SAT1,45,10066.708932119402,10121.388794408858
Tropics,SAT1,199,26248.599047456275,26304.639268079383
Tropics,SAT1,199,50231.910799750956,50285.989580604815
Tropics,SAT1,1023,7757.061057913815,7811.22722311074
Tropics,SAT1,1023,68723.11117255596,68779.12995930479
Tropics,SAT1,1212,46598.2533926932,46652.87796949168
Tropics,SAT1,1212,52541.02846163525,52595.73063978332
Tropics,SAT1,67,49089.24005576159,49143.79308265587
Tropics,SAT1,67,61011.15647836668,61068.053090433765
Tropics,SAT1,67,66964.49498157509,67019.14657100324
Tropics,SAT1,339,8962.8919397047,9017.571805335996
Tropics,SAT1,339,39094.381491588196,39149.693325760956
Tropics,SAT1,904,51437.43726392424,51492.06441948276
Tropics,SAT1,904,81568.88038975316,81624.22437623807
Tropics,SAT1,1127,6614.453510340339,6668.957162021885
Tropics,SAT1,1127,18536.15568825088,18593.081691079962
Tropics,SAT1,1127,24489.669906161187,24544.35973244334
Tropics,SAT1,48,4375.869462074788,4430.507115531007
Tropics,SAT1,48,83381.91513676879,83436.55847834804
Tropics,SAT1,1215,40907.06871841483,40961.687502980785
Tropics,SAT1,1215,46850.19934978424,46904.854461280556
Tropics,SAT1,2,71837.607045458,71893.73316419488
Tropics,SAT1,2,77774.5447286756,77829.19837731266
Tropics,SAT1,2,83716.66350073527,83771.437478849
Tropics,SAT1,546,8571.851646328681,8625.513821731707
Tropics,SAT1,690,51046.50513635828,51100.045308370136
Tropics,SAT1,1169,29362.863931187112,29418.9724313985
Tropics,SAT1,1169,35299.68256727205,35354.31930488406
Tropics,SAT1,1169,41241.82498013857,41296.61425508509
Tropics,SAT1,622,2766.606423853868,2820.8302681066207
Tropics,SAT1,622,45241.32640178068,45295.384258549
Tropics,SAT1,642,22635.169327211715,22688.759682740078
Tropics,SAT1,642,65109.70558574215,65163.43120989402
Tropics,SAT1,214,3490.1061367295997,3544.2824368230586
Tropics,SAT1,1038,45964.58164835245,46018.663082543484
Tropics,SAT1,189,37456.331996320194,37510.61356334995
Tropics,SAT1,425,71156.73184311343,71212.11441328762
Tropics,SAT1,853,28682.076635595164,28737.274304049268
Tropics,SAT1,201,20439.758309143377,20494.557683940035
Tropics,SAT1,1025,62914.236325249134,62968.90297097848
Tropics,SAT1,364,10994.59062031689,11048.671416056079
Tropics,SAT1,364,59757.00193171852,59810.81941826339
Tropics,SAT1,792,17282.364337652478,17336.082271905034
Tropics,SAT1,792,53469.01464817921,53523.244240612556
Tropics,SAT1,181,48800.84298049778,48854.99843086601
Tropics,SAT1,181,72781.29698375432,72837.7678843001
Tropics,SAT1,1005,6326.107402999576,6380.178569561025
Tropics,SAT1,1005,30306.31015563716,30362.90862685811
Tropics,SAT1,180,48734.01161431987,48789.50746740744
Tropics,SAT1,1004,6259.316079451306,6314.778407890101
Tropics,SAT1,56,78001.05126316949,78057.944419354
Tropics,SAT1,56,83954.32268403776,84008.98042353515
Tropics,SAT1,1116,23604.29118321592,23658.790342424985
Tropics,SAT1,1116,35526.05014177171,35582.96964335038
Tropics,SAT1,1116,41479.49593216387,41534.18980543222
Tropics,SAT1,101,10123.640907006959,10179.513580931593
Tropics,SAT1,101,16067.2661471517,16123.400417672292
Tropics,SAT1,101,83145.28962654353,83199.95656660156
Tropics,SAT1,382,37079.48734378961,37133.76906355062
Tropics,SAT1,382,73266.69578593316,73320.40053613251
Tropics,SAT1,810,30791.9327956964,30845.734945443608
Tropics,SAT1,810,79554.09866599692,79608.22329728233
Tropics,SAT1,1161,40670.45322678807,40725.05454482279
Tropics,SAT1,1161,52598.08228583535,52653.96580613724
Tropics,SAT1,1161,58541.51022737656,58597.747054120795
Tropics,SAT1,213,3423.383061074538,3479.1250549132583
Tropics,SAT1,1037,45897.8548337949,45953.43893598972
Tropics,SAT1,193,31784.117127586742,31838.525489585638
Tropics,SAT1,1017,74258.60013148069,74312.8917968698
Tropics,SAT1,564,28221.73129140914,28276.254635499816
Tropics,SAT1,564,70812.06481482941,70867.20998863045
Tropics,SAT1,708,28337.47041560475,28392.575821437375
Tropics,SAT1,708,70696.21229410202,70750.91681332412
Tropics,SAT1,452,37003.81122915573,37057.51551718771
Tropics,SAT1,452,73302.55461429797,73358.01408721237
Tropics,SAT1,509,53929.10513052616,53983.873274834674
Tropics,SAT1,653,11454.53774412042,11509.12244623665
Tropics,SAT1,739,30827.70628264717,30883.35931809209
Tropics,SAT1,739,79478.43817666524,79532.02943835224
Tropics,SAT1,205,14767.612340621405,14822.677724727035
Tropics,SAT1,1029,57242.08851429309,57297.012527907274
Tropics,SAT1,544,50812.2120397339,50865.87191058373
Tropics,SAT1,688,8337.477169964315,8391.276523030388
Tropics,SAT1,324,25852.358507579254,25907.23743996233
Tropics,SAT1,889,68326.92869825524,68381.64016776958
Tropics,SAT1,237,84286.03567849424,84340.96989160667
Tropics,SAT1,934,41811.12002895842,41866.18734386212
Tropics,SAT1,198,26179.397734641163,26233.70350557865
Tropics,SAT1,198,50161.99708283986,50217.31852469473
Tropics,SAT1,1022,7687.055565604389,7742.495828734535
Tropics,SAT1,1022,68653.88890750987,68708.12647493192
Tropics,SAT1,438,5343.032671010369,5398.6236901246475
Tropics,SAT1,438,53993.65421894642,54047.35985952857
Tropics,SAT1,725,11519.045747450036,11572.63356331298
Tropics,SAT1,725,47817.5825811568,47873.20190113976
Tropics,SAT1,529,67753.4763719118,67808.82927406153
Tropics,SAT1,673,25278.67043274538,25334.22400951702
Tropics,SAT1,475,8667.350659196512,8721.211970764942
Tropics,SAT1,762,51141.98114836796,51195.70194835112
Tropics,SAT1,131,37681.590552389884,37736.43679174426
Tropics,SAT1,131,55627.263502908885,55683.73022109355
Tropics,SAT1,259,25965.36967372074,26020.512856211342
Tropics,SAT1,259,55992.016141486056,56046.369098387186
Tropics,SAT1,956,13517.138270568208,13571.613091290339
Tropics,SAT1,956,68439.89583611392,68494.8770460554
Tropics,SAT1,1076,13152.26837088429,13208.82824812096
Tropics,SAT1,1076,80156.06279157387,80210.86536712018
Tropics,SAT1,146,14994.172779968,15048.579211010709
Tropics,SAT1,1091,57468.626393287224,57522.97323565396
Tropics,SAT1,246,42955.207100600994,43010.327219832645
Tropics,SAT1,246,72981.8828160228,73036.22389413587
Tropics,SAT1,943,480.5267882193917,535.6044035583693
Tropics,SAT1,943,30507.001751065807,30561.4627205229
Tropics,SAT1,943,85429.73926104422,85484.69682445702
Tropics,SAT1,327,56173.69708987525,56227.64562795266
Tropics,SAT1,892,13698.932952274063,13752.962262891362
Tropics,SAT1,126,43262.398125886684,43316.790876754945
Tropics,SAT1,126,67155.03790999726,67210.16976609103
Tropics,SAT1,400,14401.903022509206,14457.185066804572
Tropics,SAT1,400,50589.14743620773,50642.91340885027
Tropics,SAT1,828,8114.35403338473,8168.2466622845295
Tropics,SAT1,828,56876.52100991065,56931.61326988091
Tropics,SAT1,1071,787.6409466117813,841.9710595099027
Tropics,SAT1,1071,24680.265896249937,24735.433773988978
Tropics,SAT1,1071,85736.84694593392,85791.14807983041
Tropics,SAT1,117,78391.7861580214,78446.09887580882
Tropics,SAT1,1062,35916.90176147602,35971.28569362679
Tropics,SAT1,97,3833.6471571765924,3888.156045493439
Tropics,SAT1,97,15759.723054028722,15815.951827824527
Tropics,SAT1,97,21706.858087536322,21762.310589200428
Tropics,SAT1,1157,46308.05894336086,46362.52105886892
Tropics,SAT1,1157,58234.17598237252,58290.41196626698
Tropics,SAT1,1157,64181.12435056548,64236.66501466161
Tropics,SAT1,532,25573.532159175913,25627.224338549368
Tropics,SAT1,676,68048.18138489324,68101.7684052735
Tropics,SAT1,155,3761.7889306672023,3817.958485580441
Tropics,SAT1,155,21709.200546477685,21764.19712255311
Tropics,SAT1,1100,46236.27378753071,46292.42841743354
Tropics,SAT1,1100,64183.62694933224,64238.654520884316
Tropics,SAT1,141,20576.077256068525,20630.96428359385
Tropics,SAT1,141,44469.55973731728,44524.01556197964
Tropics,SAT1,1086,1994.749255862619,2049.2593851692127
Tropics,SAT1,1086,63050.51122489569,63105.28474131076
Tropics,SAT1,60,60441.01325948193,60495.49082643009
Tropics,SAT1,60,72365.29684733327,72421.85957381625
Tropics,SAT1,60,78315.50001404433,78370.48983896006
Tropics,SAT1,1120,17966.210278243463,18020.631763913952
Tropics,SAT1,1120,29890.3032132072,29946.89886672562
Tropics,SAT1,1120,35840.69836906234,35895.71924649716
Tropics,SAT1,485,33680.3997146861,33734.95140162037
Tropics,SAT1,485,82330.04065801101,82383.98761952794
Tropics,SAT1,772,39855.43937334414,39909.24054713586
Tropics,SAT1,772,76154.92245096629,76209.52710387271
Tropics,SAT1,197,26111.92599444603,26166.506895776016
Tropics,SAT1,1021,68586.40651890737,68640.86268660186
Tropics,SAT1,297,59819.54805024556,59874.921585586315
Tropics,SAT1,862,17344.89385120674,17400.23045941177
Tropics,SAT1,8,66392.07357775768,66446.71554194615
Tropics,SAT1,8,72335.21880361684,72389.86223803979
Tropics,SAT1,1175,23917.22601786433,23971.845970695304
Tropics,SAT1,1175,29860.361543877243,29915.01743989251
Tropics,SAT1,356,71204.46394805633,71258.35084660622
Tropics,SAT1,921,28729.796545453577,28783.58174404921
Tropics,SAT1,42,3878.3589240677325,3934.532940231478
Tropics,SAT1,42,9815.16542619816,9869.81380939484
Tropics,SAT1,42,15757.34628067271,15812.108931631374
Tropics,SAT1,1209,46352.67901818573,46408.77345759877
Tropics,SAT1,1209,52289.529203153994,52344.16511452691
Tropics,SAT1,1209,58231.65493173994,58286.44442653672
Tropics,SAT1,470,14310.489709448568,14364.860086589155
Tropics,SAT1,757,56785.13723386699,56839.339861774795
Tropics,SAT1,465,19953.520844540773,20008.75707907978
Tropics,SAT1,752,62428.187873072995,62483.227871682444
Tropics,SAT1,329,20222.41562381402,20276.421623320406
Tropics,SAT1,894,62696.973437190616,62750.85221049491
Tropics,SAT1,584,5621.958907741457,5675.547200621004
Tropics,SAT1,584,48096.510636792584,48150.20155728143
Tropics,SAT1,604,25489.87387468223,25544.10232360953
Tropics,SAT1,604,67964.52672387839,68018.6866859495
Tropics,SAT1,614,14186.245862732512,14241.483623127322
Tropics,SAT1,614,56660.874389910685,56716.074712244466
Tropics,SAT1,580,11331.733123467087,11385.827745673401
Tropics,SAT1,580,53806.26241041651,53860.52400298616
Tropics,SAT1,638,28344.48687387086,28399.632626953426
Tropics,SAT1,638,70819.00439086002,70874.35141500573
Tropics,SAT1,78,32099.40491425806,32153.960372035595
Tropics,SAT1,78,44021.26199230565,44078.16322693068
Tropics,SAT1,78,49974.667480784425,50029.3128808165
Tropics,SAT1,1138,1546.2616316756346,1603.1940006516056
Tropics,SAT1,1138,7499.843772067388,7554.5299988082925
Tropics,SAT1,1138,74573.80906475222,74628.29405519858
Tropics,SAT1,533,25632.185686923913,25687.955966547263
Tropics,SAT1,677,68106.79356221227,68146.70004939014
Tropics,SAT1,502,16868.03329374565,16921.7231412017
Tropics,SAT1,646,59342.533305213896,59396.365423085066
Tropics,SAT1,309,78818.5851241685,78872.43432685464
Tropics,SAT1,874,36343.80315926513,36397.739142173225
Tropics,SAT1,77,32025.166163015267,32080.862127915418
Tropics,SAT1,77,37970.84450169456,38027.00266196643
Tropics,SAT1,77,49899.03205787921,49953.52484077127
Tropics,SAT1,194,31851.798097002094,31906.232677671866
Tropics,SAT1,194,55834.82702004205,55889.87098286991
Tropics,SAT1,1018,13359.896696137426,13415.055230857506
Tropics,SAT1,1018,74326.29341404882,74380.66623540556
Tropics,SAT1,1137,7424.141413996359,7478.684925236756
Tropics,SAT1,1137,74499.55028744179,74555.13672240183
Tropics,SAT1,1137,80445.3120014487,80501.45714066709
Tropics,SAT1,427,16571.840203727144,16626.636255444482
Tropics,SAT1,855,59046.35019901977,59101.192558277704
Tropics,SAT1,589,0.0,23.91399277459357
Tropics,SAT1,589,42444.938717551886,42498.57960624553
Tropics,SAT1,589,84919.63175135296,84973.1566356044
Tropics,SAT1,294,65574.67517552724,65628.8518385369
Tropics,SAT1,859,23099.992265664732,23154.033540249537
Tropics,SAT1,359,16575.068532684036,16630.493074694667
Tropics,SAT1,599,31141.61634148719,31195.526398257243
Tropics,SAT1,599,73616.2821254719,73670.10767315376
Tropics,SAT1,924,59049.426369634646,59105.02995863101
Tropics,SAT1,305,84510.4037699291,84564.88329125581
Tropics,SAT1,870,42035.66351295886,42090.19955953504
Tropics,SAT1,482,39443.63709365373,39498.482106850606
Tropics,SAT1,540,56518.7856139962,56572.67019784955
Tropics,SAT1,684,14044.102108436971,14098.068373482643
Tropics,SAT1,769,81918.07241864278,81973.1029482461
Tropics,SAT1,133,31883.82805262466,31939.19081520858
Tropics,SAT1,133,55777.228153654374,55831.51172456653
Tropics,SAT1,1078,13302.392385144603,13356.736771804426
Tropics,SAT1,1078,74358.26236394556,74413.49627193104
Tropics,SAT1,203,20575.97088410601,20631.672941572633
Tropics,SAT1,203,44559.520443781235,44613.65295246541
Tropics,SAT1,348,27772.21053776409,27827.354962775702
Tropics,SAT1,348,82589.77975736953,82644.70243713098
Tropics,SAT1,913,40115.08733458975,40169.84843620949
Tropics,SAT1,913,70246.7066731743,70301.8872781475
Tropics,SAT1,1027,2084.659882447249,2138.8846445336612
Tropics,SAT1,1027,63050.47780440882,63106.15316089281
Tropics,SAT1,125,43191.69181272907,43247.687666716294
Tropics,SAT1,125,67084.63571769423,67138.87481092068
Tropics,SAT1,142,20647.74687494272,20702.093323687914
Tropics,SAT1,1070,716.982880304642,772.9559658972277
Tropics,SAT1,1070,24609.77536243408,24664.080839896887
Tropics,SAT1,1070,85666.12724394817,85721.97814388535
Tropics,SAT1,1087,63122.199490410734,63176.47999558077
Tropics,SAT1,147,15068.229082196076,15123.886320737496
Tropics,SAT1,147,33015.4512722916,33070.868654101985
Tropics,SAT1,1092,57542.70926271528,57598.34279118721
Tropics,SAT1,1092,75489.89419760439,75545.33367347637
Tropics,SAT1,448,42707.0220088637,42761.50120166739
Tropics,SAT1,448,79007.2686945466,79061.14256634127
Tropics,SAT1,735,232.4095112398365,286.7204262968054
Tropics,SAT1,735,36532.48032197815,36586.49870852023
Tropics,SAT1,735,85181.6292803414,85236.04781338405
Tropics,SAT1,139,26374.83058206938,26430.043434731608
Tropics,SAT1,139,44321.469921396754,44377.38042127396
Tropics,SAT1,1084,1846.4950322792026,1902.4985117358533
Tropics,SAT1,1084,68849.30658634039,68904.4860358102
Tropics,SAT1,191,61576.482150992204,61630.57365854312
Tropics,SAT1,255,31649.96147803088,31704.420297347446
Tropics,SAT1,255,61677.338089214485,61731.334639114
Tropics,SAT1,263,50306.27948933184,50361.25032826749
Tropics,SAT1,952,19202.491626323434,19256.593809801623
Tropics,SAT1,952,74124.486393632,74178.80629319862
Tropics,SAT1,960,7831.369946753212,7886.47789661166
Tropics,SAT1,1015,19101.656377276035,19155.82267072534
Tropics,SAT1,130,37608.683775255515,37663.01929649538
Tropics,SAT1,130,61500.86020322515,61556.26427972386
Tropics,SAT1,210,9162.384849559217,9216.53327277192
Tropics,SAT1,210,33143.09730398549,33199.43089708215
Tropics,SAT1,1034,51636.86452493995,51690.92450525883
Tropics,SAT1,1034,75617.58576360218,75673.93212521465
Tropics,SAT1,1075,19026.10122947142,19081.537252018035
Tropics,SAT1,1075,80083.13297259613,80137.38386876814
Tropics,SAT1,209,9095.488154688024,9150.866911889627
Tropics,SAT1,1033,51569.96179004372,51625.19124064507
Tropics,SAT1,185,43128.574734050184,43182.77119292957
Tropics,SAT1,1009,653.84347211284,707.9631319813493
Tropics,SAT1,1009,85603.06401478604,85657.15855840869
Tropics,SAT1,157,21853.428448386345,21908.650224098983
Tropics,SAT1,157,82910.13281392162,82964.48634713814
Tropics,SAT1,1102,40435.3789942325,40489.66222232204
Tropics,SAT1,1102,64327.71564284584,64383.04962488042
Tropics,SAT1,115,60295.570565416165,60349.95614544428
Tropics,SAT1,200,50298.07740889611,50353.049591580326
Tropics,SAT1,395,56227.525109668524,56281.824550483965
Tropics,SAT1,823,13752.692149704348,13807.144613169035
Tropics,SAT1,1024,7823.323311602141,7878.338932534051
Tropics,SAT1,1060,17820.783436385016,17875.08557676151
Tropics,SAT1,124,49063.053099778255,49119.13659115245
Tropics,SAT1,124,67010.47334914086,67065.54222788663
Tropics,SAT1,1069,6588.189119612891,6644.165116168556
Tropics,SAT1,1069,24535.531267594186,24590.685419240654
Tropics,SAT1,184,43061.9131731196,43117.789039109346
Tropics,SAT1,1008,587.2210396064363,643.0715013461075
Tropics,SAT1,1008,85536.39877068154,85592.11050078088
Tropics,SAT1,148,33090.392785549986,33144.68194542989
Tropics,SAT1,1093,75564.76961503101,75619.11320841052
Tropics,SAT1,250,67296.15755340719,67351.10998398154
Tropics,SAT1,947,24821.244919268007,24876.332469194378
Tropics,SAT1,405,8763.078810666428,8817.388928302822
Tropics,SAT1,405,44950.290364091365,45003.98725821387
Tropics,SAT1,833,2475.5345730276954,2529.33169102889
Tropics,SAT1,833,51237.68020462475,51291.83357842909
Tropics,SAT1,195,31921.266634823012,31977.673581905587
Tropics,SAT1,195,55904.23131338284,55958.29610080433
Tropics,SAT1,1019,13429.39394962231,13483.53951787799
Tropics,SAT1,1019,74395.78411052671,74452.17464436483
Tropics,SAT1,121,72738.2428784132,72792.50457267731
Tropics,SAT1,1066,30263.37046818684,30317.701017042647
Tropics,SAT1,228,10640.34490117725,10696.230065777696
Tropics,SAT1,925,53114.84217507681,53170.750156136586
Tropics,SAT1,387,31440.595654081477,31494.421402644093
Tropics,SAT1,387,67627.36268407229,67681.49665115098
Tropics,SAT1,815,25152.63576003199,25206.83995738366
Tropics,SAT1,815,73915.19301253441,73968.89286766591
Tropics,SAT1,151,9414.988670730347,9470.894254314382
Tropics,SAT1,151,27362.35533267632,27417.55277966417
Tropics,SAT1,1096,51889.47113411352,51945.35762089833
Tropics,SAT1,1096,69836.79003646386,69892.01392093266
Tropics,SAT1,196,55969.8879546657,56025.17197152718
Tropics,SAT1,1020,13495.145040023302,13550.46571169934
Tropics,SAT1,289,16326.523519139042,16381.531777293714
Tropics,SAT1,575,16983.477076574327,17037.25868654876
Tropics,SAT1,575,59458.01018462274,59511.94261649649
Tropics,SAT1,986,58800.99528702576,58856.04252100875
Tropics,SAT1,66,49014.98700945942,49070.66800759626
Tropics,SAT1,66,54960.720510137435,55016.88964515617
Tropics,SAT1,66,66888.88424890919,66943.37568528835
Tropics,SAT1,1126,6540.251860239003,6595.906412352196
Tropics,SAT1,1126,12485.797786116538,12541.907622018203
Tropics,SAT1,1126,24413.992574186163,24468.53216663973
Tropics,SAT1,325,25914.939556787318,25968.86029227592
Tropics,SAT1,890,68389.49399064049,68443.32055997514
Tropics,SAT1,493,70923.08342474091,70978.22638038437
Tropics,SAT1,780,28448.46999267726,28503.57216740363
Tropics,SAT1,52,4643.586978062897,4698.048246784092
Tropics,SAT1,52,71717.36951412178,71772.12573058008
Tropics,SAT1,52,77668.08222328409,77724.9486666738
Tropics,SAT1,1112,29242.60312431442,29297.313785018392
Tropics,SAT1,1112,35193.13251334839,35249.944888678794
Tropics,SAT1,1112,47117.91688426708,47172.43348717811
Tropics,SAT1,105,4487.350778872721,4542.873522527656
Tropics,SAT1,105,77507.93374184753,77562.81797119323
Tropics,SAT1,1165,35033.07902771629,35087.896702872844
Tropics,SAT1,1165,46961.77945483619,47017.31740277033
Tropics,SAT1,549,45164.801450715764,45218.34053433804
Tropics,SAT1,693,2690.0886100089388,2743.7465452080087
Tropics,SAT1,91,15264.300252667948,15319.746424684292
Tropics,SAT1,91,27193.778629582965,27248.67237663284
Tropics,SAT1,1151,57738.74748984265,57794.17463593245
Tropics,SAT1,1151,69668.17880338064,69723.09489485192
Tropics,SAT1,437,53933.22922389255,53988.40267252185
Tropics,SAT1,724,11458.611009508868,11513.745281645857
Tropics,SAT1,53,4717.049614231409,4772.488841547125
Tropics,SAT1,53,71793.0298298916,71847.55197790057
Tropics,SAT1,53,83719.27298498589,83775.48031753488
Tropics,SAT1,1113,29318.21002891521,29372.670849667345
Tropics,SAT1,1113,41244.28826209414,41300.531851169384
Tropics,SAT1,1113,47191.31669007424,47246.84585402736
Tropics,SAT1,104,4405.732484139476,4462.314531870667
Tropics,SAT1,104,10356.226942271212,10411.178569176232
Tropics,SAT1,104,77430.8549464158,77485.33289873102
Tropics,SAT1,1164,34956.05335730651,35010.47366765189
Tropics,SAT1,1164,46880.19463069084,46936.783202105944
Tropics,SAT1,1164,52830.51539335443,52885.5438036545
Tropics,SAT1,551,2924.34839058021,2978.070712420344
Tropics,SAT1,695,45398.98641937476,45452.60847924161
Tropics,SAT1,458,67720.90183767557,67774.57711695465
Tropics,SAT1,745,25246.1720913198,25299.944162158634
Tropics,SAT1,518,42575.16649086734,42629.03046510295
Tropics,SAT1,662,100.5923523514412,154.31100097762106
Tropics,SAT1,662,85049.8120990503,85103.58762940278
Tropics,SAT1,559,33869.55206030783,33923.521403579434
Tropics,SAT1,703,76344.04070958045,76398.16915212158
Tropics,SAT1,555,82166.72586585302,82220.76099787897
Tropics,SAT1,699,39692.146693341456,39746.10382678664
Tropics,SAT1,451,36943.37530593781,36998.5795696771
Tropics,SAT1,514,48281.40562343568,48336.98510571257
Tropics,SAT1,658,5806.837775891312,5862.2128305084925
Tropics,SAT1,738,79418.04726278053,79473.05668170842
Tropics,SAT1,84,26617.464933585743,26673.26139380524
Tropics,SAT1,84,38546.563926839015,38601.21935250379
Tropics,SAT1,1144,63173.48381940895,63205.02898031683
Tropics,SAT1,1144,69091.92255909747,69147.70345748976
Tropics,SAT1,1144,81020.94791819759,81075.63059718163
Tropics,SAT1,73,43607.33595211936,43663.143129431024
Tropics,SAT1,73,55536.42325960786,55591.07567821722
Tropics,SAT1,1133,1132.4279000018353,1188.17459516544
Tropics,SAT1,1133,13061.512959044549,13116.21599707832
Tropics,SAT1,1133,80138.51377404199,80194.82824265533
Tropics,SAT1,1133,86081.79765362186,86137.5871462331
Tropics,SAT1,479,2963.6683189973164,3018.93519555656
Tropics,SAT1,766,45438.328810015424,45493.39969480161
Tropics,SAT1,522,36868.428125947474,36922.31456696299
Tropics,SAT1,666,79343.10903448523,79396.84739946375
Tropics,SAT1,295,10821.397595773431,10875.406495306921
Tropics,SAT1,860,53295.85366160177,53349.93723876118
Tropics,SAT1,358,16514.20406277874,16567.983493465465
Tropics,SAT1,923,58988.6269680024,59042.51204459312
Tropics,SAT1,472,50731.05951892451,50784.727634281866
Tropics,SAT1,759,8256.33510186865,8310.100909382934
Tropics,SAT1,79,32175.734820554335,32230.38498850518
Tropics,SAT1,79,44103.40630997889,44159.26779298876
Tropics,SAT1,79,50046.86401664699,50103.03381149194
Tropics,SAT1,1139,1628.4341276241112,1684.3412738611344
Tropics,SAT1,1139,7572.1181197384785,7628.307492424235
Tropics,SAT1,1139,74650.1626637926,74704.77131969012
Tropics,SAT1,574,16924.89362414791,16978.98288448449
Tropics,SAT1,574,59399.4559924052,59453.61632156293
Tropics,SAT1,351,76834.3822622057,76888.78126785494
Tropics,SAT1,916,34359.72655220321,34414.05974962275
Tropics,SAT1,302,54189.591945563705,54243.80173643214
Tropics,SAT1,867,11714.928814686295,11769.06529811885
Tropics,SAT1,414,33611.57005353152,33665.24332809582
Tropics,SAT1,414,82373.53017127056,82428.16716595508
Tropics,SAT1,842,39898.90059953317,39953.480604493256
Tropics,SAT1,842,76086.02461774761,76139.80090724998
Tropics,SAT1,315,37174.75491705553,37229.78732754073
Tropics,SAT1,880,79649.33133621996,79704.19028695226
Tropics,SAT1,338,8900.026439377747,8953.985798444066
Tropics,SAT1,545,8511.868062723559,8567.353810233022
Tropics,SAT1,545,50870.98910313377,50925.38161883911
Tropics,SAT1,689,8396.32539953212,8450.778499695887
Tropics,SAT1,689,50986.57987259719,51041.861506805064
Tropics,SAT1,112,66022.8177312913,66078.17348664142
Tropics,SAT1,112,83969.70254027934,84025.45033298407
Tropics,SAT1,1057,23547.980471648578,23603.232547276853
Tropics,SAT1,1057,41494.72861815744,41550.56377181692
Tropics,SAT1,565,70871.89412309628,70925.55328279838
Tropics,SAT1,709,28397.322503914325,28450.861398237525
Tropics,SAT1,171,4987.601798637365,5042.394317270575
Tropics,SAT1,508,53870.18819095806,53923.88960929332
Tropics,SAT1,652,11395.608825774123,11449.206983752465
Tropics,SAT1,995,47461.92425713278,47516.842915586036
Tropics,SAT1,160,16129.506027178926,16183.759573039797
Tropics,SAT1,160,77185.35159689857,77240.81103736858
Tropics,SAT1,1105,34710.63955666927,34766.06318565101
Tropics,SAT1,1105,58603.85603587374,58658.18183788251
Tropics,SAT1,280,27630.234294002836,27686.09459182237
Tropics,SAT1,977,70104.72933672117,70160.61101957294
Tropics,SAT1,241,78599.90290091302,78655.6895900151
Tropics,SAT1,440,5463.986464473478,5518.776743128667
Tropics,SAT1,484,82269.8883691455,82324.17897245982
Tropics,SAT1,727,47938.42977466562,47993.404041730966
Tropics,SAT1,771,39795.28252344284,39849.50536802767
Tropics,SAT1,938,36124.955593736624,36180.88958019283
Tropics,SAT1,80,32254.166087270423,32309.622303527078
Tropics,SAT1,80,44183.64457351626,44238.53407797628
Tropics,SAT1,221,22002.961860128173,22058.742915886836
Tropics,SAT1,1045,64477.252910495,64533.18351927251
Tropics,SAT1,1140,1708.7170383730427,1763.65851762123
Tropics,SAT1,1140,74728.61748613224,74784.05259583973
Tropics,SAT1,223,16196.527447859571,16251.479801067271
Tropics,SAT1,223,77162.6356401649,77217.17879577637
Tropics,SAT1,1047,34687.87180147871,34742.29966688305
Tropics,SAT1,1047,58670.974603534145,58725.96460826998
Tropics,SAT1,490,28037.687537527887,28091.600506690742
Tropics,SAT1,490,76686.70055663117,76741.22442417596
Tropics,SAT1,777,34212.09626311123,34266.449286752315
Tropics,SAT1,777,70512.19253022247,70566.18335352011
Tropics,SAT1,528,31279.89205530091,31334.80644542464
Tropics,SAT1,672,73754.51136179418,73809.37940367473
Tropics,SAT1,173,60145.46762439125,60199.661818004286
Tropics,SAT1,173,84127.34530475999,84183.09215441167
Tropics,SAT1,997,17670.720764627,17724.818288910967
Tropics,SAT1,997,41652.38079956949,41708.247274286725
Tropics,SAT1,114,60223.73689699203,60278.50069179096
Tropics,SAT1,114,84117.16887039342,84171.71111781814
Tropics,SAT1,220,21937.986263990864,21992.095008081724
Tropics,SAT1,1044,64412.35016514508,64466.550082014335
Tropics,SAT1,1059,17749.00275515621,17803.716160419823
Tropics,SAT1,1059,41642.3584929997,41696.94812501743
Tropics,SAT1,390,61865.399363496,61920.68626287129
Tropics,SAT1,818,19390.525981241866,19445.99085624458
Tropics,SAT1,386,67566.6159179858,67620.58130008711
Tropics,SAT1,814,73879.37513829822,73909.8411557583
Tropics,SAT1,158,15978.936209190557,16035.589883333141
Tropics,SAT1,158,82982.94113056173,83037.73703238902
Tropics,SAT1,1103,40508.13026761314,40562.82837788843
Tropics,SAT1,1103,58453.416342955745,58510.079478765
Tropics,SAT1,135,32028.190998861275,32083.20983324328
Tropics,SAT1,135,49974.39438298782,50030.5757568954
Tropics,SAT1,1080,7499.409249925976,7555.683804895157
Tropics,SAT1,1080,74502.66504180916,74557.64579100422
Tropics,SAT1,172,60078.26711949411,60133.15124650927
Tropics,SAT1,996,17603.563972985376,17658.399001187234
Tropics,SAT1,222,77094.81657857636,77149.13639015028
Tropics,SAT1,311,42867.19852511938,42921.329652282555
Tropics,SAT1,876,392.53157472595706,446.58600984533257
Tropics,SAT1,876,85341.76706579469,85395.76038639751
Tropics,SAT1,1046,34620.1004791033,34674.349036240244
Tropics,SAT1,499,16690.529627698266,16745.10475963562
Tropics,SAT1,786,22865.59333335319,22919.384094187233
Tropics,SAT1,786,59165.056309242675,59219.6844481569
Tropics,SAT1,174,60214.31841877404,60269.91719672074
Tropics,SAT1,174,84197.9391695578,84252.1013000235
Tropics,SAT1,998,17739.517996478913,17794.98245290715
Tropics,SAT1,998,41723.06585391415,41777.31791581722
Tropics,SAT1,63,54727.53842104915,54782.30091673409
Tropics,SAT1,63,60678.197197552596,60735.05278777697
Tropics,SAT1,63,72602.93103791818,72657.40456500673
Tropics,SAT1,1123,12252.769848426493,12307.489494993379
Tropics,SAT1,1123,18203.2464377911,18260.05046969192
Tropics,SAT1,1123,30128.081955808793,30182.597474706217
Tropics,SAT1,242,48639.80025366623,48694.24441407088
Tropics,SAT1,242,78667.1934727751,78721.18507652014
Tropics,SAT1,939,6165.112207559443,6219.493672696728
Tropics,SAT1,939,36192.3437140936,36246.43899830753
Tropics,SAT1,523,36927.555725755934,36981.83373715631
Tropics,SAT1,667,79402.18778688411,79456.39913521355
Tropics,SAT1,286,22077.26021345969,22131.356867894996
Tropics,SAT1,286,76999.09517942565,77053.11407280824
Tropics,SAT1,983,34524.39091288564,34578.30496437515
Tropics,SAT1,983,64551.63396664222,64605.84656802808
Tropics,SAT1,342,3207.5670162427946,3262.1726031343437
Tropics,SAT1,907,45682.12678494309,45736.57478875766
Tropics,SAT1,235,60074.543282853745,60129.98205665096
Tropics,SAT1,932,17599.792156388987,17655.076797656755
Tropics,SAT1,413,33548.930654412536,33604.26491312047
Tropics,SAT1,841,76023.45081191736,76078.81730547681
Tropics,SAT1,94,9548.508674924018,9603.36270400379
Tropics,SAT1,94,21477.228242334997,21532.745462473125
Tropics,SAT1,1154,52022.93834240201,52077.761492146856
Tropics,SAT1,1154,63951.657506305506,64007.18775142969
Tropics,SAT1,550,2864.724321050784,2919.411986304328
Tropics,SAT1,550,45223.07203593244,45278.200275363146
Tropics,SAT1,694,2748.427034856221,2803.59487017019
Tropics,SAT1,694,45339.417724919986,45393.92274333012
Tropics,SAT1,98,3911.3605511101973,3966.4839517830137
Tropics,SAT1,98,15840.69939388804,15895.887983519857
Tropics,SAT1,1158,46385.79698669435,46440.897247646
Tropics,SAT1,1158,58315.114621237684,58370.3214451184
Tropics,SAT1,268,14660.123166396199,14714.596331895957
Tropics,SAT1,268,44687.48279067273,44741.484488613765
Tropics,SAT1,965,2212.639376112251,2266.748952952659
Tropics,SAT1,965,57134.642262375964,57188.97741354151
Tropics,SAT1,59,60366.06297482874,60421.19021300881
Tropics,SAT1,59,66314.30740886217,66370.83432307246
Tropics,SAT1,59,78241.00576068688,78295.43193041929
Tropics,SAT1,1119,17891.312448045363,17946.403390298346
Tropics,SAT1,1119,23839.37079026562,23895.840469182134
Tropics,SAT1,1119,35766.134016884,35820.60473421927
Tropics,SAT1,344,3333.482169573284,3389.619517840617
Tropics,SAT1,344,33465.977499531735,33520.1446545118
Tropics,SAT1,909,45808.02691197975,45864.14633400365
Tropics,SAT1,909,75940.43861369198,75994.6709934187
Tropics,SAT1,278,3419.796439040693,3474.4469519355434
Tropics,SAT1,278,33445.15728493844,33500.551229429526
Tropics,SAT1,975,45894.31391193715,45948.912570945955
Tropics,SAT1,975,75919.482607321,75975.03675288318
Tropics,SAT1,243,48704.304698878055,48758.52844152525
Tropics,SAT1,243,78730.8703654295,78785.5102388421
Tropics,SAT1,399,50535.61179834376,50581.874366551274
Tropics,SAT1,940,6229.5805655527465,6283.685519320783
Tropics,SAT1,940,36256.11598611055,36310.80711333285
Tropics,SAT1,534,62106.558494529425,62161.12651513498
Tropics,SAT1,678,19631.777511090575,19686.525475643455
Tropics,SAT1,376,78842.3807799281,78898.29903933241
Tropics,SAT1,804,36388.84983067286,36423.59035844382
Tropics,SAT1,410,3124.191039538956,3178.0252225998547
Tropics,SAT1,410,39310.97652528114,39365.0834378163
Tropics,SAT1,838,45598.77824326407,45652.48658418912
Tropics,SAT1,838,81785.39439344066,81839.64976090394
Tropics,SAT1,140,44397.33335789941,44451.78531177956
Tropics,SAT1,1085,1922.4363859397174,1976.9681306616471
Tropics,SAT1,138,26301.357582353932,26355.67101702214
Tropics,SAT1,138,50192.30205838462,50248.37272413966
Tropics,SAT1,1083,7717.569478197135,7773.662919503673
Tropics,SAT1,1083,68775.80879024822,68830.05032695884
Tropics,SAT1,128,43409.87957188606,43466.23682138502
Tropics,SAT1,128,61357.27926154678,61412.16023721422
Tropics,SAT1,1073,935.0066558090243,991.2560518945212
Tropics,SAT1,1073,18882.348228739967,18937.31370237862
Tropics,SAT1,1073,85884.37810577454,85940.71891975775
Tropics,SAT1,102,10203.912688696179,10258.81093729794
Tropics,SAT1,102,83223.76658212983,83279.25300040514
Tropics,SAT1,1162,40748.87807155608,40804.2972806775
Tropics,SAT1,1162,52678.31303575526,52733.23528407576
Tropics,SAT1,120,54716.26750184004,54772.09183676254
Tropics,SAT1,120,72663.60805661295,72718.88467674353
Tropics,SAT1,379,42840.3259972676,42895.65739868906
Tropics,SAT1,807,365.664355884452,420.8143367697505
Tropics,SAT1,807,85314.90503372312,85370.20038349238
Tropics,SAT1,1065,12241.412447586175,12297.13026872385
Tropics,SAT1,1065,30188.655138977443,30244.017943560542
Tropics,SAT1,137,26229.937940658325,26285.04394346437
Tropics,SAT1,137,50123.42606760229,50177.77988659451
Tropics,SAT1,1082,7648.603561674749,7703.014343436498
Tropics,SAT1,1082,68704.37210203879,68759.35687633413
Tropics,SAT1,423,22272.722287889592,22326.499642205912
Tropics,SAT1,423,71034.73124371137,71089.91461054915
Tropics,SAT1,851,28560.09846645732,28615.241013165913
Tropics,SAT1,851,64747.19174559877,64801.05768223033
Tropics,SAT1,152,3551.5363252528396,3600.3571575494348
Tropics,SAT1,152,27436.82808307838,27491.076124351654
Tropics,SAT1,1097,46018.537924371056,46074.632536385914
Tropics,SAT1,1097,69911.19585050801,69965.50424874575
Tropics,SAT1,55,66004.80837608782,66060.474005468
Tropics,SAT1,55,71950.59697385946,72006.77711465154
Tropics,SAT1,55,83878.7366503394,83933.22679218758
Tropics,SAT1,1115,23530.07558465854,23585.71287694491
Tropics,SAT1,1115,29475.675501486483,29531.794142270515
Tropics,SAT1,1115,41403.84368711729,41458.37975214725
Tropics,SAT1,96,3758.0482820626994,3812.8307268073754
Tropics,SAT1,96,9708.544892832813,9765.369187041344
Tropics,SAT1,96,21633.422942371013,21687.886919168985
Tropics,SAT1,1156,46232.43699315019,46287.139771851784
Tropics,SAT1,1156,52183.01913727159,52239.839910747185
Tropics,SAT1,1156,64107.75211430336,64162.26984813468
Tropics,SAT1,134,31955.003129686746,32009.312836945574
Tropics,SAT1,134,55846.614995567885,55902.33189329417
Tropics,SAT1,1079,13371.869170231379,13427.613454432652
Tropics,SAT1,1079,74429.45360194644,74483.68477923307
Tropics,SAT1,61,60518.07670895925,60572.95334104776
Tropics,SAT1,61,72446.86212463972,72502.36286490722
Tropics,SAT1,1121,18043.220262939394,18098.03255075324
Tropics,SAT1,1121,29971.901751206595,30027.447403064623
Tropics,SAT1,132,37756.74716482103,37813.393134979815
Tropics,SAT1,132,55704.02503900295,55758.74021437337
Tropics,SAT1,1077,13229.105260617793,13283.90324785362
Tropics,SAT1,1077,80231.24808874098,80287.88107822732
Tropics,SAT1,333,14529.962494243162,14584.699203284676
Tropics,SAT1,898,57004.52774935998,57059.10161880391
Tropics,SAT1,156,21783.198960051883,21837.435098165708
Tropics,SAT1,156,82839.28028154769,82895.04944350447
Tropics,SAT1,1101,40364.575310364526,40420.3138613718
Tropics,SAT1,1101,64257.55815067272,64311.860221770636
Tropics,SAT1,144,38743.89454402989,38798.251887935985
Tropics,SAT1,1089,81218.27997942877,81272.68642295778
Tropics,SAT1,116,60369.522490144984,60425.10381233091
Tropics,SAT1,116,78316.68417655262,78372.18750833576
Tropics,SAT1,1061,17894.6763435482,17950.152464805804
Tropics,SAT1,1061,35841.72064296792,35897.310856986514
Tropics,SAT1,569,22573.791830393064,22629.09729735104
Tropics,SAT1,569,65164.8741525757,65219.31100368994
Tropics,SAT1,713,22690.285730183637,22744.661582598954
Tropics,SAT1,713,65048.265970096836,65103.77472878847
Tropics,SAT1,504,59576.759869931615,59630.93686353447
Tropics,SAT1,648,17102.192010805902,17156.206602940216
Tropics,SAT1,303,54252.311708505054,54306.56980696967
Tropics,SAT1,303,84382.93477467382,84439.01115994109
Tropics,SAT1,868,11777.624288997979,11831.743948621706
Tropics,SAT1,868,41921.078397439946,41964.25056300622
Tropics,SAT1,166,10593.462456457633,10647.530064456034
Tropics,SAT1,166,71559.58724150532,71615.87189505072
Tropics,SAT1,990,29084.772808380778,29140.913635081728
Tropics,SAT1,990,53067.84736147538,53121.99307111024
Tropics,SAT1,350,27897.65156939392,27952.89004971235
Tropics,SAT1,915,70372.01138459652,70427.42339039594
Tropics,SAT1,32,20868.170187738935,20924.332120383762
Tropics,SAT1,32,26805.00976555189,26859.659488430076
Tropics,SAT1,32,32747.175032035942,32801.94057840406
Tropics,SAT1,1199,63342.49468855949,63398.57516188302
Tropics,SAT1,1199,69279.37635601166,69334.0114469788
Tropics,SAT1,1199,75221.48487617978,75276.27488933232
Tropics,SAT1,11,60700.99675909468,60755.64855633801
Tropics,SAT1,11,66644.22108340797,66698.84834646886
Tropics,SAT1,360,16693.02101367011,16748.644113609345
Tropics,SAT1,360,65456.83042635345,65510.899428791956
Tropics,SAT1,554,39517.24522483279,39570.88688453037
Tropics,SAT1,698,81991.74222607641,82045.52125279582
Tropics,SAT1,788,22982.18620068562,23036.112635414494
Tropics,SAT1,788,59167.41148256764,59208.23462122904
Tropics,SAT1,1178,18226.158535094146,18280.786824303304
Tropics,SAT1,1178,24169.356911753694,24223.99453120062
Tropics,SAT1,429,16693.02101367011,16748.644113609345
Tropics,SAT1,429,65456.830426353445,65510.899428791956
Tropics,SAT1,857,22982.18620068562,23036.112635414494
Tropics,SAT1,857,59167.41148256764,59208.234621229385
Tropics,SAT1,18,49402.232126204435,49456.87306096449
Tropics,SAT1,18,55345.38094958768,55400.02295010089
Tropics,SAT1,1185,12870.523896880268,12925.180847882937
Tropics,SAT1,418,27911.07830101586,27965.407704311652
Tropics,SAT1,846,70385.57256981592,70439.96240081996
Tropics,SAT1,39,9568.158157257256,9623.846815144549
Tropics,SAT1,39,15506.506359625351,15561.162510010754
Tropics,SAT1,39,21447.751006683462,21502.651204440634
Tropics,SAT1,1206,52042.4856892563,52098.10470663943
Tropics,SAT1,1206,57980.87104005195,58035.51769816267
Tropics,SAT1,1206,63922.047222592024,63976.97919783516
Tropics,SAT1,539,56459.46748953893,56513.47066479999
Tropics,SAT1,683,13984.70988230954,14038.872927249344
Tropics,SAT1,439,5404.823930255387,5458.439385634091
Tropics,SAT1,439,54053.503535855896,54108.906210495654
Tropics,SAT1,726,11578.89068374823,11634.098962176062
Tropics,SAT1,726,47879.31543300553,47933.034917182464
Tropics,SAT1,44,4040.5496924241434,4095.2354974367745
Tropics,SAT1,44,9983.553438367679,10038.17870998163
Tropics,SAT1,1211,46514.902300318274,46569.55788315998
Tropics,SAT1,1211,52457.89965842995,52512.533552314904
Tropics,SAT1,306,48497.151588818575,48552.348721091446
Tropics,SAT1,871,6022.493685705264,6077.650571268794
Tropics,SAT1,6,66227.63611804148,66282.93972838255
Tropics,SAT1,6,72167.42745846749,72222.09147984337
Tropics,SAT1,6,78107.34942597647,78162.47346956073
Tropics,SAT1,1173,23752.86222511975,23808.141775977147
Tropics,SAT1,1173,29692.55554089866,29747.21055398619
Tropics,SAT1,1173,35632.53859181935,35687.678885946494
Tropics,SAT1,347,82526.85009800662,82580.75459635447
Tropics,SAT1,912,40052.187135108084,40105.99291227078
Tropics,SAT1,491,28097.64106492866,28151.703295244108
Tropics,SAT1,778,70572.0940135469,70626.31353623485
Tropics,SAT1,542,14278.350529779556,14332.740059158612
Tropics,SAT1,686,56752.97202849925,56807.29885831318
Tropics,SAT1,92,9396.586923438754,9451.746167036657
Tropics,SAT1,92,15344.666849205038,15401.160856313812
Tropics,SAT1,92,27271.472742547052,27325.89681235563
Tropics,SAT1,1152,51870.97044180232,51926.036239511595
Tropics,SAT1,1152,57819.13600208056,57875.62319305564
Tropics,SAT1,1152,69745.82080540132,69800.28903776946
Tropics,SAT1,296,10883.783414817914,10938.06003143432
Tropics,SAT1,861,53358.17211126406,53412.59291004619
Tropics,SAT1,65,54880.94348845137,54936.09389312304
Tropics,SAT1,65,66810.31610288871,66865.48981327044
Tropics,SAT1,1125,12406.069293687977,12461.155811499513
Tropics,SAT1,1125,24335.370679602584,24390.591978896915
Tropics,SAT1,357,16450.026943456396,16505.012710460815
Tropics,SAT1,357,71267.43862655996,71322.507492452
Tropics,SAT1,922,28792.741357114068,28847.645754591256
Tropics,SAT1,922,58924.52014602246,58979.54674055538
Tropics,SAT1,583,48069.53704278669,48092.72133125754
Tropics,SAT1,30,26638.82441053742,26693.69822690365
Tropics,SAT1,30,32580.657751072868,32635.306781829655
Tropics,SAT1,30,38517.27629041816,38573.08271765486
Tropics,SAT1,1197,69113.17280605198,69168.00063464172
Tropics,SAT1,1197,75055.01768476325,75109.66517505396
Tropics,SAT1,1197,80991.52622588321,81047.3865117064
Tropics,SAT1,320,31544.806184437006,31598.86959453734
Tropics,SAT1,885,74019.36972733017,74073.30021928139
Tropics,SAT1,612,14069.229819910739,14124.458442345887
Tropics,SAT1,612,56543.98259322798,56599.013588550646
Tropics,SAT1,153,3614.6786601230197,3669.125573977116
Tropics,SAT1,153,27507.56150639099,27562.536023708482
Tropics,SAT1,1098,46089.11367045571,46143.46869832398
Tropics,SAT1,1098,69981.8579149447,70036.9373737207
Tropics,SAT1,368,5295.154935019849,5348.831100919498
Tropics,SAT1,368,54057.11793669924,54111.79289218286
Tropics,SAT1,796,11582.480795211852,11637.101673141548
Tropics,SAT1,796,47769.615651462176,47823.39526773997
Tropics,SAT1,234,5087.427388749446,5141.514869257371
Tropics,SAT1,234,60009.251467114555,60063.2675061368
Tropics,SAT1,931,17534.543701741644,17588.456704759068
Tropics,SAT1,931,47561.8039399715,47616.00832635918
Tropics,SAT1,119,54642.01935746831,54696.48302110908
Tropics,SAT1,1064,12167.223845789338,12221.6011711819
Tropics,SAT1,331,50481.34460245926,50535.14084505602
Tropics,SAT1,531,25513.841334610384,25568.67213045681
Tropics,SAT1,531,67872.34872879855,67927.30920235046
Tropics,SAT1,675,25397.692363239636,25452.695454811925
Tropics,SAT1,675,67988.54632030148,68043.18997558004
Tropics,SAT1,896,8006.537521166482,8060.443791016576
Tropics,SAT1,287,77064.39741136422,77119.86116274189
Tropics,SAT1,984,34589.649549403606,34644.95731133688
Tropics,SAT1,35,21113.734120570643,21168.37573234777
Tropics,SAT1,35,27056.541779008403,27111.22395094396
Tropics,SAT1,1202,63588.098862231556,63642.722508403276
Tropics,SAT1,1202,69530.86286451737,69585.56484287085
Tropics,SAT1,285,22012.28276181778,22066.660317608188
Tropics,SAT1,285,76934.88327035899,76989.95801629765
Tropics,SAT1,982,34460.210378264564,34515.239419098456
Tropics,SAT1,982,64486.729163792865,64541.162931170504
Tropics,SAT1,270,14790.35018040286,14846.670455896094
Tropics,SAT1,967,57264.88101082107,57321.185164722854
Tropics,SAT1,535,62166.45256502993,62220.05535431249
Tropics,SAT1,679,19691.748671832425,19745.453848397425
Tropics,SAT1,15,55093.42043689921,55148.0645079781
Tropics,SAT1,15,61036.20937628795,61090.89526124569
Tropics,SAT1,1182,12618.564038359544,12673.19050672392
Tropics,SAT1,1182,18561.360723719095,18616.06349885029
Tropics,SAT1,251,37334.63380370916,37388.720976754536
Tropics,SAT1,251,67362.25046908947,67416.16650071519
Tropics,SAT1,948,24887.435088537346,24941.439567554273
Tropics,SAT1,948,79809.15949686522,79863.1303499409
Tropics,SAT1,283,82749.7823068787,82789.05224245127
Tropics,SAT1,980,40275.018419946915,40331.2925991413
Tropics,SAT1,238,54324.47412884806,54378.55614165226
Tropics,SAT1,238,84352.0946760635,84406.01309718311
Tropics,SAT1,935,11849.777530312133,11903.77538314002
Tropics,SAT1,935,41877.275905433366,41931.28083359804
Tropics,SAT1,603,25431.599707906,25485.484538498193
Tropics,SAT1,603,67906.31219716775,67960.04930655549
Tropics,SAT1,515,84755.64283226433,84810.35260071175
Tropics,SAT1,659,42280.84948655931,42335.742877211196
Tropics,SAT1,20,43628.65282247947,43683.52391529703
Tropics,SAT1,20,49570.504067372385,49625.153866025634
Tropics,SAT1,20,55507.081608673034,55562.897156249746
Tropics,SAT1,1187,1153.8491496231843,1208.6964102523198
Tropics,SAT1,1187,7095.62943126849,7150.281426561911
Tropics,SAT1,1187,13032.30640084379,13088.138089858674
Tropics,SAT1,1187,86103.0051433632,86157.82823064375
Tropics,SAT1,858,23037.327184536825,23091.556565326027
Tropics,SAT1,103,10281.628826338998,10336.052307236525
Tropics,SAT1,103,77355.88937046785,77411.00615260485
Tropics,SAT1,103,83304.18857213126,83360.72642994479
Tropics,SAT1,1163,34881.14114992424,34936.21945465419
Tropics,SAT1,1163,40829.25304879401,40885.731600132305
Tropics,SAT1,1163,52755.97742109959,52810.44671302455
Tropics,SAT1,68,49165.58613729488,49220.24162361245
Tropics,SAT1,68,61093.28902453338,61149.14529768475
Tropics,SAT1,68,67036.66324628057,67092.85095383762
Tropics,SAT1,1128,6690.745849124404,6745.340380755735
Tropics,SAT1,1128,18618.316612501014,18674.21576386748
Tropics,SAT1,1128,24561.9151959857,24618.12028561971
Tropics,SAT1,54,71870.805477901,71925.96489704402
Tropics,SAT1,54,83800.18882111294,83855.35751851533
Tropics,SAT1,1114,29395.932851033816,29451.026218154086
Tropics,SAT1,1114,41325.242481414585,41380.45679139255
Tropics,SAT1,558,33810.343969602465,33864.25927657543
Tropics,SAT1,702,76284.87358378996,76338.86701089244
Tropics,SAT1,363,10933.74308259055,10987.751056494759
Tropics,SAT1,363,59728.66656355473,59751.772542975996
Tropics,SAT1,791,53408.22792370436,53462.31015875612
Tropics,SAT1,588,42385.6695048118,42440.84485880061
Tropics,SAT1,588,84860.43092389993,84915.4105536791
Tropics,SAT1,430,16751.37584329751,16805.03006957523
Tropics,SAT1,717,59225.84753606414,59279.6320834327
Tropics,SAT1,215,3558.3135739135755,3613.1850053258718
Tropics,SAT1,215,27541.932547881857,27596.451327275277
Tropics,SAT1,1039,46032.80591363371,46087.63420164693
Tropics,SAT1,1039,70016.3592474178,70070.92612762496
Tropics,SAT1,349,27836.59629786816,27890.37077723428
Tropics,SAT1,914,70311.02125010407,70364.8966798457
Tropics,SAT1,500,16751.37584329751,16805.030069575227
Tropics,SAT1,787,59225.847536064146,59279.6320834327
Tropics,SAT1,206,14834.692228884862,14888.853738777252
Tropics,SAT1,206,38816.13206688971,38872.09940177802
Tropics,SAT1,304,84448.37685190575,84502.28275522587
Tropics,SAT1,869,41973.54279719054,42027.56692901798
Tropics,SAT1,1030,57309.17563949993,57363.255556767195
Tropics,SAT1,1030,81290.61046828609,81346.594945001
Tropics,SAT1,179,78592.81682658735,78647.24436447935
Tropics,SAT1,1003,36118.02571966437,36172.509050565786
Tropics,SAT1,129,37537.74628872722,37593.40535608503
Tropics,SAT1,129,61430.964304867215,61485.21028513995
Tropics,SAT1,520,79108.58523801151,79162.68489682143
Tropics,SAT1,664,36633.81559841207,36688.07855857349
Tropics,SAT1,1074,18956.116165533902,19010.425851064374
Tropics,SAT1,1074,80012.18106194938,80067.70329597108
Tropics,SAT1,260,26029.56548011453,26083.576432289665
Tropics,SAT1,260,56056.926028941714,56111.04183474142
Tropics,SAT1,428,65395.89687297552,65450.15039352226
Tropics,SAT1,856,22921.262752092192,22975.445801151483
Tropics,SAT1,856,59108.33141665324,59162.13937491757
Tropics,SAT1,957,13582.144918547967,13636.332933179056
Tropics,SAT1,957,68504.08688092703,68558.00375506365
Tropics,SAT1,187,67248.663216824,67302.82342291898
Tropics,SAT1,1011,24773.849104401987,24828.077847269935
Tropics,SAT1,51,4566.845935765121,4621.507488460078
Tropics,SAT1,51,71643.76720625939,71700.16659863248
Tropics,SAT1,51,77587.07946907812,77642.9080808524
Tropics,SAT1,89,15109.570019197663,15164.128264371751
Tropics,SAT1,89,27031.36736969416,27088.27320507254
Tropics,SAT1,89,32984.840170406474,33039.479466583434
Tropics,SAT1,1111,35112.17406982953,35167.93784647958
Tropics,SAT1,1111,47041.22992576357,47095.92260969753
Tropics,SAT1,1149,57583.96927025861,57638.45879045922
Tropics,SAT1,1149,69505.83941918767,69562.74685141438
Tropics,SAT1,1149,75459.14888566495,75513.8510073964
Tropics,SAT1,322,61803.70048697932,61857.52336983215
Tropics,SAT1,887,19328.884672603872,19382.820078091343
Tropics,SAT1,88,15035.345840051366,15091.057606835975
Tropics,SAT1,88,20980.969028185937,21037.11614983015
Tropics,SAT1,88,32909.180084001906,32963.67425971
Tropics,SAT1,1148,57509.72480249469,57565.32785589756
Tropics,SAT1,1148,63455.43249804988,63511.56890955224
Tropics,SAT1,1148,75383.54682714872,75438.07595598612
Tropics,SAT1,192,61641.62909928253,61697.27450229974
Tropics,SAT1,1016,19166.89764193969,19222.572444535006
Tropics,SAT1,553,39457.468478994604,39511.9034219078
Tropics,SAT1,697,81932.00960787258,81986.50168014846
Tropics,SAT1,207,14903.381205508624,14958.775096593594
Tropics,SAT1,207,38887.06083742929,38941.28509484855
Tropics,SAT1,1031,57377.88309986479,57433.24489708209
Tropics,SAT1,1031,81361.46667548676,81415.75049302589
Tropics,SAT1,106,4566.84593576512,4621.507488460075
Tropics,SAT1,106,71643.76720625935,71700.16659863248
Tropics,SAT1,106,77587.07946907812,77642.9080808524
Tropics,SAT1,122,48916.14563109454,48970.62802768996
Tropics,SAT1,122,72809.14839213756,72864.04654825025
Tropics,SAT1,1067,6441.396320228479,6495.819978133292
Tropics,SAT1,1067,30334.363470253393,30389.301634650325
Tropics,SAT1,1166,35112.17406982953,35167.93784647958
Tropics,SAT1,1166,47041.22992576357,47095.92260969755
Tropics,SAT1,69,49244.03242036984,49299.498693127396
Tropics,SAT1,69,61173.51074992128,61228.39603872658
Tropics,SAT1,1129,6769.140973051418,6824.544389331533
Tropics,SAT1,1129,18698.582041814487,18753.517095285624
Tropics,SAT1,87,20901.221025113096,20956.3533897105
Tropics,SAT1,87,32830.57138859168,32885.754914613906
Tropics,SAT1,216,27610.143485465673,27664.33581954631
Tropics,SAT1,1040,70084.49704903892,70138.78719196751
Tropics,SAT1,1147,63375.661706120896,63430.76889871876
Tropics,SAT1,1147,75304.98709849149,75360.18694795237
Tropics,SAT1,257,31780.207419130144,31836.558889152955
Tropics,SAT1,954,74254.74416383229,74301.12084862633
Tropics,SAT1,637,28286.80432848887,28340.326715968546
Tropics,SAT1,637,70761.34434376299,70814.98638171663
Tropics,SAT1,229,10707.772334352429,10761.78505215052
Tropics,SAT1,229,65629.6394733468,65684.07029677647
Tropics,SAT1,926,23154.955102391596,23209.3208284266
Tropics,SAT1,926,53182.19596435414,53236.28451931396
Tropics,SAT1,202,20507.02948036892,20561.243827870134
Tropics,SAT1,202,44489.09881650051,44544.72831185291
Tropics,SAT1,1026,2014.145860673254,2069.898528881656
Tropics,SAT1,1026,62981.516687403346,63035.6562261898
Tropics,SAT1,424,22332.967314382386,22387.44514578101
Tropics,SAT1,424,71095.7465347598,71149.52774989411
Tropics,SAT1,852,28621.109569088916,28674.775914472422
Tropics,SAT1,852,64807.37767774514,64862.01989232067
Tropics,SAT1,264,20344.79372908048,20398.886500283363
Tropics,SAT1,264,50372.406354572406,50426.32020842609
Tropics,SAT1,961,7897.594440175366,7951.598648512086
Tropics,SAT1,961,62819.31321044009,62873.29047426802
Tropics,SAT1,70,43376.23709691308,43431.374901570736
Tropics,SAT1,70,49324.42676546444,49380.94273703348
Tropics,SAT1,70,61251.16094126443,61305.58662479572
Tropics,SAT1,1130,901.4843378659588,956.5880478906236
Tropics,SAT1,1130,6849.489010526351,6905.949927737579
Tropics,SAT1,1130,18776.290919563933,18830.763101137934
Tropics,SAT1,1130,85850.63078835123,85905.67196189286
Tropics,SAT1,1,77690.83592013815,77745.48828083281
Tropics,SAT1,1,83634.0626296693,83688.69068013149
Tropics,SAT1,1168,35215.99872773436,35270.62522670683
Tropics,SAT1,1168,41159.1975166223,41213.83435797418
Tropics,SAT1,49,4457.927574808388,4512.823738544696
Tropics,SAT1,49,77527.42416449719,77583.07681089875
Tropics,SAT1,49,83465.89109090962,83520.55290484373
Tropics,SAT1,365,59817.9469799285,59872.76286438936
Tropics,SAT1,793,17343.29392538524,17397.939592471404
Tropics,SAT1,1216,35052.66622836399,35108.296347410665
Tropics,SAT1,1216,40991.023029811215,41045.67073382806
Tropics,SAT1,1216,46932.2227598028,46987.15343009342
Tropics,SAT1,501,16808.372173067943,16862.6834441234
Tropics,SAT1,645,59282.915534869986,59337.288820628404
Tropics,SAT1,560,76519.35301662181,76573.08777566857
Tropics,SAT1,704,34044.77770940469,34098.413702652695
Tropics,SAT1,572,16808.372173067943,16862.6834441234
Tropics,SAT1,716,59282.91553486999,59337.288820628404
Tropics,SAT1,178,54541.74187232052,54597.04242971905
Tropics,SAT1,178,78525.45551983367,78579.72274644917
Tropics,SAT1,1002,12066.948098848154,12122.119487488158
Tropics,SAT1,1002,36050.57070974321,36104.9332146484
Tropics,SAT1,513,48222.713829720145,48276.38521803882
Tropics,SAT1,657,5748.137807772416,5801.68463024163
Tropics,SAT1,188,67313.30111538571,67332.78022175636
Tropics,SAT1,1012,24838.581310863603,24894.66047395641
Tropics,SAT1,341,39220.22383403714,39275.287770034665
Tropics,SAT1,906,81694.58552732666,81749.81760199025
Tropics,SAT1,58,66233.89925197112,66289.3755924693
Tropics,SAT1,58,78163.37710754362,78218.25826236638
Tropics,SAT1,409,39250.17977765537,39304.165663670115
Tropics,SAT1,837,45581.43654107082,45593.475386508544
Tropics,SAT1,837,81724.65851446049,81778.71814493128
Tropics,SAT1,1118,23759.00923227512,23814.42053141665
Tropics,SAT1,1118,35688.447375670505,35743.3760174518
Tropics,SAT1,93,9471.492392882503,9525.968136524369
Tropics,SAT1,93,21395.623144996684,21452.2003870913
Tropics,SAT1,93,27346.044910529297,27401.005963112064
Tropics,SAT1,1153,51945.89773770053,52000.3162532229
Tropics,SAT1,1153,63870.086430701755,63926.66784639019
Tropics,SAT1,1153,69820.33272454696,69875.36871747512
Tropics,SAT1,99,3991.094010280524,4047.230116573238
Tropics,SAT1,99,15919.328294978346,15973.823943048243
Tropics,SAT1,99,82994.63026312485,83050.28077752593
Tropics,SAT1,1159,40519.899458753505,40575.520056457004
Tropics,SAT1,1159,46465.55377142723,46521.68123777401
Tropics,SAT1,1159,58393.69456790101,58448.22768193045
Tropics,SAT1,312,42929.95158023214,42984.300733747834
Tropics,SAT1,312,73060.8160776003,73116.6877575269
Tropics,SAT1,877,455.2596050062148,509.467335291755
Tropics,SAT1,877,30585.891643154446,30641.934077012287
Tropics,SAT1,877,85404.50953977845,85458.79166237633
Tropics,SAT1,507,11220.314380520176,11274.377766478132
Tropics,SAT1,507,53856.183763313944,53865.927483793464
Tropics,SAT1,651,53694.80625239198,53749.032863507295
Tropics,SAT1,64,54803.18338489335,54857.702134649284
Tropics,SAT1,64,66729.38509258865,66785.59778114296
Tropics,SAT1,64,72676.28469516285,72731.7776289832
Tropics,SAT1,593,36734.38865960173,36789.01063037335
Tropics,SAT1,593,79209.13377930263,79263.57552251767
Tropics,SAT1,1124,12328.361708047896,12382.821308675964
Tropics,SAT1,1124,24254.400911961267,24310.652097741357
Tropics,SAT1,1124,30201.509317444168,30257.02706045166
Tropics,SAT1,617,8417.956957997454,8472.62144194463
Tropics,SAT1,617,50892.69310626531,50947.17576718002
Tropics,SAT1,273,9039.723216135468,9093.731925726164
Tropics,SAT1,273,39067.09306932784,39121.199189861356
Tropics,SAT1,970,51514.238639557865,51568.153981657466
Tropics,SAT1,970,81541.46397749976,81595.68517457349
Tropics,SAT1,248,43084.689671572305,43140.103646082316
Tropics,SAT1,945,609.935320990081,665.1970404593002
Tropics,SAT1,945,85559.22507008717,85614.60343721065
Tropics,SAT1,159,16055.986134437968,16110.802679364126
Tropics,SAT1,159,83057.98963653778,83114.54186933313
Tropics,SAT1,613,14128.533791382055,14182.174373937483
Tropics,SAT1,613,56603.21733565614,56656.741031127465
Tropics,SAT1,1104,40583.11708753025,40639.55563679227
Tropics,SAT1,1104,58530.40417451914,58585.256789169944
Tropics,SAT1,113,84045.26573038654,84099.65704100275
Tropics,SAT1,1058,41570.37053660412,41624.83421386596
Tropics,SAT1,150,9340.635042090069,9395.128099353135
Tropics,SAT1,1095,51815.09009619472,51869.52946392555
Tropics,SAT1,212,33282.231363236315,33336.54966694727
Tropics,SAT1,1036,75756.57433864028,75810.99830296646
Tropics,SAT1,71,43451.171716850906,43505.649341324744
Tropics,SAT1,71,55375.40532704679,55431.972882853384
Tropics,SAT1,71,61325.68144694376,61380.661598463514
Tropics,SAT1,1131,976.3674662970493,1030.7905432658754
Tropics,SAT1,1131,12900.41217883626,12957.014898911139
Tropics,SAT1,1131,18850.881631732926,18905.895045276196
Tropics,SAT1,1131,85925.58709564063,85980.00346398036
Tropics,SAT1,608,19780.099326439802,19833.80049598279
Tropics,SAT1,608,62254.7977458985,62308.36595553515
Tropics,SAT1,143,20721.50984501569,20776.935754667225
Tropics,SAT1,143,38668.48836977637,38724.144666861284
Tropics,SAT1,1088,63195.98786344741,63251.38531271186
Tropics,SAT1,1088,81142.94028696029,81198.61366473399
Tropics,SAT1,277,3354.953967501695,3409.052712531702
Tropics,SAT1,974,45829.467514952354,45883.45135338586
Tropics,SAT1,974,75856.95804863196,75910.96441070814
Tropics,SAT1,182,48869.20251931646,48924.23637879869
Tropics,SAT1,182,72852.90235426165,72907.3114890914
Tropics,SAT1,1006,6394.4153185841315,6449.3252587939405
Tropics,SAT1,1006,30378.00607907003,30432.515642797112
Tropics,SAT1,244,48770.06515835014,48826.44799586249
Tropics,SAT1,941,6295.294947356047,6351.50972208009
Tropics,SAT1,86,20823.491672471635,20878.00416757167
Tropics,SAT1,86,32749.61012633281,32805.83354417914
Tropics,SAT1,86,38696.6667590706,38752.13262741863
Tropics,SAT1,281,27697.627387308083,27751.634626008767
Tropics,SAT1,281,82619.47915534092,82673.89632961662
Tropics,SAT1,978,40144.79844062793,40199.148742625024
Tropics,SAT1,978,70172.04837126832,70226.13037354227
Tropics,SAT1,1146,63297.90845048472,63352.37193494332
Tropics,SAT1,1146,75224.06407151981,75280.29242285232
Tropics,SAT1,1146,81170.93230832904,81226.48457368923
Tropics,SAT1,369,5354.861976017021,5409.8259475368295
Tropics,SAT1,369,54118.084211691945,54171.944999907224
Tropics,SAT1,797,11643.44068134962,11697.17375527685
Tropics,SAT1,797,47829.26531919789,47884.4097109796
Tropics,SAT1,233,5022.41654927927,5076.80633473838
Tropics,SAT1,233,59945.04496613853,60000.14218638072
Tropics,SAT1,930,17470.368130508,17525.42173928898
Tropics,SAT1,930,47496.86538216714,47551.31266697548
Tropics,SAT1,456,31300.338917652793,31354.688936246832
Tropics,SAT1,743,73774.99220182162,73829.17492374263
Tropics,SAT1,420,76795.58489682514,76849.98663969156
Tropics,SAT1,848,34320.93993362262,34375.18385940987
Tropics,SAT1,211,9230.82915685831,9285.945833088655
Tropics,SAT1,211,33214.5315061323,33268.884910580855
Tropics,SAT1,1035,51705.32612394738,51760.40513096458
Tropics,SAT1,1035,75688.94772656471,75743.35493203833
Tropics,SAT1,447,42647.04184996793,42700.88401293799
Tropics,SAT1,734,85121.6840520639,85175.3865627063
Tropics,SAT1,204,44626.19833113049,44680.906084156915
Tropics,SAT1,1028,2151.4323464583504,2206.1908109158276
Tropics,SAT1,566,70930.6252668201,70986.02297470678
Tropics,SAT1,710,28456.06282963854,28511.259956497546
Tropics,SAT1,496,22453.81168457525,22508.629468888557
Tropics,SAT1,783,64928.250708782805,64983.25284679628
Tropics,SAT1,434,11047.827829659856,11101.75401031282
Tropics,SAT1,434,59696.86109000923,59751.36248528956
Tropics,SAT1,721,17222.25269438489,17276.584506885953
Tropics,SAT1,721,53522.33623015433,53576.34081172649
Tropics,SAT1,290,16392.718029011055,16446.628539656467
Tropics,SAT1,290,71314.31587517922,71368.39199454922
Tropics,SAT1,987,28839.62200941356,28893.612989117242
Tropics,SAT1,987,58867.116892078935,58921.12244768722
Tropics,SAT1,190,37524.231648813846,37578.83134369249
Tropics,SAT1,190,61507.58791680907,61562.386632778784
Tropics,SAT1,1014,19032.668997553337,19087.577435841693
Tropics,SAT1,1014,79998.7312840238,80053.2754097962
Tropics,SAT1,231,65759.92348362404,65816.33777708566
Tropics,SAT1,928,23285.15639872139,23341.400784189907
Tropics,SAT1,183,72920.77484709326,72975.04658638313
Tropics,SAT1,1007,30445.972211701854,30500.306236504075
Tropics,SAT1,123,48988.50526237646,49043.07251822004
Tropics,SAT1,1068,6513.701263880723,6568.17952850494
Tropics,SAT1,149,9268.446772609632,9323.005456328532
Tropics,SAT1,149,33161.62755412506,33216.39276550078
Tropics,SAT1,1094,51742.8811438226,51797.34101268307
Tropics,SAT1,1094,75635.93315937274,75690.79622810114
Tropics,SAT1,4,71999.89124390516,72054.57600338341
Tropics,SAT1,4,77942.92563074875,77997.5548561196
Tropics,SAT1,1171,29525.064629931756,29579.722677540107
Tropics,SAT1,1171,35468.05547613224,35522.69094917106
Tropics,SAT1,46,4208.041770739315,4262.700140224905
Tropics,SAT1,46,10148.075645884626,10203.17830083078
Tropics,SAT1,46,83217.45780289186,83272.75494778645
Tropics,SAT1,1213,40742.685379196286,40797.95626606038
Tropics,SAT1,1213,46682.40369657808,46737.05753516962
Tropics,SAT1,1213,52622.35681531673,52677.500387267835
Tropics,SAT1,186,43196.69944615085,43251.499286162994
Tropics,SAT1,186,67180.27977872992,67234.86646402201
Tropics,SAT1,1010,721.9186293131918,776.600003365964
Tropics,SAT1,1010,24705.37207613098,24760.064140198356
Tropics,SAT1,1010,85671.20356918381,85725.95366378382
Tropics,SAT1,433,59636.887919551606,59690.72097387429
Tropics,SAT1,720,17162.279518777763,17216.019987303243
Tropics,SAT1,208,38954.24957216102,39008.74012284185
Tropics,SAT1,1032,81428.58205181437,81483.18464239461
Tropics,SAT1,618,8476.907098811707,8530.610135508145
Tropics,SAT1,618,50951.5770372431,51005.178501041395
Tropics,SAT1,25,38103.5771329573,38158.21989912844
Tropics,SAT1,25,44046.375107587075,44101.05944014891
Tropics,SAT1,1192,1571.5279936321276,1626.2305611856123
Tropics,SAT1,1192,80577.94485839235,80632.56758434602
Tropics,SAT1,511,5513.897052472911,5567.480674520034
Tropics,SAT1,655,47988.41864648151,48042.106429759755
Tropics,SAT1,316,37237.317156653764,37291.2141479737
Tropics,SAT1,881,79711.8762739051,79765.67419133244
Tropics,SAT1,276,33316.40148716831,33371.390925702566
Tropics,SAT1,973,75790.87068384093,75845.89800073789
Tropics,SAT1,100,10041.473919313352,10098.38322970394
Tropics,SAT1,100,15995.012561140766,16049.646328892824
Tropics,SAT1,100,83068.91273461554,83123.45977694535
Tropics,SAT1,1160,40594.13010229892,40648.62421902018
Tropics,SAT1,1160,52515.94421898851,52572.858460427735
Tropics,SAT1,1160,58469.322240311194,58524.02023025303
Tropics,SAT1,627,39589.88664656645,39643.642958125674
Tropics,SAT1,627,82064.43635242416,82118.28051132799
Tropics,SAT1,7,66309.10075870468,66363.85296974915
Tropics,SAT1,7,72251.67777971164,72306.31693112104
Tropics,SAT1,7,78186.05777882457,78242.41737059265
Tropics,SAT1,161,16199.2280858469,16254.736402086837
Tropics,SAT1,161,77256.43999183543,77310.75709953038
Tropics,SAT1,1106,34781.677646752214,34835.92115166633
Tropics,SAT1,1106,58673.50606049474,58729.134044925144
Tropics,SAT1,1174,23834.285759940165,23889.011161803348
Tropics,SAT1,1174,29776.80465932899,29831.446878573144
Tropics,SAT1,1174,35711.30050488846,35767.670013659794
Tropics,SAT1,567,22455.359785714976,22510.366478917436
Tropics,SAT1,711,64929.91528499206,64984.96259721578
Tropics,SAT1,111,4890.624438687524,4908.71285771164
Tropics,SAT1,111,65949.15811032752,66003.49249350537
Tropics,SAT1,1056,23474.3794147206,23528.633340300054
Tropics,SAT1,57,66155.43763100335,66210.09881666455
Tropics,SAT1,57,78083.17276187784,78139.02306854111
Tropics,SAT1,57,84026.46267182755,84082.66815146053
Tropics,SAT1,1117,23680.59939533993,23735.19713579876
Tropics,SAT1,1117,35608.198908428305,35664.090608223705
Tropics,SAT1,1117,41551.71256714548,41607.93350324494
Tropics,SAT1,34,21030.384375282945,21085.06989065749
Tropics,SAT1,34,26973.39560946817,27028.022214387984
Tropics,SAT1,506,11161.214767164998,11215.051431085183
Tropics,SAT1,650,53635.74689888153,53689.66649046752
Tropics,SAT1,1201,63504.740465148105,63559.39367358342
Tropics,SAT1,1201,69447.74398548025,69502.37660246064
Tropics,SAT1,706,70617.54564381782,70632.67936939922
Tropics,SAT1,373,48418.25073109042,48472.23429035954
Tropics,SAT1,373,84605.28220330246,84659.15025687797
Tropics,SAT1,801,5943.61147379553,5997.51139250211
Tropics,SAT1,801,42130.53394140304,42184.48435440999
Tropics,SAT1,416,82495.53885595054,82551.60816169779
Tropics,SAT1,844,40020.8817372865,40076.75077406959
Tropics,SAT1,256,31714.45870779463,31768.672339859953
Tropics,SAT1,256,61741.048201774414,61795.67004695981
Tropics,SAT1,953,19266.297474768537,19320.97245152219
Tropics,SAT1,953,74188.98315653486,74243.12343583308
Tropics,SAT1,261,26094.83657760306,26150.225919399963
Tropics,SAT1,958,68569.3660068346,68624.72061101011
Tropics,SAT1,265,20409.644875613987,20464.31330592921
Tropics,SAT1,265,50434.968456543844,50490.388493779996
Tropics,SAT1,962,7960.251468132633,8015.706458393983
Tropics,SAT1,962,62884.16816378277,62938.78343999379
Tropics,SAT1,636,28227.534685588038,28282.618068888143
Tropics,SAT1,636,70702.10971810287,70757.23269842836
Tropics,SAT1,579,11273.460891798277,11327.238144907504
Tropics,SAT1,579,53748.017702874255,53801.88177703752
Tropics,SAT1,401,14462.93681441376,14516.714266819074
Tropics,SAT1,401,50649.343906229355,50703.8582804297
Tropics,SAT1,829,8174.638526364245,8229.210331800114
Tropics,SAT1,829,56937.522829536494,56991.189867205314
Tropics,SAT1,352,76897.04158479956,76951.14677350079
Tropics,SAT1,917,34422.36333455119,34476.336054063104
Tropics,SAT1,301,5252.474794111873,5308.096973876946
Tropics,SAT1,866,47726.830977166006,47782.63754524409
Tropics,SAT1,47,4292.298549145522,4346.933965276418
Tropics,SAT1,47,10226.866441584183,10283.178600256617
Tropics,SAT1,47,83298.93382031807,83353.68483663788
Tropics,SAT1,1214,40824.12007095068,40878.8419542953
Tropics,SAT1,1214,46766.65037912279,46821.291306151994
Tropics,SAT1,1214,52701.09781729735,52757.477023920306
Tropics,SAT1,3,71917.87429185395,71972.91867150464
Tropics,SAT1,3,77858.82192914873,77913.48259326615
Tropics,SAT1,3,83797.18185373393,83852.60715446757
Tropics,SAT1,1170,29443.086404750058,29498.103783192913
Tropics,SAT1,1170,35383.94783031518,35438.60218018655
Tropics,SAT1,1170,41322.38688907279,41377.82659581789
Tropics,SAT1,480,3024.1262836989517,3077.82874036248
Tropics,SAT1,480,39322.79350707521,39378.31811712329
Tropics,SAT1,767,45498.74138964152,45552.33014998877
Tropics,SAT1,767,81797.33554605083,81852.88827713358
Tropics,SAT1,230,10771.582405379671,10826.151513024517
Tropics,SAT1,230,65694.15101636144,65748.38522776494
Tropics,SAT1,927,53245.93468552177,53300.642153502224
Tropics,SAT1,388,31501.54245993496,31556.3177345494
Tropics,SAT1,816,73976.11966875214,74030.84379528504
Tropics,SAT1,291,16455.34624095062,16510.714318379727
Tropics,SAT1,291,71379.19322654737,71433.914379888
Tropics,SAT1,988,28904.46008176903,28959.041894163493
Tropics,SAT1,988,58929.67452230693,58985.203586430114
Tropics,SAT1,323,61865.335766565004,61920.084853006825
Tropics,SAT1,888,19390.612924223944,19445.412253260645
Tropics,SAT1,397,20162.776528970542,20217.115143379295
Tropics,SAT1,825,62637.352519788445,62691.626297325995
Tropics,SAT1,355,71141.94519023594,71197.50586355162
Tropics,SAT1,920,28667.293972123072,28722.821751724103
Tropics,SAT1,0,4537.666463726769,4593.454443175354
Tropics,SAT1,0,77608.31104839439,77663.17685413228
Tropics,SAT1,0,83550.19725267445,83604.84891126982
Tropics,SAT1,1167,35133.50963715493,35188.34728808569
Tropics,SAT1,1167,41075.32278622619,41129.972362013315
Tropics,SAT1,1167,47011.91557761277,47067.76158148643
Tropics,SAT1,154,3687.134585821714,3741.7393513037173
Tropics,SAT1,489,76626.73399622741,76680.55856152678
Tropics,SAT1,776,34152.130094284104,34205.86063536167
Tropics,SAT1,1099,46161.591017519015,46216.148062445944
Tropics,SAT1,307,48559.697167783794,48613.58056409987
Tropics,SAT1,872,6085.021488967829,6138.796669490593
Tropics,SAT1,298,59882.079473311685,59935.95948301961
Tropics,SAT1,330,20285.241556931484,20339.80106755373
Tropics,SAT1,330,50416.53937778589,50472.02897494741
Tropics,SAT1,863,17407.40750328285,17461.18297660444
Tropics,SAT1,895,7941.633166211075,7997.28910760819
Tropics,SAT1,895,62759.79102300962,62814.293262002655
Tropics,SAT1,118,54569.92549675852,54624.5311691402
Tropics,SAT1,118,78463.19193890861,78517.89350500645
Tropics,SAT1,1063,12095.183876159115,12149.734986007505
Tropics,SAT1,1063,35988.3942149306,36043.14004828372
Tropics,SAT1,335,14655.796896928268,14711.733845946894
Tropics,SAT1,335,44788.24879774655,44842.50993868003
Tropics,SAT1,900,2313.3973896572256,2367.796326508355
Tropics,SAT1,900,57130.34529817147,57186.25953067174
Tropics,SAT1,50,4537.666463726768,4593.454443175352
Tropics,SAT1,50,77608.31104841437,77663.17685413221
Tropics,SAT1,50,83550.19725267446,83604.8489112698
Tropics,SAT1,346,82464.34184465036,82520.10147867972
Tropics,SAT1,374,48479.18012227142,48533.54961437645
Tropics,SAT1,802,6004.528626279486,6058.743446840147
Tropics,SAT1,911,39989.69391104835,40045.42442991937
Tropics,SAT1,1217,35133.50963715494,35188.347288085766
Tropics,SAT1,1217,41075.32278622619,41129.97236201331
Tropics,SAT1,1217,47011.91557761277,47067.76158148643
Tropics,SAT1,145,14922.246533933669,14976.951123927114
Tropics,SAT1,145,38815.62688982117,38870.21957140154
Tropics,SAT1,415,33671.22919216323,33726.23935731696
Tropics,SAT1,415,82434.48925543048,82488.36257865535
Tropics,SAT1,843,39959.85257424507,40013.59561390592
Tropics,SAT1,843,76145.62624173558,76200.81666753147
Tropics,SAT1,1090,57396.680614783094,57451.27956878121
Tropics,SAT1,1090,81289.94168274834,81344.62531382762
Tropics,SAT1,127,43335.02863518097,43389.723999446636
Tropics,SAT1,127,61280.07747704141,61336.84363713475
Tropics,SAT1,1072,860.2162077203204,914.82001877509
Tropics,SAT1,1072,18805.073377510307,18861.93167408519
Tropics,SAT1,1072,85809.49935688525,85864.14549551306
Tropics,SAT1,318,67496.1468960153,67550.04039755822
Tropics,SAT1,883,25021.373504140738,25075.35113455636
Tropics,SAT1,9,60537.60690388303,60593.268455323465
Tropics,SAT1,9,66476.04401010738,66530.70468791664
Tropics,SAT1,9,72417.223721342,72472.13518841409
Tropics,SAT1,1176,18062.847352899356,18118.488652726694
Tropics,SAT1,1176,24001.175934393083,24055.823576167444
Tropics,SAT1,1176,29942.398690536273,29997.3272595123
Tropics,SAT1,498,65280.03824359569,65334.348485914765
Tropics,SAT1,785,22805.428110389952,22859.671526949765
Tropics,SAT1,41,9731.481906733792,9786.132215270658
Tropics,SAT1,41,15674.699929306176,15729.32341594888
Tropics,SAT1,1208,52205.83921354278,52260.464201308074
Tropics,SAT1,1208,58149.03888637658,58203.67462250601
Tropics,GEO3,609,85712.25662511798,86400.0
Tropics,GEO3,594,21355.717994756647,22485.1470925098
Tropics,GEO3,598,38522.75361486583,39643.39742156086
Tropics,GEO3,590,4199.002823273661,5318.905080265224
Tropics,GEO3,602,55680.17453809776,56808.83523800607
Tropics,GEO3,595,25649.089283064037,26772.668830254013
Tropics,GEO3,596,29942.303061833423,31060.78072604903
Tropics,GEO3,604,64266.67601115585,65384.672988533115
Tropics,GEO3,589,0.0,1026.7527357695767
Tropics,GEO3,599,42810.34565505221,43936.92738368057
Tropics,GEO3,592,12774.459480744083,13905.386594519556
Tropics,GEO3,606,72846.46977269705,73967.9145019811
Tropics,GEO3,597,34233.70707802204,35350.95329684353
Tropics,GEO3,603,59973.64346308504,61096.32501891084
Tropics,GEO3,593,17063.917526227764,18196.407483557035
Tropics,GEO3,601,51388.06057734334,52520.37239980727
Tropics,GEO3,605,68557.72794435968,69675.20684753083
Tropics,GEO3,607,77133.98933841048,78261.45087742776
Tropics,GEO3,608,81422.1048482833,82553.97752513224
Tropics,GEO3,600,47098.26027115639,48229.70661865658
Tropics,GEO3,591,8486.709273960993,9612.38627483872
