0,Soil Moisture,-35.0,-62.068965517241416,183.8199184382697,183.97284492484812,43383.81991843827,Accuracy,0.01,0.017,0.05,%,Temporal,6.0,10.0,12.0,hrs,Spatial,0.5,0.75,1.0,km
1,Soil Moisture,5.0,-103.94366197183103,208.52986446774486,209.05106153412194,43408.529864467746,Accuracy,0.01,0.017,0.05,%,Temporal,6.0,10.0,12.0,hrs,Spatial,0.5,0.75,1.0,km
2,Soil Moisture,-20.0,-137.01492537313425,293.47431471524874,293.76614500403576,43493.47431471525,Accuracy,0.01,0.017,0.05,%,Temporal,6.0,10.0,12.0,hrs,Spatial,0.5,0.75,1.0,km
3,Soil Moisture,15.000000000000002,-44.3478260869566,297.10991193667525,297.5509518720609,43497.10991193668,Accuracy,0.01,0.017,0.05,%,Temporal,6.0,10.0,12.0,hrs,Spatial,0.5,0.75,1.0,km
4,Soil Moisture,-35.0,18.62068965517237,375.94527988315826,376.90320873734305,43575.945279883155,Accuracy,0.01,0.017,0.05,%,Temporal,6.0,10.0,12.0,hrs,Spatial,0.5,0.75,1.0,km
5,Soil Moisture,15.000000000000002,-138.2608695652175,386.01202333902665,386.81093119326755,43586.012023339026,Accuracy,0.01,0.017,0.05,%,Temporal,6.0,10.0,12.0,hrs,Spatial,0.5,0.75,1.0,km
6,Soil Moisture,35.0,-136.5517241379311,433.48404150766356,433.95951802292393,43633.48404150766,Accuracy,0.01,0.017,0.05,%,Temporal,6.0,10.0,12.0,hrs,Spatial,0.5,0.75,1.0,km
7,Soil Moisture,5.0,179.99999999999983,461.40728311036287,461.51008896905483,43661.40728311036,Accuracy,0.01,0.017,0.05,%,Temporal,6.0,10.0,12.0,hrs,Spatial,0.5,0.75,1.0,km
8,Soil Moisture,30.000000000000004,133.54838709677432,471.4155439943745,471.8232416264478,43671.41554399437,Accuracy,0.01,0.017,0.05,%,Temporal,6.0,10.0,12.0,hrs,Spatial,0.5,0.75,1.0,km
9,Soil Moisture,-5.0,139.43661971830971,479.4067837567711,479.6074463745614,43679.40678375677,Accuracy,0.01,0.017,0.05,%,Temporal,6.0,10.0,12.0,hrs,Spatial,0.5,0.75,1.0,km
10,Soil Moisture,-20.0,153.13432835820902,500.2066828096562,500.78647388014673,43700.20668280966,Accuracy,0.01,0.017,0.05,%,Temporal,6.0,10.0,12.0,hrs,Spatial,0.5,0.75,1.0,km
11,Soil Moisture,-20.0,29.55223880597021,517.5962670357222,517.5974315791425,43717.596267035726,Accuracy,0.01,0.017,0.05,%,Temporal,6.0,10.0,12.0,hrs,Spatial,0.5,0.75,1.0,km
12,Soil Moisture,-25.0,-80.30769230769228,575.7919799424055,576.0636759615533,43775.791979942405,Accuracy,0.01,0.017,0.05,%,Temporal,6.0,10.0,12.0,hrs,Spatial,0.5,0.75,1.0,km
13,Soil Moisture,35.0,-148.96551724137936,658.4170014670253,658.6283357207545,43858.41700146702,Accuracy,0.01,0.017,0.05,%,Temporal,6.0,10.0,12.0,hrs,Spatial,0.5,0.75,1.0,km
14,Soil Moisture,10.0,51.42857142857137,684.1220022291853,684.7879583520275,43884.12200222918,Accuracy,0.01,0.017,0.05,%,Temporal,6.0,10.0,12.0,hrs,Spatial,0.5,0.75,1.0,km
15,Soil Moisture,30.000000000000004,121.93548387096787,957.151710041367,957.4774210301998,44157.15171004137,Accuracy,0.01,0.017,0.05,%,Temporal,6.0,10.0,12.0,hrs,Spatial,0.5,0.75,1.0,km
16,Soil Moisture,-10.0,128.57142857142847,1062.5415277799063,1063.1178038062822,44262.541527779904,Accuracy,0.01,0.017,0.05,%,Temporal,6.0,10.0,12.0,hrs,Spatial,0.5,0.75,1.0,km
17,Soil Moisture,5.0,63.38028169014074,1151.8223696770979,1152.1386242807994,44351.822369677095,Accuracy,0.01,0.017,0.05,%,Temporal,6.0,10.0,12.0,hrs,Spatial,0.5,0.75,1.0,km
18,Soil Moisture,15.000000000000002,13.043478260869495,1210.1554704856426,1210.1811935198039,44410.15547048564,Accuracy,0.01,0.017,0.05,%,Temporal,6.0,10.0,12.0,hrs,Spatial,0.5,0.75,1.0,km
19,Soil Moisture,20.0,-51.04477611940293,1264.6139413729445,1265.3623540061008,44464.61394137295,Accuracy,0.01,0.017,0.05,%,Temporal,6.0,10.0,12.0,hrs,Spatial,0.5,0.75,1.0,km
20,Soil Moisture,45.0,93.59999999999998,1285.413987053802,1285.5976711110827,44485.413987053806,Accuracy,0.01,0.017,0.05,%,Temporal,6.0,10.0,12.0,hrs,Spatial,0.5,0.75,1.0,km
21,Soil Moisture,15.000000000000002,13.043478260869495,1407.409851673813,1408.329296547286,44607.409851673816,Accuracy,0.01,0.017,0.05,%,Temporal,6.0,10.0,12.0,hrs,Spatial,0.5,0.75,1.0,km
22,Soil Moisture,5.0,73.52112676056326,1438.6553507651192,1438.883179802653,44638.65535076512,Accuracy,0.01,0.017,0.05,%,Temporal,6.0,10.0,12.0,hrs,Spatial,0.5,0.75,1.0,km
23,Soil Moisture,-20.0,72.53731343283589,1530.2657141332038,1531.0087579301314,44730.2657141332,Accuracy,0.01,0.017,0.05,%,Temporal,6.0,10.0,12.0,hrs,Spatial,0.5,0.75,1.0,km
24,Soil Moisture,-15.000000000000002,-91.30434782608705,1740.5136567879185,1740.5736715904397,44940.513656787916,Accuracy,0.01,0.017,0.05,%,Temporal,6.0,10.0,12.0,hrs,Spatial,0.5,0.75,1.0,km
25,Soil Moisture,40.0,173.45454545454533,1741.782315142241,1741.8992210468489,44941.78231514224,Accuracy,0.01,0.017,0.05,%,Temporal,6.0,10.0,12.0,hrs,Spatial,0.5,0.75,1.0,km
26,Soil Moisture,0.0,50.0,1810.6156277728182,1811.3587862227548,45010.615627772815,Accuracy,0.01,0.017,0.05,%,Temporal,6.0,10.0,12.0,hrs,Spatial,0.5,0.75,1.0,km
27,Soil Moisture,5.0,109.01408450704211,1930.9022985900506,1931.283931905325,45130.90229859005,Accuracy,0.01,0.017,0.05,%,Temporal,6.0,10.0,12.0,hrs,Spatial,0.5,0.75,1.0,km
28,Soil Moisture,15.000000000000002,-28.695652173913114,1936.997613512572,1937.0416274202605,45136.99761351257,Accuracy,0.01,0.017,0.05,%,Temporal,6.0,10.0,12.0,hrs,Spatial,0.5,0.75,1.0,km
29,Soil Moisture,25.0,-168.9230769230769,2049.7270523820807,2049.8143125538954,45249.72705238208,Accuracy,0.01,0.017,0.05,%,Temporal,6.0,10.0,12.0,hrs,Spatial,0.5,0.75,1.0,km
30,Soil Moisture,-25.0,69.23076923076927,2082.062739435572,2082.4552383638397,45282.06273943557,Accuracy,0.01,0.017,0.05,%,Temporal,6.0,10.0,12.0,hrs,Spatial,0.5,0.75,1.0,km
31,Soil Moisture,45.0,-165.60000000000002,2106.15950843114,2106.4845245793485,45306.15950843114,Accuracy,0.01,0.017,0.05,%,Temporal,6.0,10.0,12.0,hrs,Spatial,0.5,0.75,1.0,km
32,Soil Moisture,-15.000000000000002,91.30434782608691,2115.306464212779,2115.337767523144,45315.30646421278,Accuracy,0.01,0.017,0.05,%,Temporal,6.0,10.0,12.0,hrs,Spatial,0.5,0.75,1.0,km
33,Soil Moisture,40.0,-180.0,2193.775390957764,2194.3457152848428,45393.775390957766,Accuracy,0.01,0.017,0.05,%,Temporal,6.0,10.0,12.0,hrs,Spatial,0.5,0.75,1.0,km
34,Soil Moisture,-5.0,-73.52112676056345,2203.7720544668455,2203.8595944773624,45403.77205446685,Accuracy,0.01,0.017,0.05,%,Temporal,6.0,10.0,12.0,hrs,Spatial,0.5,0.75,1.0,km
35,Soil Moisture,-30.000000000000004,-92.90322580645153,2419.818702583703,2419.824811075856,45619.8187025837,Accuracy,0.01,0.017,0.05,%,Temporal,6.0,10.0,12.0,hrs,Spatial,0.5,0.75,1.0,km
36,Soil Moisture,0.0,-25.0,2532.9765111139004,2533.046802706024,45732.9765111139,Accuracy,0.01,0.017,0.05,%,Temporal,6.0,10.0,12.0,hrs,Spatial,0.5,0.75,1.0,km
37,Soil Moisture,25.0,80.30769230769234,2724.6107315755526,2724.8256271034825,45924.61073157555,Accuracy,0.01,0.017,0.05,%,Temporal,6.0,10.0,12.0,hrs,Spatial,0.5,0.75,1.0,km
38,Soil Moisture,15.000000000000002,80.86956521739125,2727.5398730183497,2727.728780251384,45927.53987301835,Accuracy,0.01,0.017,0.05,%,Temporal,6.0,10.0,12.0,hrs,Spatial,0.5,0.75,1.0,km
39,Soil Moisture,40.0,-114.54545454545463,2842.6945904885065,2843.2158633285603,46042.69459048851,Accuracy,0.01,0.017,0.05,%,Temporal,6.0,10.0,12.0,hrs,Spatial,0.5,0.75,1.0,km
40,Soil Moisture,-20.0,-13.432835820895463,2891.9966115802968,2892.0484596681117,46091.996611580296,Accuracy,0.01,0.017,0.05,%,Temporal,6.0,10.0,12.0,hrs,Spatial,0.5,0.75,1.0,km
41,Soil Moisture,-5.0,73.52112676056326,2894.8598042373937,2894.8620474520026,46094.85980423739,Accuracy,0.01,0.017,0.05,%,Temporal,6.0,10.0,12.0,hrs,Spatial,0.5,0.75,1.0,km
42,Soil Moisture,-5.0,12.67605633802808,3134.486865729507,3134.774994164261,46334.48686572951,Accuracy,0.01,0.017,0.05,%,Temporal,6.0,10.0,12.0,hrs,Spatial,0.5,0.75,1.0,km
43,Soil Moisture,10.0,77.14285714285708,3293.304057536527,3293.317219962563,46493.30405753653,Accuracy,0.01,0.017,0.05,%,Temporal,6.0,10.0,12.0,hrs,Spatial,0.5,0.75,1.0,km
44,Soil Moisture,-5.0,159.71830985915477,3293.4481271589243,3293.6158196204833,46493.448127158925,Accuracy,0.01,0.017,0.05,%,Temporal,6.0,10.0,12.0,hrs,Spatial,0.5,0.75,1.0,km
45,Soil Moisture,-10.0,15.428571428571354,3298.6490044907678,3299.153779885014,46498.64900449077,Accuracy,0.01,0.017,0.05,%,Temporal,6.0,10.0,12.0,hrs,Spatial,0.5,0.75,1.0,km
46,Soil Moisture,-30.000000000000004,-87.0967741935483,3521.9555861634667,3522.6854980990647,46721.955586163465,Accuracy,0.01,0.017,0.05,%,Temporal,6.0,10.0,12.0,hrs,Spatial,0.5,0.75,1.0,km
47,Soil Moisture,40.0,-160.3636363636364,3539.2835741987365,3540.1756566471477,46739.28357419874,Accuracy,0.01,0.017,0.05,%,Temporal,6.0,10.0,12.0,hrs,Spatial,0.5,0.75,1.0,km
48,Soil Moisture,45.0,43.19999999999996,3590.7597843397443,3590.8059391720763,46790.759784339745,Accuracy,0.01,0.017,0.05,%,Temporal,6.0,10.0,12.0,hrs,Spatial,0.5,0.75,1.0,km
49,Soil Moisture,-20.0,83.2835820895523,3623.8288311787683,3623.8314652193917,46823.82883117877,Accuracy,0.01,0.017,0.05,%,Temporal,6.0,10.0,12.0,hrs,Spatial,0.5,0.75,1.0,km
50,Soil Moisture,10.0,-25.714285714285786,3652.575853055891,3652.964771991367,46852.57585305589,Accuracy,0.01,0.017,0.05,%,Temporal,6.0,10.0,12.0,hrs,Spatial,0.5,0.75,1.0,km
51,Soil Moisture,10.0,138.85714285714275,3674.4181382645834,3674.4963169823513,46874.418138264584,Accuracy,0.01,0.017,0.05,%,Temporal,6.0,10.0,12.0,hrs,Spatial,0.5,0.75,1.0,km
52,Soil Moisture,30.000000000000004,104.51612903225818,3801.307733967239,3801.639818312027,47001.30773396724,Accuracy,0.01,0.017,0.05,%,Temporal,6.0,10.0,12.0,hrs,Spatial,0.5,0.75,1.0,km
53,Soil Moisture,40.0,9.818181818181753,3837.248146545773,3837.7600424597695,47037.248146545775,Accuracy,0.01,0.017,0.05,%,Temporal,6.0,10.0,12.0,hrs,Spatial,0.5,0.75,1.0,km
54,Soil Moisture,5.0,-174.92957746478874,3934.875120100602,3934.875959171605,47134.8751201006,Accuracy,0.01,0.017,0.05,%,Temporal,6.0,10.0,12.0,hrs,Spatial,0.5,0.75,1.0,km
55,Soil Moisture,-20.0,126.26865671641794,3978.934795587699,3978.9824912230497,47178.9347955877,Accuracy,0.01,0.017,0.05,%,Temporal,6.0,10.0,12.0,hrs,Spatial,0.5,0.75,1.0,km
56,Soil Moisture,-25.0,36.000000000000036,4068.0016980661235,4068.1660319695743,47268.001698066124,Accuracy,0.01,0.017,0.05,%,Temporal,6.0,10.0,12.0,hrs,Spatial,0.5,0.75,1.0,km
57,Soil Moisture,-5.0,63.38028169014074,4159.76865566639,4159.929492261011,47359.76865566639,Accuracy,0.01,0.017,0.05,%,Temporal,6.0,10.0,12.0,hrs,Spatial,0.5,0.75,1.0,km
58,Soil Moisture,15.000000000000002,174.78260869565204,4193.970184985041,4194.048916953059,47393.97018498504,Accuracy,0.01,0.017,0.05,%,Temporal,6.0,10.0,12.0,hrs,Spatial,0.5,0.75,1.0,km
59,Soil Moisture,30.000000000000004,-11.612903225806361,4317.228544200135,4317.924534187309,47517.22854420014,Accuracy,0.01,0.017,0.05,%,Temporal,6.0,10.0,12.0,hrs,Spatial,0.5,0.75,1.0,km
60,Soil Moisture,10.0,123.42857142857132,4341.4784840836555,4342.0147635479425,47541.47848408366,Accuracy,0.01,0.017,0.05,%,Temporal,6.0,10.0,12.0,hrs,Spatial,0.5,0.75,1.0,km
61,Soil Moisture,-25.0,-141.23076923076917,4360.6681733401165,4361.884175264989,47560.66817334011,Accuracy,0.01,0.017,0.05,%,Temporal,6.0,10.0,12.0,hrs,Spatial,0.5,0.75,1.0,km
62,Soil Moisture,40.0,22.909090909090846,4378.305796223032,4378.45106943235,47578.30579622303,Accuracy,0.01,0.017,0.05,%,Temporal,6.0,10.0,12.0,hrs,Spatial,0.5,0.75,1.0,km
63,Soil Moisture,-10.0,-87.4285714285715,4482.993850757252,4483.050056970057,47682.99385075725,Accuracy,0.01,0.017,0.05,%,Temporal,6.0,10.0,12.0,hrs,Spatial,0.5,0.75,1.0,km
64,Soil Moisture,0.0,30.000000000000004,4497.560770655505,4497.5811082920545,47697.5607706555,Accuracy,0.01,0.017,0.05,%,Temporal,6.0,10.0,12.0,hrs,Spatial,0.5,0.75,1.0,km
65,Soil Moisture,-45.0,179.99999999999991,4500.152481998722,4500.208435826487,47700.152481998724,Accuracy,0.01,0.017,0.05,%,Temporal,6.0,10.0,12.0,hrs,Spatial,0.5,0.75,1.0,km
66,Soil Moisture,25.0,13.846153846153879,4550.663898908699,4551.184070720615,47750.6638989087,Accuracy,0.01,0.017,0.05,%,Temporal,6.0,10.0,12.0,hrs,Spatial,0.5,0.75,1.0,km
67,Soil Moisture,0.0,-100.0,4757.9822495798435,4758.296133236483,47957.98224957984,Accuracy,0.01,0.017,0.05,%,Temporal,6.0,10.0,12.0,hrs,Spatial,0.5,0.75,1.0,km
68,Soil Moisture,0.0,135.0,4761.9374955489175,4761.962394608472,47961.93749554892,Accuracy,0.01,0.017,0.05,%,Temporal,6.0,10.0,12.0,hrs,Spatial,0.5,0.75,1.0,km
69,Soil Moisture,25.0,-69.23076923076921,4837.617132380409,4837.638218368762,48037.61713238041,Accuracy,0.01,0.017,0.05,%,Temporal,6.0,10.0,12.0,hrs,Spatial,0.5,0.75,1.0,km
70,Soil Moisture,5.0,-83.66197183098598,4948.393377815701,4948.541287013857,48148.3933778157,Accuracy,0.01,0.017,0.05,%,Temporal,6.0,10.0,12.0,hrs,Spatial,0.5,0.75,1.0,km
71,Soil Moisture,30.000000000000004,-150.96774193548384,5025.632332198341,5025.844151794906,48225.632332198344,Accuracy,0.01,0.017,0.05,%,Temporal,6.0,10.0,12.0,hrs,Spatial,0.5,0.75,1.0,km
72,Soil Moisture,25.0,-47.07692307692305,5145.472710868926,5145.893202697397,48345.472710868926,Accuracy,0.01,0.017,0.05,%,Temporal,6.0,10.0,12.0,hrs,Spatial,0.5,0.75,1.0,km
73,Soil Moisture,-20.0,120.89552238805975,5227.342747467267,5227.352239060208,48427.342747467264,Accuracy,0.01,0.017,0.05,%,Temporal,6.0,10.0,12.0,hrs,Spatial,0.5,0.75,1.0,km
74,Soil Moisture,35.0,179.99999999999991,5321.044932703506,5321.529803945745,48521.04493270351,Accuracy,0.01,0.017,0.05,%,Temporal,6.0,10.0,12.0,hrs,Spatial,0.5,0.75,1.0,km
75,Soil Moisture,20.0,40.29850746268663,5422.886671689335,5422.996324830254,48622.88667168933,Accuracy,0.01,0.017,0.05,%,Temporal,6.0,10.0,12.0,hrs,Spatial,0.5,0.75,1.0,km
76,Soil Moisture,-35.0,-80.68965517241384,5432.212938680228,5432.734062648941,48632.212938680226,Accuracy,0.01,0.017,0.05,%,Temporal,6.0,10.0,12.0,hrs,Spatial,0.5,0.75,1.0,km
77,Soil Moisture,40.0,-180.0,5445.203328461114,5445.25722688324,48645.20332846112,Accuracy,0.01,0.017,0.05,%,Temporal,6.0,10.0,12.0,hrs,Spatial,0.5,0.75,1.0,km
78,Soil Moisture,-30.000000000000004,69.67741935483879,5500.112963801806,5500.385346668149,48700.1129638018,Accuracy,0.01,0.017,0.05,%,Temporal,6.0,10.0,12.0,hrs,Spatial,0.5,0.75,1.0,km
79,Soil Moisture,-35.0,-111.72413793103455,5536.476816323027,5536.954654182137,48736.476816323026,Accuracy,0.01,0.017,0.05,%,Temporal,6.0,10.0,12.0,hrs,Spatial,0.5,0.75,1.0,km
80,Soil Moisture,15.000000000000002,-159.13043478260875,5600.9480074491585,5601.088606745749,48800.94800744916,Accuracy,0.01,0.017,0.05,%,Temporal,6.0,10.0,12.0,hrs,Spatial,0.5,0.75,1.0,km
81,Soil Moisture,-45.0,-7.200000000000045,5638.0201984251635,5638.356410696187,48838.02019842516,Accuracy,0.01,0.017,0.05,%,Temporal,6.0,10.0,12.0,hrs,Spatial,0.5,0.75,1.0,km
82,Soil Moisture,-5.0,-180.0,5653.197918058665,5653.788237734888,48853.197918058664,Accuracy,0.01,0.017,0.05,%,Temporal,6.0,10.0,12.0,hrs,Spatial,0.5,0.75,1.0,km
83,Soil Moisture,-45.0,-72.00000000000006,5671.865529088875,5672.125578659768,48871.86552908887,Accuracy,0.01,0.017,0.05,%,Temporal,6.0,10.0,12.0,hrs,Spatial,0.5,0.75,1.0,km
84,Soil Moisture,-10.0,-174.85714285714286,5700.062115733901,5700.235220412516,48900.0621157339,Accuracy,0.01,0.017,0.05,%,Temporal,6.0,10.0,12.0,hrs,Spatial,0.5,0.75,1.0,km
85,Soil Moisture,-30.000000000000004,-52.25806451612893,5763.392728239073,5764.329720463494,48963.39272823907,Accuracy,0.01,0.017,0.05,%,Temporal,6.0,10.0,12.0,hrs,Spatial,0.5,0.75,1.0,km
86,Soil Moisture,30.000000000000004,-127.74193548387092,5773.512408660926,5774.297608826117,48973.51240866093,Accuracy,0.01,0.017,0.05,%,Temporal,6.0,10.0,12.0,hrs,Spatial,0.5,0.75,1.0,km
87,Soil Moisture,45.0,-21.600000000000044,5808.30090088804,5808.489808062227,49008.30090088804,Accuracy,0.01,0.017,0.05,%,Temporal,6.0,10.0,12.0,hrs,Spatial,0.5,0.75,1.0,km
88,Soil Moisture,-40.0,49.09090909090903,5879.674535195327,5879.913767190384,49079.67453519533,Accuracy,0.01,0.017,0.05,%,Temporal,6.0,10.0,12.0,hrs,Spatial,0.5,0.75,1.0,km
89,Soil Moisture,-5.0,-119.15492957746483,6129.223636101641,6129.477386095484,49329.22363610164,Accuracy,0.01,0.017,0.05,%,Temporal,6.0,10.0,12.0,hrs,Spatial,0.5,0.75,1.0,km
90,Soil Moisture,15.000000000000002,-60.000000000000085,6199.801638356232,6199.8068673539565,49399.801638356235,Accuracy,0.01,0.017,0.05,%,Temporal,6.0,10.0,12.0,hrs,Spatial,0.5,0.75,1.0,km
91,Soil Moisture,10.0,138.85714285714275,6204.793564748895,6205.611430651503,49404.79356474889,Accuracy,0.01,0.017,0.05,%,Temporal,6.0,10.0,12.0,hrs,Spatial,0.5,0.75,1.0,km
92,Soil Moisture,-5.0,-78.59154929577471,6290.57722885394,6290.621353355711,49490.57722885394,Accuracy,0.01,0.017,0.05,%,Temporal,6.0,10.0,12.0,hrs,Spatial,0.5,0.75,1.0,km
93,Soil Moisture,-10.0,87.42857142857136,6509.116909801882,6509.498826440049,49709.11690980188,Accuracy,0.01,0.017,0.05,%,Temporal,6.0,10.0,12.0,hrs,Spatial,0.5,0.75,1.0,km
94,Soil Moisture,0.0,140.0,6582.581183642042,6582.854965234218,49782.58118364204,Accuracy,0.01,0.017,0.05,%,Temporal,6.0,10.0,12.0,hrs,Spatial,0.5,0.75,1.0,km
95,Soil Moisture,-20.0,120.89552238805975,6613.573965111959,6614.212805405519,49813.57396511196,Accuracy,0.01,0.017,0.05,%,Temporal,6.0,10.0,12.0,hrs,Spatial,0.5,0.75,1.0,km
96,Soil Moisture,35.0,31.03448275862065,6643.6025597645385,6643.90718792932,49843.602559764535,Accuracy,0.01,0.017,0.05,%,Temporal,6.0,10.0,12.0,hrs,Spatial,0.5,0.75,1.0,km
97,Soil Moisture,-10.0,-36.00000000000007,6652.446796824022,6652.720065873257,49852.44679682402,Accuracy,0.01,0.017,0.05,%,Temporal,6.0,10.0,12.0,hrs,Spatial,0.5,0.75,1.0,km
98,Soil Moisture,30.000000000000004,-92.90322580645153,6673.645107755742,6674.439971589184,49873.64510775574,Accuracy,0.01,0.017,0.05,%,Temporal,6.0,10.0,12.0,hrs,Spatial,0.5,0.75,1.0,km
99,Soil Moisture,-25.0,-168.9230769230769,6702.341186735819,6702.50899956414,49902.341186735815,Accuracy,0.01,0.017,0.05,%,Temporal,6.0,10.0,12.0,hrs,Spatial,0.5,0.75,1.0,km
100,Soil Moisture,-25.0,-74.76923076923075,6765.318958657603,6765.814376671465,49965.318958657605,Accuracy,0.01,0.017,0.05,%,Temporal,6.0,10.0,12.0,hrs,Spatial,0.5,0.75,1.0,km
101,Soil Moisture,-35.0,-93.10344827586212,6887.329449205159,6887.437217124086,50087.32944920516,Accuracy,0.01,0.017,0.05,%,Temporal,6.0,10.0,12.0,hrs,Spatial,0.5,0.75,1.0,km
102,Soil Moisture,30.000000000000004,69.67741935483879,6891.780630356277,6891.9839112294185,50091.780630356276,Accuracy,0.01,0.017,0.05,%,Temporal,6.0,10.0,12.0,hrs,Spatial,0.5,0.75,1.0,km
103,Soil Moisture,-30.000000000000004,-58.06451612903216,6930.590801030457,6930.760129797622,50130.590801030456,Accuracy,0.01,0.017,0.05,%,Temporal,6.0,10.0,12.0,hrs,Spatial,0.5,0.75,1.0,km
104,Soil Moisture,-45.0,-86.40000000000006,6954.809613206445,6955.237662328459,50154.809613206446,Accuracy,0.01,0.017,0.05,%,Temporal,6.0,10.0,12.0,hrs,Spatial,0.5,0.75,1.0,km
105,Soil Moisture,-40.0,62.18181818181812,6965.147931887948,6965.265971990364,50165.14793188795,Accuracy,0.01,0.017,0.05,%,Temporal,6.0,10.0,12.0,hrs,Spatial,0.5,0.75,1.0,km
106,Soil Moisture,20.0,153.13432835820902,6973.138069814889,6973.290387870023,50173.138069814886,Accuracy,0.01,0.017,0.05,%,Temporal,6.0,10.0,12.0,hrs,Spatial,0.5,0.75,1.0,km
107,Soil Moisture,35.0,-155.1724137931035,6991.775556285034,6992.012681024127,50191.775556285036,Accuracy,0.01,0.017,0.05,%,Temporal,6.0,10.0,12.0,hrs,Spatial,0.5,0.75,1.0,km
108,Soil Moisture,-45.0,-122.40000000000006,7012.893021034227,7013.737853768208,50212.89302103423,Accuracy,0.01,0.017,0.05,%,Temporal,6.0,10.0,12.0,hrs,Spatial,0.5,0.75,1.0,km
109,Soil Moisture,0.0,15.000000000000002,7019.232452799543,7020.204518327321,50219.232452799544,Accuracy,0.01,0.017,0.05,%,Temporal,6.0,10.0,12.0,hrs,Spatial,0.5,0.75,1.0,km
110,Soil Moisture,-15.000000000000002,-174.7826086956522,7266.946996013575,7267.040426916677,50466.946996013576,Accuracy,0.01,0.017,0.05,%,Temporal,6.0,10.0,12.0,hrs,Spatial,0.5,0.75,1.0,km
111,Soil Moisture,-5.0,-169.85915492957747,7303.566593543268,7303.621784953825,50503.56659354327,Accuracy,0.01,0.017,0.05,%,Temporal,6.0,10.0,12.0,hrs,Spatial,0.5,0.75,1.0,km
112,Soil Moisture,-40.0,42.54545454545448,7441.8204770002885,7441.988913071017,50641.82047700029,Accuracy,0.01,0.017,0.05,%,Temporal,6.0,10.0,12.0,hrs,Spatial,0.5,0.75,1.0,km
113,Soil Moisture,-10.0,123.42857142857132,7542.11384992112,7542.806333943669,50742.11384992112,Accuracy,0.01,0.017,0.05,%,Temporal,6.0,10.0,12.0,hrs,Spatial,0.5,0.75,1.0,km
114,Soil Moisture,-40.0,-134.18181818181827,7551.024422134314,7551.041511877697,50751.02442213432,Accuracy,0.01,0.017,0.05,%,Temporal,6.0,10.0,12.0,hrs,Spatial,0.5,0.75,1.0,km
115,Soil Moisture,5.0,-180.0,7661.260084242651,7661.879774447854,50861.26008424265,Accuracy,0.01,0.017,0.05,%,Temporal,6.0,10.0,12.0,hrs,Spatial,0.5,0.75,1.0,km
116,Soil Moisture,45.0,172.79999999999993,7694.021656384377,7694.4865878499995,50894.02165638438,Accuracy,0.01,0.017,0.05,%,Temporal,6.0,10.0,12.0,hrs,Spatial,0.5,0.75,1.0,km
117,Soil Moisture,35.0,-18.62068965517246,7756.131256543742,7756.405624845636,50956.13125654374,Accuracy,0.01,0.017,0.05,%,Temporal,6.0,10.0,12.0,hrs,Spatial,0.5,0.75,1.0,km
118,Soil Moisture,-5.0,-53.23943661971839,7771.528092265873,7771.56349760324,50971.52809226587,Accuracy,0.01,0.017,0.05,%,Temporal,6.0,10.0,12.0,hrs,Spatial,0.5,0.75,1.0,km
119,Soil Moisture,-5.0,114.08450704225338,7842.794938473535,7843.555990180062,51042.79493847353,Accuracy,0.01,0.017,0.05,%,Temporal,6.0,10.0,12.0,hrs,Spatial,0.5,0.75,1.0,km
120,Soil Moisture,-25.0,-41.53846153846151,7849.05013156804,7849.158760835901,51049.05013156804,Accuracy,0.01,0.017,0.05,%,Temporal,6.0,10.0,12.0,hrs,Spatial,0.5,0.75,1.0,km
121,Soil Moisture,30.000000000000004,-63.87096774193538,7923.241540343091,7923.328078115279,51123.24154034309,Accuracy,0.01,0.017,0.05,%,Temporal,6.0,10.0,12.0,hrs,Spatial,0.5,0.75,1.0,km
122,Soil Moisture,40.0,9.818181818181753,7942.624495935083,7944.635173110691,51142.62449593508,Accuracy,0.01,0.017,0.05,%,Temporal,6.0,10.0,12.0,hrs,Spatial,0.5,0.75,1.0,km
123,Soil Moisture,-25.0,157.84615384615387,7995.331371269802,7995.820857508988,51195.3313712698,Accuracy,0.01,0.017,0.05,%,Temporal,6.0,10.0,12.0,hrs,Spatial,0.5,0.75,1.0,km
124,Soil Moisture,35.0,-49.655172413793146,8015.975970415696,8016.1578778344565,51215.9759704157,Accuracy,0.01,0.017,0.05,%,Temporal,6.0,10.0,12.0,hrs,Spatial,0.5,0.75,1.0,km
125,Soil Moisture,30.000000000000004,-121.9354838709677,8029.756811141957,8030.40855027378,51229.75681114196,Accuracy,0.01,0.017,0.05,%,Temporal,6.0,10.0,12.0,hrs,Spatial,0.5,0.75,1.0,km
126,Soil Moisture,30.000000000000004,-52.25806451612893,8088.441069259114,8088.444932958404,51288.44106925911,Accuracy,0.01,0.017,0.05,%,Temporal,6.0,10.0,12.0,hrs,Spatial,0.5,0.75,1.0,km
127,Soil Moisture,-10.0,-56.571428571428655,8131.153684593003,8131.27553794639,51331.153684593,Accuracy,0.01,0.017,0.05,%,Temporal,6.0,10.0,12.0,hrs,Spatial,0.5,0.75,1.0,km
128,Soil Moisture,20.0,94.0298507462687,8213.76561728229,8214.142268501288,51413.76561728229,Accuracy,0.01,0.017,0.05,%,Temporal,6.0,10.0,12.0,hrs,Spatial,0.5,0.75,1.0,km
129,Soil Moisture,35.0,80.68965517241375,8405.521966441727,8405.577978871836,51605.52196644172,Accuracy,0.01,0.017,0.05,%,Temporal,6.0,10.0,12.0,hrs,Spatial,0.5,0.75,1.0,km
130,Soil Moisture,-5.0,-27.887323943662064,8405.643351564448,8405.824654776101,51605.643351564446,Accuracy,0.01,0.017,0.05,%,Temporal,6.0,10.0,12.0,hrs,Spatial,0.5,0.75,1.0,km
131,Soil Moisture,-45.0,-151.20000000000005,8461.89387348855,8461.991955094618,51661.89387348855,Accuracy,0.01,0.017,0.05,%,Temporal,6.0,10.0,12.0,hrs,Spatial,0.5,0.75,1.0,km
132,Soil Moisture,-30.000000000000004,121.93548387096787,8468.472710418366,8468.522524247408,51668.47271041836,Accuracy,0.01,0.017,0.05,%,Temporal,6.0,10.0,12.0,hrs,Spatial,0.5,0.75,1.0,km
133,Soil Moisture,-5.0,63.38028169014074,8601.990999782685,8602.34890079188,51801.99099978268,Accuracy,0.01,0.017,0.05,%,Temporal,6.0,10.0,12.0,hrs,Spatial,0.5,0.75,1.0,km
134,Soil Moisture,25.0,-113.53846153846148,8747.477197802633,8747.595823913545,51947.47719780263,Accuracy,0.01,0.017,0.05,%,Temporal,6.0,10.0,12.0,hrs,Spatial,0.5,0.75,1.0,km
135,Soil Moisture,-5.0,-58.309859154929654,8890.56044397323,8890.67684187658,52090.560443973234,Accuracy,0.01,0.017,0.05,%,Temporal,6.0,10.0,12.0,hrs,Spatial,0.5,0.75,1.0,km
136,Soil Moisture,-30.000000000000004,46.45161290322589,8903.43449724331,8903.477812216875,52103.43449724331,Accuracy,0.01,0.017,0.05,%,Temporal,6.0,10.0,12.0,hrs,Spatial,0.5,0.75,1.0,km
137,Soil Moisture,35.0,93.10344827586204,8986.654895242778,8986.710909315956,52186.65489524278,Accuracy,0.01,0.017,0.05,%,Temporal,6.0,10.0,12.0,hrs,Spatial,0.5,0.75,1.0,km
138,Soil Moisture,-25.0,-41.53846153846151,8993.603635280135,8994.71357846949,52193.60363528013,Accuracy,0.01,0.017,0.05,%,Temporal,6.0,10.0,12.0,hrs,Spatial,0.5,0.75,1.0,km
139,Soil Moisture,30.000000000000004,11.612903225806543,9025.828561407076,9026.228019274176,52225.82856140708,Accuracy,0.01,0.017,0.05,%,Temporal,6.0,10.0,12.0,hrs,Spatial,0.5,0.75,1.0,km
140,Soil Moisture,-25.0,96.92307692307693,9059.27134603603,9059.601744615913,52259.27134603603,Accuracy,0.01,0.017,0.05,%,Temporal,6.0,10.0,12.0,hrs,Spatial,0.5,0.75,1.0,km
141,Soil Moisture,25.0,157.84615384615387,9087.70836865469,9088.209571217825,52287.70836865469,Accuracy,0.01,0.017,0.05,%,Temporal,6.0,10.0,12.0,hrs,Spatial,0.5,0.75,1.0,km
142,Soil Moisture,45.0,-100.80000000000007,9174.226310921578,9174.447129818209,52374.22631092158,Accuracy,0.01,0.017,0.05,%,Temporal,6.0,10.0,12.0,hrs,Spatial,0.5,0.75,1.0,km
143,Soil Moisture,-30.000000000000004,-81.29032258064507,9175.089401141078,9175.173145621835,52375.08940114108,Accuracy,0.01,0.017,0.05,%,Temporal,6.0,10.0,12.0,hrs,Spatial,0.5,0.75,1.0,km
144,Soil Moisture,-25.0,102.46153846153847,9299.815704565919,9300.046433187383,52499.81570456592,Accuracy,0.01,0.017,0.05,%,Temporal,6.0,10.0,12.0,hrs,Spatial,0.5,0.75,1.0,km
145,Soil Moisture,-30.000000000000004,-156.77419354838707,9362.781664134869,9363.04723706465,52562.78166413487,Accuracy,0.01,0.017,0.05,%,Temporal,6.0,10.0,12.0,hrs,Spatial,0.5,0.75,1.0,km
146,Soil Moisture,15.000000000000002,-54.78260869565226,9372.866126634162,9372.913580175611,52572.866126634166,Accuracy,0.01,0.017,0.05,%,Temporal,6.0,10.0,12.0,hrs,Spatial,0.5,0.75,1.0,km
147,Soil Moisture,30.000000000000004,-81.29032258064507,9398.072989136082,9398.434369081264,52598.07298913608,Accuracy,0.01,0.017,0.05,%,Temporal,6.0,10.0,12.0,hrs,Spatial,0.5,0.75,1.0,km
148,Soil Moisture,-25.0,141.23076923076923,9475.067612045425,9475.10252348843,52675.06761204542,Accuracy,0.01,0.017,0.05,%,Temporal,6.0,10.0,12.0,hrs,Spatial,0.5,0.75,1.0,km
149,Soil Moisture,30.000000000000004,-75.48387096774184,9484.222174529488,9484.436483994034,52684.22217452949,Accuracy,0.01,0.017,0.05,%,Temporal,6.0,10.0,12.0,hrs,Spatial,0.5,0.75,1.0,km
150,Soil Moisture,-25.0,-63.692307692307665,9557.312403341155,9557.39642780783,52757.31240334115,Accuracy,0.01,0.017,0.05,%,Temporal,6.0,10.0,12.0,hrs,Spatial,0.5,0.75,1.0,km
151,Soil Moisture,-45.0,-50.40000000000005,9618.24635196211,9618.89277115699,52818.24635196211,Accuracy,0.01,0.017,0.05,%,Temporal,6.0,10.0,12.0,hrs,Spatial,0.5,0.75,1.0,km
152,Soil Moisture,-10.0,-149.14285714285717,9673.039660711955,9673.287576789304,52873.039660711955,Accuracy,0.01,0.017,0.05,%,Temporal,6.0,10.0,12.0,hrs,Spatial,0.5,0.75,1.0,km
153,Soil Moisture,0.0,5.0,9799.719303305845,9799.991109198332,52999.71930330584,Accuracy,0.01,0.017,0.05,%,Temporal,6.0,10.0,12.0,hrs,Spatial,0.5,0.75,1.0,km
154,Soil Moisture,5.0,32.95774647887315,9884.290129604704,9884.344856509511,53084.290129604706,Accuracy,0.01,0.017,0.05,%,Temporal,6.0,10.0,12.0,hrs,Spatial,0.5,0.75,1.0,km
155,Soil Moisture,-45.0,43.19999999999996,9972.446134792845,9972.876384038334,53172.446134792845,Accuracy,0.01,0.017,0.05,%,Temporal,6.0,10.0,12.0,hrs,Spatial,0.5,0.75,1.0,km
156,Soil Moisture,10.0,-149.14285714285717,10018.435097826938,10018.564820886242,53218.435097826936,Accuracy,0.01,0.017,0.05,%,Temporal,6.0,10.0,12.0,hrs,Spatial,0.5,0.75,1.0,km
157,Soil Moisture,-40.0,-36.00000000000007,10062.875866615615,10063.013404247133,53262.87586661561,Accuracy,0.01,0.017,0.05,%,Temporal,6.0,10.0,12.0,hrs,Spatial,0.5,0.75,1.0,km
158,Soil Moisture,15.000000000000002,-75.65217391304357,10078.800577392083,10080.251947142018,53278.80057739208,Accuracy,0.01,0.017,0.05,%,Temporal,6.0,10.0,12.0,hrs,Spatial,0.5,0.75,1.0,km
159,Soil Moisture,25.0,-180.0,10092.77217966908,10092.91714159244,53292.77217966908,Accuracy,0.01,0.017,0.05,%,Temporal,6.0,10.0,12.0,hrs,Spatial,0.5,0.75,1.0,km
160,Soil Moisture,-45.0,14.399999999999956,10161.580727599714,10162.100808282188,53361.580727599714,Accuracy,0.01,0.017,0.05,%,Temporal,6.0,10.0,12.0,hrs,Spatial,0.5,0.75,1.0,km
161,Soil Moisture,30.000000000000004,-180.0,10245.283388964406,10245.384569066055,53445.2833889644,Accuracy,0.01,0.017,0.05,%,Temporal,6.0,10.0,12.0,hrs,Spatial,0.5,0.75,1.0,km
162,Soil Moisture,-40.0,-153.81818181818187,10403.526187980417,10404.30215372913,53603.52618798042,Accuracy,0.01,0.017,0.05,%,Temporal,6.0,10.0,12.0,hrs,Spatial,0.5,0.75,1.0,km
163,Soil Moisture,15.000000000000002,133.04347826086953,10472.58807721038,10472.983982980628,53672.58807721038,Accuracy,0.01,0.017,0.05,%,Temporal,6.0,10.0,12.0,hrs,Spatial,0.5,0.75,1.0,km
164,Soil Moisture,25.0,-41.53846153846151,10504.927547475743,10505.473445006606,53704.927547475745,Accuracy,0.01,0.017,0.05,%,Temporal,6.0,10.0,12.0,hrs,Spatial,0.5,0.75,1.0,km
165,Soil Moisture,10.0,-61.7142857142858,10506.078916244503,10506.491346001325,53706.0789162445,Accuracy,0.01,0.017,0.05,%,Temporal,6.0,10.0,12.0,hrs,Spatial,0.5,0.75,1.0,km
166,Soil Moisture,10.0,-36.00000000000007,10634.468045257825,10634.521741957451,53834.468045257825,Accuracy,0.01,0.017,0.05,%,Temporal,6.0,10.0,12.0,hrs,Spatial,0.5,0.75,1.0,km
167,Soil Moisture,-30.000000000000004,-98.70967741935476,10671.874304624434,10671.922032303537,53871.874304624434,Accuracy,0.01,0.017,0.05,%,Temporal,6.0,10.0,12.0,hrs,Spatial,0.5,0.75,1.0,km
168,Soil Moisture,0.0,-70.0,10680.596979625974,10680.618070054801,53880.596979625974,Accuracy,0.01,0.017,0.05,%,Temporal,6.0,10.0,12.0,hrs,Spatial,0.5,0.75,1.0,km
169,Soil Moisture,-25.0,113.53846153846153,10729.042590308116,10729.275697767913,53929.04259030811,Accuracy,0.01,0.017,0.05,%,Temporal,6.0,10.0,12.0,hrs,Spatial,0.5,0.75,1.0,km
170,Soil Moisture,15.000000000000002,23.478260869565148,10775.310826459818,10775.531090822773,53975.31082645982,Accuracy,0.01,0.017,0.05,%,Temporal,6.0,10.0,12.0,hrs,Spatial,0.5,0.75,1.0,km
171,Soil Moisture,10.0,-180.0,10783.60324670078,10783.696645982549,53983.60324670078,Accuracy,0.01,0.017,0.05,%,Temporal,6.0,10.0,12.0,hrs,Spatial,0.5,0.75,1.0,km
172,Soil Moisture,35.0,-43.44827586206901,10835.827067287677,10836.605383021755,54035.827067287675,Accuracy,0.01,0.017,0.05,%,Temporal,6.0,10.0,12.0,hrs,Spatial,0.5,0.75,1.0,km
173,Soil Moisture,15.000000000000002,28.695652173912976,10910.756260242635,10910.854109004607,54110.75626024263,Accuracy,0.01,0.017,0.05,%,Temporal,6.0,10.0,12.0,hrs,Spatial,0.5,0.75,1.0,km
174,Soil Moisture,5.0,144.50704225352098,10957.528505816426,10957.752145574268,54157.52850581642,Accuracy,0.01,0.017,0.05,%,Temporal,6.0,10.0,12.0,hrs,Spatial,0.5,0.75,1.0,km
175,Soil Moisture,10.0,51.42857142857137,10993.60462438501,10993.710582856715,54193.604624385014,Accuracy,0.01,0.017,0.05,%,Temporal,6.0,10.0,12.0,hrs,Spatial,0.5,0.75,1.0,km
176,Soil Moisture,0.0,-55.0,11077.07863886685,11077.116764791937,54277.07863886685,Accuracy,0.01,0.017,0.05,%,Temporal,6.0,10.0,12.0,hrs,Spatial,0.5,0.75,1.0,km
177,Soil Moisture,-20.0,-169.25373134328356,11107.46870827844,11108.174169280777,54307.46870827844,Accuracy,0.01,0.017,0.05,%,Temporal,6.0,10.0,12.0,hrs,Spatial,0.5,0.75,1.0,km
178,Soil Moisture,45.0,-180.0,11152.37597326872,11152.45643859038,54352.37597326872,Accuracy,0.01,0.017,0.05,%,Temporal,6.0,10.0,12.0,hrs,Spatial,0.5,0.75,1.0,km
179,Soil Moisture,20.0,153.13432835820902,11200.554343202897,11200.770339310633,54400.5543432029,Accuracy,0.01,0.017,0.05,%,Temporal,6.0,10.0,12.0,hrs,Spatial,0.5,0.75,1.0,km
180,Soil Moisture,0.0,-100.0,11254.564347070698,11255.025907526404,54454.5643470707,Accuracy,0.01,0.017,0.05,%,Temporal,6.0,10.0,12.0,hrs,Spatial,0.5,0.75,1.0,km
181,Soil Moisture,-20.0,2.6865671641791646,11332.039848318616,11332.531748340129,54532.039848318615,Accuracy,0.01,0.017,0.05,%,Temporal,6.0,10.0,12.0,hrs,Spatial,0.5,0.75,1.0,km
182,Soil Moisture,-45.0,-158.40000000000003,11427.142531972115,11428.672222410538,54627.14253197212,Accuracy,0.01,0.017,0.05,%,Temporal,6.0,10.0,12.0,hrs,Spatial,0.5,0.75,1.0,km
183,Soil Moisture,0.0,-110.0,11473.375427278816,11473.484408461007,54673.375427278814,Accuracy,0.01,0.017,0.05,%,Temporal,6.0,10.0,12.0,hrs,Spatial,0.5,0.75,1.0,km
184,Soil Moisture,10.0,-20.571428571428644,11512.608896231342,11512.831328017466,54712.608896231344,Accuracy,0.01,0.017,0.05,%,Temporal,6.0,10.0,12.0,hrs,Spatial,0.5,0.75,1.0,km
185,Soil Moisture,25.0,-80.30769230769228,11683.523126930995,11683.89735282808,54883.523126930995,Accuracy,0.01,0.017,0.05,%,Temporal,6.0,10.0,12.0,hrs,Spatial,0.5,0.75,1.0,km
186,Soil Moisture,20.0,-24.17910447761188,11744.01493094056,11744.643131091185,54944.01493094056,Accuracy,0.01,0.017,0.05,%,Temporal,6.0,10.0,12.0,hrs,Spatial,0.5,0.75,1.0,km
187,Soil Moisture,35.0,161.37931034482753,11761.641147072614,11761.704425549282,54961.641147072616,Accuracy,0.01,0.017,0.05,%,Temporal,6.0,10.0,12.0,hrs,Spatial,0.5,0.75,1.0,km
188,Soil Moisture,-10.0,92.5714285714285,11768.619276625832,11768.87459376769,54968.61927662583,Accuracy,0.01,0.017,0.05,%,Temporal,6.0,10.0,12.0,hrs,Spatial,0.5,0.75,1.0,km
189,Soil Moisture,35.0,148.96551724137927,11829.380586035044,11829.664696701777,55029.38058603505,Accuracy,0.01,0.017,0.05,%,Temporal,6.0,10.0,12.0,hrs,Spatial,0.5,0.75,1.0,km
190,Soil Moisture,-40.0,-62.181818181818265,11860.98234393805,11861.442731946685,55060.98234393805,Accuracy,0.01,0.017,0.05,%,Temporal,6.0,10.0,12.0,hrs,Spatial,0.5,0.75,1.0,km
191,Soil Moisture,20.0,8.059701492537375,11868.720854830071,11868.789974402513,55068.72085483007,Accuracy,0.01,0.017,0.05,%,Temporal,6.0,10.0,12.0,hrs,Spatial,0.5,0.75,1.0,km
192,Soil Moisture,-35.0,-124.13793103448283,11938.383532217898,11939.761098876957,55138.3835322179,Accuracy,0.01,0.017,0.05,%,Temporal,6.0,10.0,12.0,hrs,Spatial,0.5,0.75,1.0,km
193,Soil Moisture,10.0,154.28571428571416,11982.282284788302,11983.263055492762,55182.2822847883,Accuracy,0.01,0.017,0.05,%,Temporal,6.0,10.0,12.0,hrs,Spatial,0.5,0.75,1.0,km
194,Soil Moisture,15.000000000000002,-133.04347826086968,12018.231399136486,12018.244282358772,55218.231399136486,Accuracy,0.01,0.017,0.05,%,Temporal,6.0,10.0,12.0,hrs,Spatial,0.5,0.75,1.0,km
195,Soil Moisture,-5.0,-124.22535211267608,12072.148954798231,12072.510545458477,55272.148954798235,Accuracy,0.01,0.017,0.05,%,Temporal,6.0,10.0,12.0,hrs,Spatial,0.5,0.75,1.0,km
196,Soil Moisture,35.0,173.7931034482758,12156.95030129977,12157.091884271906,55356.950301299774,Accuracy,0.01,0.017,0.05,%,Temporal,6.0,10.0,12.0,hrs,Spatial,0.5,0.75,1.0,km
197,Soil Moisture,-30.000000000000004,-156.77419354838707,12257.99522970773,12258.317306059205,55457.99522970773,Accuracy,0.01,0.017,0.05,%,Temporal,6.0,10.0,12.0,hrs,Spatial,0.5,0.75,1.0,km
198,Soil Moisture,35.0,62.068965517241324,12258.478194198557,12259.101472567541,55458.47819419856,Accuracy,0.01,0.017,0.05,%,Temporal,6.0,10.0,12.0,hrs,Spatial,0.5,0.75,1.0,km
199,Soil Moisture,15.000000000000002,33.9130434782608,12272.072357797442,12272.128746732751,55472.07235779744,Accuracy,0.01,0.017,0.05,%,Temporal,6.0,10.0,12.0,hrs,Spatial,0.5,0.75,1.0,km
200,Soil Moisture,-5.0,144.50704225352098,12290.496634993571,12290.885553737215,55490.49663499357,Accuracy,0.01,0.017,0.05,%,Temporal,6.0,10.0,12.0,hrs,Spatial,0.5,0.75,1.0,km
201,Soil Moisture,45.0,28.799999999999958,12307.879620060181,12308.115051197397,55507.87962006018,Accuracy,0.01,0.017,0.05,%,Temporal,6.0,10.0,12.0,hrs,Spatial,0.5,0.75,1.0,km
202,Soil Moisture,35.0,-74.4827586206897,12335.581286342664,12335.912738854759,55535.58128634266,Accuracy,0.01,0.017,0.05,%,Temporal,6.0,10.0,12.0,hrs,Spatial,0.5,0.75,1.0,km
203,Soil Moisture,-35.0,80.68965517241375,12485.871216428195,12485.915978430547,55685.8712164282,Accuracy,0.01,0.017,0.05,%,Temporal,6.0,10.0,12.0,hrs,Spatial,0.5,0.75,1.0,km
204,Soil Moisture,-15.000000000000002,122.60869565217389,12493.198343751907,12493.587813372515,55693.19834375191,Accuracy,0.01,0.017,0.05,%,Temporal,6.0,10.0,12.0,hrs,Spatial,0.5,0.75,1.0,km
205,Soil Moisture,30.000000000000004,-162.5806451612903,12510.33624650348,12510.627313717392,55710.33624650348,Accuracy,0.01,0.017,0.05,%,Temporal,6.0,10.0,12.0,hrs,Spatial,0.5,0.75,1.0,km
206,Soil Moisture,25.0,124.61538461538461,12527.966164674492,12528.4290971923,55727.96616467449,Accuracy,0.01,0.017,0.05,%,Temporal,6.0,10.0,12.0,hrs,Spatial,0.5,0.75,1.0,km
207,Soil Moisture,30.000000000000004,104.51612903225818,12557.057661719382,12557.203204527823,55757.05766171938,Accuracy,0.01,0.017,0.05,%,Temporal,6.0,10.0,12.0,hrs,Spatial,0.5,0.75,1.0,km
208,Soil Moisture,30.000000000000004,-69.6774193548386,12604.455181291503,12604.479740002424,55804.4551812915,Accuracy,0.01,0.017,0.05,%,Temporal,6.0,10.0,12.0,hrs,Spatial,0.5,0.75,1.0,km
209,Soil Moisture,45.0,122.39999999999999,12631.9080654738,12632.656094977068,55831.9080654738,Accuracy,0.01,0.017,0.05,%,Temporal,6.0,10.0,12.0,hrs,Spatial,0.5,0.75,1.0,km
210,Soil Moisture,45.0,14.399999999999956,12634.783565577149,12635.133300138505,55834.78356557715,Accuracy,0.01,0.017,0.05,%,Temporal,6.0,10.0,12.0,hrs,Spatial,0.5,0.75,1.0,km
211,Soil Moisture,-15.000000000000002,-96.52173913043488,12751.467212231582,12751.474120768402,55951.46721223158,Accuracy,0.01,0.017,0.05,%,Temporal,6.0,10.0,12.0,hrs,Spatial,0.5,0.75,1.0,km
212,Soil Moisture,20.0,-8.059701492537254,12804.191342448881,12804.247202520148,56004.19134244888,Accuracy,0.01,0.017,0.05,%,Temporal,6.0,10.0,12.0,hrs,Spatial,0.5,0.75,1.0,km
213,Soil Moisture,15.000000000000002,153.9130434782608,12905.221594350583,12905.581840351404,56105.22159435059,Accuracy,0.01,0.017,0.05,%,Temporal,6.0,10.0,12.0,hrs,Spatial,0.5,0.75,1.0,km
214,Soil Moisture,5.0,-154.64788732394368,12974.03587892821,12974.73439315319,56174.03587892821,Accuracy,0.01,0.017,0.05,%,Temporal,6.0,10.0,12.0,hrs,Spatial,0.5,0.75,1.0,km
215,Soil Moisture,-10.0,-97.71428571428578,12986.718224712959,12986.934930605043,56186.71822471296,Accuracy,0.01,0.017,0.05,%,Temporal,6.0,10.0,12.0,hrs,Spatial,0.5,0.75,1.0,km
216,Soil Moisture,20.0,-158.50746268656712,13023.398724475162,13024.041279787862,56223.39872447516,Accuracy,0.01,0.017,0.05,%,Temporal,6.0,10.0,12.0,hrs,Spatial,0.5,0.75,1.0,km
217,Soil Moisture,30.000000000000004,150.967741935484,13033.029332721148,13033.077353474131,56233.02933272115,Accuracy,0.01,0.017,0.05,%,Temporal,6.0,10.0,12.0,hrs,Spatial,0.5,0.75,1.0,km
218,Soil Moisture,40.0,35.999999999999936,13172.717536496053,13172.845261947468,56372.71753649605,Accuracy,0.01,0.017,0.05,%,Temporal,6.0,10.0,12.0,hrs,Spatial,0.5,0.75,1.0,km
219,Soil Moisture,-5.0,-109.0140845070423,13257.397007810998,13258.246538401818,56457.397007811,Accuracy,0.01,0.017,0.05,%,Temporal,6.0,10.0,12.0,hrs,Spatial,0.5,0.75,1.0,km
220,Soil Moisture,-25.0,113.53846153846153,13265.632266755774,13266.181591023877,56465.632266755776,Accuracy,0.01,0.017,0.05,%,Temporal,6.0,10.0,12.0,hrs,Spatial,0.5,0.75,1.0,km
221,Soil Moisture,45.0,129.6,13356.42007485082,13357.921232067483,56556.420074850816,Accuracy,0.01,0.017,0.05,%,Temporal,6.0,10.0,12.0,hrs,Spatial,0.5,0.75,1.0,km
222,Soil Moisture,20.0,-67.16417910447757,13410.736566345415,13410.941037523415,56610.73656634541,Accuracy,0.01,0.017,0.05,%,Temporal,6.0,10.0,12.0,hrs,Spatial,0.5,0.75,1.0,km
223,Soil Moisture,30.000000000000004,-150.96774193548384,13437.644850819974,13437.678776981591,56637.644850819976,Accuracy,0.01,0.017,0.05,%,Temporal,6.0,10.0,12.0,hrs,Spatial,0.5,0.75,1.0,km
224,Soil Moisture,-20.0,29.55223880597021,13557.68375127701,13557.824666049666,56757.68375127701,Accuracy,0.01,0.017,0.05,%,Temporal,6.0,10.0,12.0,hrs,Spatial,0.5,0.75,1.0,km
225,Soil Moisture,10.0,56.57142857142851,13606.193680471073,13606.525791090666,56806.19368047107,Accuracy,0.01,0.017,0.05,%,Temporal,6.0,10.0,12.0,hrs,Spatial,0.5,0.75,1.0,km
226,Soil Moisture,35.0,-68.27586206896555,13673.798606553062,13674.733464330347,56873.798606553064,Accuracy,0.01,0.017,0.05,%,Temporal,6.0,10.0,12.0,hrs,Spatial,0.5,0.75,1.0,km
227,Soil Moisture,-40.0,-88.36363636363645,13677.691919217837,13678.611762676015,56877.69191921784,Accuracy,0.01,0.017,0.05,%,Temporal,6.0,10.0,12.0,hrs,Spatial,0.5,0.75,1.0,km
228,Soil Moisture,35.0,93.10344827586204,13683.110043023604,13683.257073300327,56883.110043023604,Accuracy,0.01,0.017,0.05,%,Temporal,6.0,10.0,12.0,hrs,Spatial,0.5,0.75,1.0,km
229,Soil Moisture,-10.0,138.85714285714275,13761.58495450291,13761.968078494963,56961.58495450291,Accuracy,0.01,0.017,0.05,%,Temporal,6.0,10.0,12.0,hrs,Spatial,0.5,0.75,1.0,km
230,Soil Moisture,40.0,-81.8181818181819,13813.433090741817,13813.545587973222,57013.43309074182,Accuracy,0.01,0.017,0.05,%,Temporal,6.0,10.0,12.0,hrs,Spatial,0.5,0.75,1.0,km
231,Soil Moisture,5.0,-17.74647887323953,13891.299600661661,13891.49265925826,57091.29960066166,Accuracy,0.01,0.017,0.05,%,Temporal,6.0,10.0,12.0,hrs,Spatial,0.5,0.75,1.0,km
232,Soil Moisture,0.0,120.00000000000001,14013.798983281025,14013.811816270674,57213.79898328103,Accuracy,0.01,0.017,0.05,%,Temporal,6.0,10.0,12.0,hrs,Spatial,0.5,0.75,1.0,km
233,Soil Moisture,40.0,-140.7272727272728,14171.041510910785,14171.072678496981,57371.041510910785,Accuracy,0.01,0.017,0.05,%,Temporal,6.0,10.0,12.0,hrs,Spatial,0.5,0.75,1.0,km
234,Soil Moisture,-10.0,143.9999999999999,14204.781817033334,14205.059346859678,57404.781817033334,Accuracy,0.01,0.017,0.05,%,Temporal,6.0,10.0,12.0,hrs,Spatial,0.5,0.75,1.0,km
235,Soil Moisture,-10.0,66.8571428571428,14239.144053818769,14239.358400355366,57439.14405381877,Accuracy,0.01,0.017,0.05,%,Temporal,6.0,10.0,12.0,hrs,Spatial,0.5,0.75,1.0,km
236,Soil Moisture,-20.0,-2.6865671641790447,14282.099813863497,14282.192352121434,57482.0998138635,Accuracy,0.01,0.017,0.05,%,Temporal,6.0,10.0,12.0,hrs,Spatial,0.5,0.75,1.0,km
237,Soil Moisture,-15.000000000000002,106.9565217391304,14314.81303050534,14315.405640966115,57514.81303050534,Accuracy,0.01,0.017,0.05,%,Temporal,6.0,10.0,12.0,hrs,Spatial,0.5,0.75,1.0,km
238,Soil Moisture,10.0,-77.14285714285722,14335.068487496566,14335.08047347911,57535.06848749657,Accuracy,0.01,0.017,0.05,%,Temporal,6.0,10.0,12.0,hrs,Spatial,0.5,0.75,1.0,km
239,Soil Moisture,20.0,61.79104477611948,14512.191389538528,14512.307676563703,57712.19138953853,Accuracy,0.01,0.017,0.05,%,Temporal,6.0,10.0,12.0,hrs,Spatial,0.5,0.75,1.0,km
240,Soil Moisture,10.0,-102.85714285714292,14541.059370213545,14541.13121301456,57741.059370213545,Accuracy,0.01,0.017,0.05,%,Temporal,6.0,10.0,12.0,hrs,Spatial,0.5,0.75,1.0,km
241,Soil Moisture,30.000000000000004,162.58064516129048,14552.525763052929,14553.459669155298,57752.52576305293,Accuracy,0.01,0.017,0.05,%,Temporal,6.0,10.0,12.0,hrs,Spatial,0.5,0.75,1.0,km
242,Soil Moisture,-25.0,-130.15384615384608,14593.047764923525,14593.088462005639,57793.047764923525,Accuracy,0.01,0.017,0.05,%,Temporal,6.0,10.0,12.0,hrs,Spatial,0.5,0.75,1.0,km
243,Soil Moisture,-25.0,85.84615384615387,14593.878121873975,14594.144644315718,57793.878121873975,Accuracy,0.01,0.017,0.05,%,Temporal,6.0,10.0,12.0,hrs,Spatial,0.5,0.75,1.0,km
244,Soil Moisture,0.0,70.0,14638.42819989049,14638.497607951589,57838.42819989049,Accuracy,0.01,0.017,0.05,%,Temporal,6.0,10.0,12.0,hrs,Spatial,0.5,0.75,1.0,km
245,Soil Moisture,15.000000000000002,-96.52173913043488,14870.517367974731,14870.796753259561,58070.51736797473,Accuracy,0.01,0.017,0.05,%,Temporal,6.0,10.0,12.0,hrs,Spatial,0.5,0.75,1.0,km
246,Soil Moisture,-35.0,-86.89655172413798,15124.187088370283,15126.303754360777,58324.18708837029,Accuracy,0.01,0.017,0.05,%,Temporal,6.0,10.0,12.0,hrs,Spatial,0.5,0.75,1.0,km
247,Soil Moisture,-5.0,-88.73239436619724,15147.253037569219,15147.40649038361,58347.253037569215,Accuracy,0.01,0.017,0.05,%,Temporal,6.0,10.0,12.0,hrs,Spatial,0.5,0.75,1.0,km
248,Soil Moisture,30.000000000000004,-168.38709677419354,15216.67918668411,15216.712819750403,58416.67918668411,Accuracy,0.01,0.017,0.05,%,Temporal,6.0,10.0,12.0,hrs,Spatial,0.5,0.75,1.0,km
249,Soil Moisture,-25.0,63.69230769230773,15236.502669796535,15236.625415754876,58436.50266979654,Accuracy,0.01,0.017,0.05,%,Temporal,6.0,10.0,12.0,hrs,Spatial,0.5,0.75,1.0,km
250,Soil Moisture,-25.0,-80.30769230769228,15442.007113931491,15442.950973135565,58642.00711393149,Accuracy,0.01,0.017,0.05,%,Temporal,6.0,10.0,12.0,hrs,Spatial,0.5,0.75,1.0,km
251,Soil Moisture,-35.0,124.13793103448276,15452.191658771946,15453.103482893868,58652.191658771946,Accuracy,0.01,0.017,0.05,%,Temporal,6.0,10.0,12.0,hrs,Spatial,0.5,0.75,1.0,km
252,Soil Moisture,0.0,-170.0,15507.839454147106,15508.490909020938,58707.839454147106,Accuracy,0.01,0.017,0.05,%,Temporal,6.0,10.0,12.0,hrs,Spatial,0.5,0.75,1.0,km
253,Soil Moisture,10.0,-159.42857142857144,15557.23874093614,15558.206117568745,58757.23874093614,Accuracy,0.01,0.017,0.05,%,Temporal,6.0,10.0,12.0,hrs,Spatial,0.5,0.75,1.0,km
254,Soil Moisture,20.0,45.67164179104484,15581.870197698494,15582.286025189553,58781.870197698496,Accuracy,0.01,0.017,0.05,%,Temporal,6.0,10.0,12.0,hrs,Spatial,0.5,0.75,1.0,km
255,Soil Moisture,-40.0,-36.00000000000007,15590.741148722473,15591.44918873757,58790.741148722474,Accuracy,0.01,0.017,0.05,%,Temporal,6.0,10.0,12.0,hrs,Spatial,0.5,0.75,1.0,km
256,Soil Moisture,10.0,-97.71428571428578,15646.510996859402,15646.65624664862,58846.510996859404,Accuracy,0.01,0.017,0.05,%,Temporal,6.0,10.0,12.0,hrs,Spatial,0.5,0.75,1.0,km
257,Soil Moisture,-10.0,66.8571428571428,15664.259123065494,15664.490273077638,58864.259123065494,Accuracy,0.01,0.017,0.05,%,Temporal,6.0,10.0,12.0,hrs,Spatial,0.5,0.75,1.0,km
258,Soil Moisture,-25.0,85.84615384615387,15691.720550277949,15691.776741940566,58891.72055027795,Accuracy,0.01,0.017,0.05,%,Temporal,6.0,10.0,12.0,hrs,Spatial,0.5,0.75,1.0,km
259,Soil Moisture,45.0,-100.80000000000007,15745.416900049637,15745.444688890704,58945.41690004964,Accuracy,0.01,0.017,0.05,%,Temporal,6.0,10.0,12.0,hrs,Spatial,0.5,0.75,1.0,km
260,Soil Moisture,40.0,-147.27272727272734,15756.578007091151,15757.069102499765,58956.57800709115,Accuracy,0.01,0.017,0.05,%,Temporal,6.0,10.0,12.0,hrs,Spatial,0.5,0.75,1.0,km
261,Soil Moisture,-20.0,-56.417910447761145,15785.062864112064,15785.321668019638,58985.062864112064,Accuracy,0.01,0.017,0.05,%,Temporal,6.0,10.0,12.0,hrs,Spatial,0.5,0.75,1.0,km
262,Soil Moisture,-35.0,117.93103448275862,15810.139177841826,15810.796770783554,59010.139177841826,Accuracy,0.01,0.017,0.05,%,Temporal,6.0,10.0,12.0,hrs,Spatial,0.5,0.75,1.0,km
263,Soil Moisture,-5.0,78.59154929577453,15851.997262499666,15852.046730227214,59051.997262499666,Accuracy,0.01,0.017,0.05,%,Temporal,6.0,10.0,12.0,hrs,Spatial,0.5,0.75,1.0,km
264,Soil Moisture,-45.0,43.19999999999996,15864.50125944847,15864.530548379498,59064.50125944847,Accuracy,0.01,0.017,0.05,%,Temporal,6.0,10.0,12.0,hrs,Spatial,0.5,0.75,1.0,km
265,Soil Moisture,-20.0,115.52238805970151,16012.002000307848,16012.253234616963,59212.002000307846,Accuracy,0.01,0.017,0.05,%,Temporal,6.0,10.0,12.0,hrs,Spatial,0.5,0.75,1.0,km
266,Soil Moisture,-40.0,-101.45454545454554,16014.685894499886,16014.768801328759,59214.68589449988,Accuracy,0.01,0.017,0.05,%,Temporal,6.0,10.0,12.0,hrs,Spatial,0.5,0.75,1.0,km
267,Soil Moisture,-20.0,131.64179104477614,16138.145928101167,16138.29826925082,59338.14592810117,Accuracy,0.01,0.017,0.05,%,Temporal,6.0,10.0,12.0,hrs,Spatial,0.5,0.75,1.0,km
268,Soil Moisture,25.0,146.76923076923077,16138.808158759452,16139.311707166344,59338.80815875945,Accuracy,0.01,0.017,0.05,%,Temporal,6.0,10.0,12.0,hrs,Spatial,0.5,0.75,1.0,km
269,Soil Moisture,25.0,157.84615384615387,16156.44665403625,16157.934712971482,59356.44665403625,Accuracy,0.01,0.017,0.05,%,Temporal,6.0,10.0,12.0,hrs,Spatial,0.5,0.75,1.0,km
270,Soil Moisture,20.0,110.14925373134332,16318.534592331618,16318.881982835366,59518.53459233162,Accuracy,0.01,0.017,0.05,%,Temporal,6.0,10.0,12.0,hrs,Spatial,0.5,0.75,1.0,km
271,Soil Moisture,-40.0,107.99999999999994,16328.107817363412,16328.12075918758,59528.107817363416,Accuracy,0.01,0.017,0.05,%,Temporal,6.0,10.0,12.0,hrs,Spatial,0.5,0.75,1.0,km
272,Soil Moisture,0.0,0.0,16416.697860584918,16416.778364759477,59616.697860584914,Accuracy,0.01,0.017,0.05,%,Temporal,6.0,10.0,12.0,hrs,Spatial,0.5,0.75,1.0,km
273,Soil Moisture,35.0,62.068965517241324,16454.34453956887,16454.911495548302,59654.34453956887,Accuracy,0.01,0.017,0.05,%,Temporal,6.0,10.0,12.0,hrs,Spatial,0.5,0.75,1.0,km
274,Soil Moisture,25.0,174.4615384615385,16458.28314469831,16458.447204520227,59658.28314469831,Accuracy,0.01,0.017,0.05,%,Temporal,6.0,10.0,12.0,hrs,Spatial,0.5,0.75,1.0,km
275,Soil Moisture,-25.0,-80.30769230769228,16480.7920456828,16481.499939122135,59680.7920456828,Accuracy,0.01,0.017,0.05,%,Temporal,6.0,10.0,12.0,hrs,Spatial,0.5,0.75,1.0,km
276,Soil Moisture,-15.000000000000002,96.52173913043474,16523.508353365403,16523.59624120808,59723.5083533654,Accuracy,0.01,0.017,0.05,%,Temporal,6.0,10.0,12.0,hrs,Spatial,0.5,0.75,1.0,km
277,Soil Moisture,-10.0,133.7142857142856,16567.057795904093,16567.931599782187,59767.05779590409,Accuracy,0.01,0.017,0.05,%,Temporal,6.0,10.0,12.0,hrs,Spatial,0.5,0.75,1.0,km
278,Soil Moisture,15.000000000000002,-54.78260869565226,16683.681936273108,16683.884608339915,59883.681936273104,Accuracy,0.01,0.017,0.05,%,Temporal,6.0,10.0,12.0,hrs,Spatial,0.5,0.75,1.0,km
279,Soil Moisture,-5.0,78.59154929577453,16811.06351342402,16811.150481222354,60011.063513424015,Accuracy,0.01,0.017,0.05,%,Temporal,6.0,10.0,12.0,hrs,Spatial,0.5,0.75,1.0,km
280,Soil Moisture,-35.0,-80.68965517241384,16857.972937705283,16858.351310089656,60057.97293770528,Accuracy,0.01,0.017,0.05,%,Temporal,6.0,10.0,12.0,hrs,Spatial,0.5,0.75,1.0,km
281,Soil Moisture,-10.0,-174.85714285714286,16887.753701371093,16888.026633197995,60087.75370137109,Accuracy,0.01,0.017,0.05,%,Temporal,6.0,10.0,12.0,hrs,Spatial,0.5,0.75,1.0,km
282,Soil Moisture,30.000000000000004,-69.6774193548386,16898.860472797474,16899.024532677482,60098.860472797474,Accuracy,0.01,0.017,0.05,%,Temporal,6.0,10.0,12.0,hrs,Spatial,0.5,0.75,1.0,km
283,Soil Moisture,30.000000000000004,23.225806451612996,16944.62548088204,16944.687271087707,60144.62548088204,Accuracy,0.01,0.017,0.05,%,Temporal,6.0,10.0,12.0,hrs,Spatial,0.5,0.75,1.0,km
284,Soil Moisture,-20.0,-126.26865671641781,16957.125586479055,16957.465727451483,60157.12558647905,Accuracy,0.01,0.017,0.05,%,Temporal,6.0,10.0,12.0,hrs,Spatial,0.5,0.75,1.0,km
285,Soil Moisture,5.0,63.38028169014074,16990.319550259206,16990.408551049666,60190.319550259206,Accuracy,0.01,0.017,0.05,%,Temporal,6.0,10.0,12.0,hrs,Spatial,0.5,0.75,1.0,km
286,Soil Moisture,-45.0,79.19999999999997,17027.48174843472,17027.710542721554,60227.48174843472,Accuracy,0.01,0.017,0.05,%,Temporal,6.0,10.0,12.0,hrs,Spatial,0.5,0.75,1.0,km
287,Soil Moisture,-25.0,-63.692307692307665,17039.00712958863,17039.33308096796,60239.00712958863,Accuracy,0.01,0.017,0.05,%,Temporal,6.0,10.0,12.0,hrs,Spatial,0.5,0.75,1.0,km
288,Soil Moisture,30.000000000000004,-46.45161290322571,17144.885225672744,17145.415852489896,60344.88522567275,Accuracy,0.01,0.017,0.05,%,Temporal,6.0,10.0,12.0,hrs,Spatial,0.5,0.75,1.0,km
289,Soil Moisture,-10.0,-164.57142857142858,17341.4023789056,17341.4086481004,60541.4023789056,Accuracy,0.01,0.017,0.05,%,Temporal,6.0,10.0,12.0,hrs,Spatial,0.5,0.75,1.0,km
290,Soil Moisture,20.0,-45.67164179104472,17471.790358141316,17472.047702120984,60671.79035814131,Accuracy,0.01,0.017,0.05,%,Temporal,6.0,10.0,12.0,hrs,Spatial,0.5,0.75,1.0,km
291,Soil Moisture,30.000000000000004,-58.06451612903216,17485.523354225832,17485.528742481914,60685.523354225836,Accuracy,0.01,0.017,0.05,%,Temporal,6.0,10.0,12.0,hrs,Spatial,0.5,0.75,1.0,km
292,Soil Moisture,-35.0,-31.034482758620733,17587.535694082162,17588.12127342851,60787.53569408216,Accuracy,0.01,0.017,0.05,%,Temporal,6.0,10.0,12.0,hrs,Spatial,0.5,0.75,1.0,km
293,Soil Moisture,15.000000000000002,23.478260869565148,17691.42520944341,17691.501671521633,60891.425209443405,Accuracy,0.01,0.017,0.05,%,Temporal,6.0,10.0,12.0,hrs,Spatial,0.5,0.75,1.0,km
294,Soil Moisture,-30.000000000000004,-46.45161290322571,17854.030859820487,17854.099700281986,61054.03085982049,Accuracy,0.01,0.017,0.05,%,Temporal,6.0,10.0,12.0,hrs,Spatial,0.5,0.75,1.0,km
295,Soil Moisture,0.0,60.00000000000001,17887.373378796394,17887.541521186908,61087.373378796394,Accuracy,0.01,0.017,0.05,%,Temporal,6.0,10.0,12.0,hrs,Spatial,0.5,0.75,1.0,km
296,Soil Moisture,-40.0,-3.272727272727338,17927.94877621148,17928.124828944576,61127.94877621148,Accuracy,0.01,0.017,0.05,%,Temporal,6.0,10.0,12.0,hrs,Spatial,0.5,0.75,1.0,km
297,Soil Moisture,10.0,56.57142857142851,18126.477824852187,18126.52766371271,61326.47782485218,Accuracy,0.01,0.017,0.05,%,Temporal,6.0,10.0,12.0,hrs,Spatial,0.5,0.75,1.0,km
298,Soil Moisture,10.0,-72.00000000000009,18182.981802541526,18183.134706564226,61382.98180254152,Accuracy,0.01,0.017,0.05,%,Temporal,6.0,10.0,12.0,hrs,Spatial,0.5,0.75,1.0,km
299,Soil Moisture,10.0,-46.28571428571436,18216.789938409864,18217.301122054247,61416.789938409864,Accuracy,0.01,0.017,0.05,%,Temporal,6.0,10.0,12.0,hrs,Spatial,0.5,0.75,1.0,km
300,Soil Moisture,25.0,-13.846153846153813,18288.16376789927,18288.223823819553,61488.16376789927,Accuracy,0.01,0.017,0.05,%,Temporal,6.0,10.0,12.0,hrs,Spatial,0.5,0.75,1.0,km
301,Soil Moisture,-35.0,-117.93103448275869,18288.742344499566,18289.676243281476,61488.742344499566,Accuracy,0.01,0.017,0.05,%,Temporal,6.0,10.0,12.0,hrs,Spatial,0.5,0.75,1.0,km
302,Soil Moisture,-40.0,101.4545454545454,18359.92550018733,18360.524189929238,61559.92550018733,Accuracy,0.01,0.017,0.05,%,Temporal,6.0,10.0,12.0,hrs,Spatial,0.5,0.75,1.0,km
303,Soil Moisture,-20.0,104.77611940298512,18458.766907672874,18459.0451509983,61658.76690767287,Accuracy,0.01,0.017,0.05,%,Temporal,6.0,10.0,12.0,hrs,Spatial,0.5,0.75,1.0,km
304,Soil Moisture,5.0,17.746478873239347,18465.228457226753,18465.849245532176,61665.22845722675,Accuracy,0.01,0.017,0.05,%,Temporal,6.0,10.0,12.0,hrs,Spatial,0.5,0.75,1.0,km
305,Soil Moisture,-10.0,-87.4285714285715,18511.255258330122,18511.297126573096,61711.25525833012,Accuracy,0.01,0.017,0.05,%,Temporal,6.0,10.0,12.0,hrs,Spatial,0.5,0.75,1.0,km
306,Soil Moisture,10.0,-41.14285714285722,18590.21061592533,18590.603041129223,61790.21061592533,Accuracy,0.01,0.017,0.05,%,Temporal,6.0,10.0,12.0,hrs,Spatial,0.5,0.75,1.0,km
307,Soil Moisture,25.0,124.61538461538461,18594.540652294418,18594.84405211245,61794.54065229442,Accuracy,0.01,0.017,0.05,%,Temporal,6.0,10.0,12.0,hrs,Spatial,0.5,0.75,1.0,km
308,Soil Moisture,-20.0,-61.791044776119364,18645.9023315639,18645.95709109918,61845.9023315639,Accuracy,0.01,0.017,0.05,%,Temporal,6.0,10.0,12.0,hrs,Spatial,0.5,0.75,1.0,km
309,Soil Moisture,-30.000000000000004,87.09677419354848,18700.193556429407,18700.51332558549,61900.1935564294,Accuracy,0.01,0.017,0.05,%,Temporal,6.0,10.0,12.0,hrs,Spatial,0.5,0.75,1.0,km
310,Soil Moisture,15.000000000000002,-169.56521739130437,18771.57288987176,18772.087321155006,61971.572889871764,Accuracy,0.01,0.017,0.05,%,Temporal,6.0,10.0,12.0,hrs,Spatial,0.5,0.75,1.0,km
311,Soil Moisture,-40.0,94.90909090909085,18845.04461762626,18845.08178518504,62045.04461762626,Accuracy,0.01,0.017,0.05,%,Temporal,6.0,10.0,12.0,hrs,Spatial,0.5,0.75,1.0,km
312,Soil Moisture,0.0,120.00000000000001,18919.59800864956,18919.651352213114,62119.59800864956,Accuracy,0.01,0.017,0.05,%,Temporal,6.0,10.0,12.0,hrs,Spatial,0.5,0.75,1.0,km
313,Soil Moisture,-45.0,-144.00000000000006,19010.86252931714,19011.212768357836,62210.86252931714,Accuracy,0.01,0.017,0.05,%,Temporal,6.0,10.0,12.0,hrs,Spatial,0.5,0.75,1.0,km
314,Soil Moisture,40.0,-166.90909090909093,19236.970089114817,19237.128545771477,62436.97008911482,Accuracy,0.01,0.017,0.05,%,Temporal,6.0,10.0,12.0,hrs,Spatial,0.5,0.75,1.0,km
315,Soil Moisture,25.0,-24.92307692307689,19267.54420136224,19268.101637348795,62467.544201362245,Accuracy,0.01,0.017,0.05,%,Temporal,6.0,10.0,12.0,hrs,Spatial,0.5,0.75,1.0,km
316,Soil Moisture,-25.0,-180.0,19400.32096008184,19400.358194394328,62600.320960081845,Accuracy,0.01,0.017,0.05,%,Temporal,6.0,10.0,12.0,hrs,Spatial,0.5,0.75,1.0,km
317,Soil Moisture,-10.0,-41.14285714285722,19444.974573836364,19445.314897932898,62644.97457383636,Accuracy,0.01,0.017,0.05,%,Temporal,6.0,10.0,12.0,hrs,Spatial,0.5,0.75,1.0,km
318,Soil Moisture,-5.0,93.80281690140832,19778.413087494588,19778.776875453368,62978.41308749459,Accuracy,0.01,0.017,0.05,%,Temporal,6.0,10.0,12.0,hrs,Spatial,0.5,0.75,1.0,km
319,Soil Moisture,-45.0,-50.40000000000005,19800.56825966394,19801.05664418165,63000.56825966394,Accuracy,0.01,0.017,0.05,%,Temporal,6.0,10.0,12.0,hrs,Spatial,0.5,0.75,1.0,km
320,Soil Moisture,-45.0,-180.0,19855.27500487856,19855.760022856633,63055.27500487856,Accuracy,0.01,0.017,0.05,%,Temporal,6.0,10.0,12.0,hrs,Spatial,0.5,0.75,1.0,km
321,Soil Moisture,0.0,-125.0,19871.119776969266,19871.207664896618,63071.119776969266,Accuracy,0.01,0.017,0.05,%,Temporal,6.0,10.0,12.0,hrs,Spatial,0.5,0.75,1.0,km
322,Soil Moisture,0.0,105.0,19925.629762991914,19925.63236033124,63125.62976299191,Accuracy,0.01,0.017,0.05,%,Temporal,6.0,10.0,12.0,hrs,Spatial,0.5,0.75,1.0,km
323,Soil Moisture,-35.0,-155.1724137931035,19959.495950593882,19959.52890439928,63159.49595059388,Accuracy,0.01,0.017,0.05,%,Temporal,6.0,10.0,12.0,hrs,Spatial,0.5,0.75,1.0,km
324,Soil Moisture,-20.0,174.6268656716419,19975.59761420515,19975.61507173369,63175.59761420515,Accuracy,0.01,0.017,0.05,%,Temporal,6.0,10.0,12.0,hrs,Spatial,0.5,0.75,1.0,km
325,Soil Moisture,15.000000000000002,96.52173913043474,20016.42194164793,20017.129683687108,63216.42194164793,Accuracy,0.01,0.017,0.05,%,Temporal,6.0,10.0,12.0,hrs,Spatial,0.5,0.75,1.0,km
326,Soil Moisture,30.000000000000004,-110.32258064516122,20110.62705879093,20110.998977361316,63310.62705879093,Accuracy,0.01,0.017,0.05,%,Temporal,6.0,10.0,12.0,hrs,Spatial,0.5,0.75,1.0,km
327,Soil Moisture,-15.000000000000002,-39.13043478260877,20111.77375550425,20112.455830399376,63311.77375550425,Accuracy,0.01,0.017,0.05,%,Temporal,6.0,10.0,12.0,hrs,Spatial,0.5,0.75,1.0,km
328,Soil Moisture,-40.0,121.09090909090904,20156.25405344683,20156.282800678513,63356.25405344683,Accuracy,0.01,0.017,0.05,%,Temporal,6.0,10.0,12.0,hrs,Spatial,0.5,0.75,1.0,km
329,Soil Moisture,-30.000000000000004,-162.5806451612903,20197.38245501313,20197.79070194266,63397.38245501313,Accuracy,0.01,0.017,0.05,%,Temporal,6.0,10.0,12.0,hrs,Spatial,0.5,0.75,1.0,km
330,Soil Moisture,-40.0,-75.27272727272735,20437.258605461837,20437.31456273102,63637.25860546184,Accuracy,0.01,0.017,0.05,%,Temporal,6.0,10.0,12.0,hrs,Spatial,0.5,0.75,1.0,km
331,Soil Moisture,-35.0,93.10344827586204,20535.99067044099,20536.03431544754,63735.99067044099,Accuracy,0.01,0.017,0.05,%,Temporal,6.0,10.0,12.0,hrs,Spatial,0.5,0.75,1.0,km
332,Soil Moisture,45.0,172.79999999999993,20639.183244415042,20639.204019979745,63839.18324441504,Accuracy,0.01,0.017,0.05,%,Temporal,6.0,10.0,12.0,hrs,Spatial,0.5,0.75,1.0,km
333,Soil Moisture,-25.0,108.0,20720.826294805418,20721.05004473554,63920.82629480542,Accuracy,0.01,0.017,0.05,%,Temporal,6.0,10.0,12.0,hrs,Spatial,0.5,0.75,1.0,km
334,Soil Moisture,5.0,129.29577464788719,20799.659785471744,20799.716754922203,63999.65978547175,Accuracy,0.01,0.017,0.05,%,Temporal,6.0,10.0,12.0,hrs,Spatial,0.5,0.75,1.0,km
335,Soil Moisture,10.0,-66.85714285714295,20889.718470507072,20890.00901587786,64089.718470507076,Accuracy,0.01,0.017,0.05,%,Temporal,6.0,10.0,12.0,hrs,Spatial,0.5,0.75,1.0,km
336,Soil Moisture,20.0,-120.89552238805962,20915.950604867947,20916.907938645527,64115.95060486795,Accuracy,0.01,0.017,0.05,%,Temporal,6.0,10.0,12.0,hrs,Spatial,0.5,0.75,1.0,km
337,Soil Moisture,20.0,-180.0,20919.481391620768,20919.568345036016,64119.48139162077,Accuracy,0.01,0.017,0.05,%,Temporal,6.0,10.0,12.0,hrs,Spatial,0.5,0.75,1.0,km
338,Soil Moisture,0.0,-55.0,20932.279344260267,20932.341098475037,64132.27934426027,Accuracy,0.01,0.017,0.05,%,Temporal,6.0,10.0,12.0,hrs,Spatial,0.5,0.75,1.0,km
339,Soil Moisture,10.0,-15.428571428571502,21019.81357109926,21019.98680007382,64219.81357109926,Accuracy,0.01,0.017,0.05,%,Temporal,6.0,10.0,12.0,hrs,Spatial,0.5,0.75,1.0,km
340,Soil Moisture,-10.0,51.42857142857137,21047.461815205817,21048.127333838853,64247.46181520582,Accuracy,0.01,0.017,0.05,%,Temporal,6.0,10.0,12.0,hrs,Spatial,0.5,0.75,1.0,km
341,Soil Moisture,20.0,-77.91044776119398,21174.38226942355,21174.419418740592,64374.38226942355,Accuracy,0.01,0.017,0.05,%,Temporal,6.0,10.0,12.0,hrs,Spatial,0.5,0.75,1.0,km
342,Soil Moisture,15.000000000000002,-18.26086956521746,21262.19776375722,21262.426151341067,64462.19776375722,Accuracy,0.01,0.017,0.05,%,Temporal,6.0,10.0,12.0,hrs,Spatial,0.5,0.75,1.0,km
343,Soil Moisture,45.0,93.59999999999998,21414.580979309467,21414.670946046008,64614.58097930947,Accuracy,0.01,0.017,0.05,%,Temporal,6.0,10.0,12.0,hrs,Spatial,0.5,0.75,1.0,km
344,Soil Moisture,0.0,5.0,21431.67184472038,21431.683212193086,64631.671844720375,Accuracy,0.01,0.017,0.05,%,Temporal,6.0,10.0,12.0,hrs,Spatial,0.5,0.75,1.0,km
345,Soil Moisture,-15.000000000000002,70.4347826086956,21479.252853900587,21479.40338226166,64679.25285390059,Accuracy,0.01,0.017,0.05,%,Temporal,6.0,10.0,12.0,hrs,Spatial,0.5,0.75,1.0,km
